Analysis & Synthesis report for motherboard
Fri Apr 24 17:23:21 2026
Quartus Prime Version 23.1std.1 Build 993 05/14/2024 SC Lite Edition


---------------------
; Table of Contents ;
---------------------
  1. Legal Notice
  2. Analysis & Synthesis Summary
  3. Analysis & Synthesis Settings
  4. Parallel Compilation
  5. Analysis & Synthesis Source Files Read
  6. Analysis & Synthesis Resource Usage Summary
  7. Analysis & Synthesis Resource Utilization by Entity
  8. Analysis & Synthesis RAM Summary
  9. Analysis & Synthesis DSP Block Usage Summary
 10. Analysis & Synthesis IP Cores Summary
 11. State Machine - |motherboard|screencard:screencard_inst|vga_adapter:vga_adpater_1|v_state
 12. State Machine - |motherboard|screencard:screencard_inst|vga_adapter:vga_adpater_1|h_state
 13. State Machine - |motherboard|PS2_MODUL:PS2_MODUL_inst|PS2_ASCII_TABLE:PS2_ASCII_TABLE_inst|state
 14. State Machine - |motherboard|PS2_MODUL:PS2_MODUL_inst|PS2_MERGE:PS2_MERGE_inst|state
 15. State Machine - |motherboard|PS2_MODUL:PS2_MODUL_inst|PS2_RAW_DATA:PS2_RAW_DATA_inst|ps2_state
 16. State Machine - |motherboard|eeprom_manager:eeprom_manager_inst|I2C_MASTER:i2c_master_inst|PHASE
 17. State Machine - |motherboard|eeprom_manager:eeprom_manager_inst|I2C_MASTER:i2c_master_inst|STATE
 18. State Machine - |motherboard|eeprom_manager:eeprom_manager_inst|eeprom_i2c_controller:eeprom_i2c_controller_inst|MODE
 19. State Machine - |motherboard|eeprom_manager:eeprom_manager_inst|eeprom_i2c_controller:eeprom_i2c_controller_inst|state_dff
 20. State Machine - |motherboard|eeprom_manager:eeprom_manager_inst|eeprom_i2c_controller:eeprom_i2c_controller_inst|STATE
 21. User-Specified and Inferred Latches
 22. Registers Removed During Synthesis
 23. Removed Registers Triggering Further Register Optimizations
 24. General Register Statistics
 25. Inverted Register Statistics
 26. Registers Packed Into Inferred Megafunctions
 27. Multiplexer Restructuring Statistics (Restructuring Performed)
 28. Source assignments for sld_signaltap:auto_signaltap_0
 29. Source assignments for memory:memory_inst|altsyncram:mem_rtl_0|altsyncram_qqq1:auto_generated
 30. Parameter Settings for User Entity Instance: Top-level Entity: |motherboard
 31. Parameter Settings for User Entity Instance: memory_support:memory_support_inst
 32. Parameter Settings for User Entity Instance: eeprom_manager:eeprom_manager_inst|eeprom_i2c_controller:eeprom_i2c_controller_inst
 33. Parameter Settings for User Entity Instance: timer_millis:timer_millis_inst
 34. Parameter Settings for User Entity Instance: PS2_MODUL:PS2_MODUL_inst|PS2_RAW_DATA:PS2_RAW_DATA_inst
 35. Parameter Settings for User Entity Instance: screencard:screencard_inst
 36. Parameter Settings for User Entity Instance: screencard:screencard_inst|vga_adapter:vga_adpater_1
 37. Parameter Settings for Inferred Entity Instance: sld_signaltap:auto_signaltap_0
 38. Parameter Settings for Inferred Entity Instance: memory:memory_inst|altsyncram:mem_rtl_0
 39. Parameter Settings for Inferred Entity Instance: screencard:screencard_inst|lpm_divide:Div0
 40. Parameter Settings for Inferred Entity Instance: clock_controller:clock_controller_inst|lpm_divide:Div0
 41. Parameter Settings for Inferred Entity Instance: clock_controller:clock_controller_inst|lpm_mult:Mult0
 42. altsyncram Parameter Settings by Entity Instance
 43. lpm_mult Parameter Settings by Entity Instance
 44. Port Connectivity Checks: "PS2_MODUL:PS2_MODUL_inst|PS2_TO_ASCII:PS2_TO_ASCII_inst"
 45. Signal Tap Logic Analyzer Settings
 46. Post-Synthesis Netlist Statistics for Top Partition
 47. Elapsed Time Per Partition
 48. Connections to In-System Debugging Instance "auto_signaltap_0"
 49. Analysis & Synthesis Messages



----------------
; Legal Notice ;
----------------
Copyright (C) 2024  Intel Corporation. All rights reserved.
Your use of Intel Corporation's design tools, logic functions 
and other software and tools, and any partner logic 
functions, and any output files from any of the foregoing 
(including device programming or simulation files), and any 
associated documentation or information are expressly subject 
to the terms and conditions of the Intel Program License 
Subscription Agreement, the Intel Quartus Prime License Agreement,
the Intel FPGA IP License Agreement, or other applicable license
agreement, including, without limitation, that your use is for
the sole purpose of programming logic devices manufactured by
Intel and sold by Intel or its authorized distributors.  Please
refer to the applicable agreement for further details, at
https://fpgasoftware.intel.com/eula.



+-------------------------------------------------------------------------------------+
; Analysis & Synthesis Summary                                                        ;
+------------------------------------+------------------------------------------------+
; Analysis & Synthesis Status        ; Successful - Fri Apr 24 17:23:20 2026          ;
; Quartus Prime Version              ; 23.1std.1 Build 993 05/14/2024 SC Lite Edition ;
; Revision Name                      ; motherboard                                    ;
; Top-level Entity Name              ; motherboard                                    ;
; Family                             ; Cyclone IV E                                   ;
; Total logic elements               ; 4,531                                          ;
;     Total combinational functions  ; 3,682                                          ;
;     Dedicated logic registers      ; 1,770                                          ;
; Total registers                    ; 1770                                           ;
; Total pins                         ; 160                                            ;
; Total virtual pins                 ; 0                                              ;
; Total memory bits                  ; 1,015,808                                      ;
; Embedded Multiplier 9-bit elements ; 3                                              ;
; Total PLLs                         ; 0                                              ;
+------------------------------------+------------------------------------------------+


+------------------------------------------------------------------------------------------------------------+
; Analysis & Synthesis Settings                                                                              ;
+------------------------------------------------------------------+--------------------+--------------------+
; Option                                                           ; Setting            ; Default Value      ;
+------------------------------------------------------------------+--------------------+--------------------+
; Device                                                           ; EP4CE115F29C7      ;                    ;
; Top-level entity name                                            ; motherboard        ; motherboard        ;
; Family name                                                      ; Cyclone IV E       ; Cyclone V          ;
; Use smart compilation                                            ; Off                ; Off                ;
; Enable parallel Assembler and Timing Analyzer during compilation ; On                 ; On                 ;
; Enable compact report table                                      ; Off                ; Off                ;
; Restructure Multiplexers                                         ; Auto               ; Auto               ;
; Create Debugging Nodes for IP Cores                              ; Off                ; Off                ;
; Preserve fewer node names                                        ; On                 ; On                 ;
; Intel FPGA IP Evaluation Mode                                    ; Enable             ; Enable             ;
; Verilog Version                                                  ; Verilog_2001       ; Verilog_2001       ;
; VHDL Version                                                     ; VHDL_1993          ; VHDL_1993          ;
; State Machine Processing                                         ; Auto               ; Auto               ;
; Safe State Machine                                               ; Off                ; Off                ;
; Extract Verilog State Machines                                   ; On                 ; On                 ;
; Extract VHDL State Machines                                      ; On                 ; On                 ;
; Ignore Verilog initial constructs                                ; Off                ; Off                ;
; Iteration limit for constant Verilog loops                       ; 5000               ; 5000               ;
; Iteration limit for non-constant Verilog loops                   ; 250                ; 250                ;
; Add Pass-Through Logic to Inferred RAMs                          ; On                 ; On                 ;
; Infer RAMs from Raw Logic                                        ; On                 ; On                 ;
; Parallel Synthesis                                               ; On                 ; On                 ;
; DSP Block Balancing                                              ; Auto               ; Auto               ;
; NOT Gate Push-Back                                               ; On                 ; On                 ;
; Power-Up Don't Care                                              ; On                 ; On                 ;
; Remove Redundant Logic Cells                                     ; Off                ; Off                ;
; Remove Duplicate Registers                                       ; On                 ; On                 ;
; Ignore CARRY Buffers                                             ; Off                ; Off                ;
; Ignore CASCADE Buffers                                           ; Off                ; Off                ;
; Ignore GLOBAL Buffers                                            ; Off                ; Off                ;
; Ignore ROW GLOBAL Buffers                                        ; Off                ; Off                ;
; Ignore LCELL Buffers                                             ; Off                ; Off                ;
; Ignore SOFT Buffers                                              ; On                 ; On                 ;
; Limit AHDL Integers to 32 Bits                                   ; Off                ; Off                ;
; Optimization Technique                                           ; Balanced           ; Balanced           ;
; Carry Chain Length                                               ; 70                 ; 70                 ;
; Auto Carry Chains                                                ; On                 ; On                 ;
; Auto Open-Drain Pins                                             ; On                 ; On                 ;
; Perform WYSIWYG Primitive Resynthesis                            ; Off                ; Off                ;
; Auto ROM Replacement                                             ; On                 ; On                 ;
; Auto RAM Replacement                                             ; On                 ; On                 ;
; Auto DSP Block Replacement                                       ; On                 ; On                 ;
; Auto Shift Register Replacement                                  ; Auto               ; Auto               ;
; Allow Shift Register Merging across Hierarchies                  ; Auto               ; Auto               ;
; Auto Clock Enable Replacement                                    ; On                 ; On                 ;
; Strict RAM Replacement                                           ; Off                ; Off                ;
; Allow Synchronous Control Signals                                ; On                 ; On                 ;
; Force Use of Synchronous Clear Signals                           ; Off                ; Off                ;
; Auto RAM Block Balancing                                         ; On                 ; On                 ;
; Auto RAM to Logic Cell Conversion                                ; Off                ; Off                ;
; Auto Resource Sharing                                            ; Off                ; Off                ;
; Allow Any RAM Size For Recognition                               ; Off                ; Off                ;
; Allow Any ROM Size For Recognition                               ; Off                ; Off                ;
; Allow Any Shift Register Size For Recognition                    ; Off                ; Off                ;
; Use LogicLock Constraints during Resource Balancing              ; On                 ; On                 ;
; Ignore translate_off and synthesis_off directives                ; Off                ; Off                ;
; Timing-Driven Synthesis                                          ; On                 ; On                 ;
; Report Parameter Settings                                        ; On                 ; On                 ;
; Report Source Assignments                                        ; On                 ; On                 ;
; Report Connectivity Checks                                       ; On                 ; On                 ;
; Ignore Maximum Fan-Out Assignments                               ; Off                ; Off                ;
; Synchronization Register Chain Length                            ; 2                  ; 2                  ;
; Power Optimization During Synthesis                              ; Normal compilation ; Normal compilation ;
; HDL message level                                                ; Level2             ; Level2             ;
; Suppress Register Optimization Related Messages                  ; Off                ; Off                ;
; Number of Removed Registers Reported in Synthesis Report         ; 5000               ; 5000               ;
; Number of Swept Nodes Reported in Synthesis Report               ; 5000               ; 5000               ;
; Number of Inverted Registers Reported in Synthesis Report        ; 100                ; 100                ;
; Clock MUX Protection                                             ; On                 ; On                 ;
; Auto Gated Clock Conversion                                      ; Off                ; Off                ;
; Block Design Naming                                              ; Auto               ; Auto               ;
; SDC constraint protection                                        ; Off                ; Off                ;
; Synthesis Effort                                                 ; Auto               ; Auto               ;
; Shift Register Replacement - Allow Asynchronous Clear Signal     ; On                 ; On                 ;
; Pre-Mapping Resynthesis Optimization                             ; Off                ; Off                ;
; Analysis & Synthesis Message Level                               ; Medium             ; Medium             ;
; Disable Register Merging Across Hierarchies                      ; Auto               ; Auto               ;
; Resource Aware Inference For Block RAM                           ; On                 ; On                 ;
+------------------------------------------------------------------+--------------------+--------------------+


+------------------------------------------+
; Parallel Compilation                     ;
+----------------------------+-------------+
; Processors                 ; Number      ;
+----------------------------+-------------+
; Number detected on machine ; 16          ;
; Maximum allowed            ; 16          ;
;                            ;             ;
; Average used               ; 1.00        ;
; Maximum used               ; 16          ;
;                            ;             ;
; Usage by Processor         ; % Time Used ;
;     Processor 1            ; 100.0%      ;
;     Processor 2            ;   0.0%      ;
;     Processor 3            ;   0.0%      ;
;     Processor 4            ;   0.0%      ;
;     Processor 5            ;   0.0%      ;
;     Processor 6            ;   0.0%      ;
;     Processor 7            ;   0.0%      ;
;     Processor 8            ;   0.0%      ;
;     Processors 9-16        ;   0.0%      ;
+----------------------------+-------------+


+--------------------------------------------------------------------------------------------------------------------------------------------------------------------------------------------------------------------------------------------------------------+
; Analysis & Synthesis Source Files Read                                                                                                                                                                                                                       ;
+--------------------------------------------------------------------+-----------------+----------------------------------------------+----------------------------------------------------------------------------------------------------------+-------------+
; File Name with User-Entered Path                                   ; Used in Netlist ; File Type                                    ; File Name with Absolute Path                                                                             ; Library     ;
+--------------------------------------------------------------------+-----------------+----------------------------------------------+----------------------------------------------------------------------------------------------------------+-------------+
; motherboard.vhd                                                    ; yes             ; Auto-Found VHDL File                         ; C:/Bachlor/FPGA_ROT/motherboard_ver_1/motherboard.vhd                                                    ;             ;
; memory_support.vhd                                                 ; yes             ; Auto-Found VHDL File                         ; C:/Bachlor/FPGA_ROT/motherboard_ver_1/memory_support.vhd                                                 ;             ;
; memory.vhd                                                         ; yes             ; Auto-Found VHDL File                         ; C:/Bachlor/FPGA_ROT/motherboard_ver_1/memory.vhd                                                         ;             ;
; eeprom_manager.vhd                                                 ; yes             ; Auto-Found VHDL File                         ; C:/Bachlor/FPGA_ROT/motherboard_ver_1/eeprom_manager.vhd                                                 ;             ;
; eeprom_i2c_controller.vhd                                          ; yes             ; Auto-Found VHDL File                         ; C:/Bachlor/FPGA_ROT/motherboard_ver_1/eeprom_i2c_controller.vhd                                          ;             ;
; i2c_master.vhd                                                     ; yes             ; Auto-Found VHDL File                         ; C:/Bachlor/FPGA_ROT/motherboard_ver_1/i2c_master.vhd                                                     ;             ;
; dff_synk.vhd                                                       ; yes             ; Auto-Found VHDL File                         ; C:/Bachlor/FPGA_ROT/motherboard_ver_1/dff_synk.vhd                                                       ;             ;
; clock_controller.vhd                                               ; yes             ; Auto-Found VHDL File                         ; C:/Bachlor/FPGA_ROT/motherboard_ver_1/clock_controller.vhd                                               ;             ;
; antibounce_key.vhd                                                 ; yes             ; Auto-Found VHDL File                         ; C:/Bachlor/FPGA_ROT/motherboard_ver_1/antibounce_key.vhd                                                 ;             ;
; timer_millis.vhd                                                   ; yes             ; Auto-Found VHDL File                         ; C:/Bachlor/FPGA_ROT/motherboard_ver_1/timer_millis.vhd                                                   ;             ;
; random.vhd                                                         ; yes             ; Auto-Found VHDL File                         ; C:/Bachlor/FPGA_ROT/motherboard_ver_1/random.vhd                                                         ;             ;
; ps2_modul.vhd                                                      ; yes             ; Auto-Found VHDL File                         ; C:/Bachlor/FPGA_ROT/motherboard_ver_1/ps2_modul.vhd                                                      ;             ;
; antibounce.vhd                                                     ; yes             ; Auto-Found VHDL File                         ; C:/Bachlor/FPGA_ROT/motherboard_ver_1/antibounce.vhd                                                     ;             ;
; ps2_raw_data.vhd                                                   ; yes             ; Auto-Found VHDL File                         ; C:/Bachlor/FPGA_ROT/motherboard_ver_1/ps2_raw_data.vhd                                                   ;             ;
; falling_edge_detector.vhd                                          ; yes             ; Auto-Found VHDL File                         ; C:/Bachlor/FPGA_ROT/motherboard_ver_1/falling_edge_detector.vhd                                          ;             ;
; ps2_merge.vhd                                                      ; yes             ; Auto-Found VHDL File                         ; C:/Bachlor/FPGA_ROT/motherboard_ver_1/ps2_merge.vhd                                                      ;             ;
; rising_edge_detector.vhd                                           ; yes             ; Auto-Found VHDL File                         ; C:/Bachlor/FPGA_ROT/motherboard_ver_1/rising_edge_detector.vhd                                           ;             ;
; ps2_to_ascii.vhd                                                   ; yes             ; Auto-Found VHDL File                         ; C:/Bachlor/FPGA_ROT/motherboard_ver_1/ps2_to_ascii.vhd                                                   ;             ;
; ps2_ascii_table.vhd                                                ; yes             ; Auto-Found VHDL File                         ; C:/Bachlor/FPGA_ROT/motherboard_ver_1/ps2_ascii_table.vhd                                                ;             ;
; screencard.vhd                                                     ; yes             ; Auto-Found VHDL File                         ; C:/Bachlor/FPGA_ROT/motherboard_ver_1/screencard.vhd                                                     ;             ;
; vga_adapter.vhd                                                    ; yes             ; Auto-Found VHDL File                         ; C:/Bachlor/FPGA_ROT/motherboard_ver_1/vga_adapter.vhd                                                    ;             ;
; font.vhd                                                           ; yes             ; Auto-Found VHDL File                         ; C:/Bachlor/FPGA_ROT/motherboard_ver_1/font.vhd                                                           ;             ;
; sld_signaltap.vhd                                                  ; yes             ; Megafunction                                 ; c:/intelfpga_lite/23.1std/quartus/libraries/megafunctions/sld_signaltap.vhd                              ;             ;
; sld_signaltap_impl.vhd                                             ; yes             ; Encrypted Megafunction                       ; c:/intelfpga_lite/23.1std/quartus/libraries/megafunctions/sld_signaltap_impl.vhd                         ;             ;
; sld_ela_control.vhd                                                ; yes             ; Encrypted Megafunction                       ; c:/intelfpga_lite/23.1std/quartus/libraries/megafunctions/sld_ela_control.vhd                            ;             ;
; lpm_shiftreg.tdf                                                   ; yes             ; Megafunction                                 ; c:/intelfpga_lite/23.1std/quartus/libraries/megafunctions/lpm_shiftreg.tdf                               ;             ;
; lpm_constant.inc                                                   ; yes             ; Megafunction                                 ; c:/intelfpga_lite/23.1std/quartus/libraries/megafunctions/lpm_constant.inc                               ;             ;
; dffeea.inc                                                         ; yes             ; Megafunction                                 ; c:/intelfpga_lite/23.1std/quartus/libraries/megafunctions/dffeea.inc                                     ;             ;
; aglobal231.inc                                                     ; yes             ; Megafunction                                 ; c:/intelfpga_lite/23.1std/quartus/libraries/megafunctions/aglobal231.inc                                 ;             ;
; sld_mbpmg.vhd                                                      ; yes             ; Encrypted Megafunction                       ; c:/intelfpga_lite/23.1std/quartus/libraries/megafunctions/sld_mbpmg.vhd                                  ;             ;
; sld_ela_trigger_flow_mgr.vhd                                       ; yes             ; Encrypted Megafunction                       ; c:/intelfpga_lite/23.1std/quartus/libraries/megafunctions/sld_ela_trigger_flow_mgr.vhd                   ;             ;
; sld_buffer_manager.vhd                                             ; yes             ; Encrypted Megafunction                       ; c:/intelfpga_lite/23.1std/quartus/libraries/megafunctions/sld_buffer_manager.vhd                         ;             ;
; altsyncram.tdf                                                     ; yes             ; Megafunction                                 ; c:/intelfpga_lite/23.1std/quartus/libraries/megafunctions/altsyncram.tdf                                 ;             ;
; stratix_ram_block.inc                                              ; yes             ; Megafunction                                 ; c:/intelfpga_lite/23.1std/quartus/libraries/megafunctions/stratix_ram_block.inc                          ;             ;
; lpm_mux.inc                                                        ; yes             ; Megafunction                                 ; c:/intelfpga_lite/23.1std/quartus/libraries/megafunctions/lpm_mux.inc                                    ;             ;
; lpm_decode.inc                                                     ; yes             ; Megafunction                                 ; c:/intelfpga_lite/23.1std/quartus/libraries/megafunctions/lpm_decode.inc                                 ;             ;
; a_rdenreg.inc                                                      ; yes             ; Megafunction                                 ; c:/intelfpga_lite/23.1std/quartus/libraries/megafunctions/a_rdenreg.inc                                  ;             ;
; altrom.inc                                                         ; yes             ; Megafunction                                 ; c:/intelfpga_lite/23.1std/quartus/libraries/megafunctions/altrom.inc                                     ;             ;
; altram.inc                                                         ; yes             ; Megafunction                                 ; c:/intelfpga_lite/23.1std/quartus/libraries/megafunctions/altram.inc                                     ;             ;
; altdpram.inc                                                       ; yes             ; Megafunction                                 ; c:/intelfpga_lite/23.1std/quartus/libraries/megafunctions/altdpram.inc                                   ;             ;
; db/altsyncram_eb24.tdf                                             ; yes             ; Auto-Generated Megafunction                  ; C:/Bachlor/FPGA_ROT/motherboard_ver_1/db/altsyncram_eb24.tdf                                             ;             ;
; altdpram.tdf                                                       ; yes             ; Megafunction                                 ; c:/intelfpga_lite/23.1std/quartus/libraries/megafunctions/altdpram.tdf                                   ;             ;
; memmodes.inc                                                       ; yes             ; Megafunction                                 ; c:/intelfpga_lite/23.1std/quartus/libraries/others/maxplus2/memmodes.inc                                 ;             ;
; a_hdffe.inc                                                        ; yes             ; Megafunction                                 ; c:/intelfpga_lite/23.1std/quartus/libraries/megafunctions/a_hdffe.inc                                    ;             ;
; alt_le_rden_reg.inc                                                ; yes             ; Megafunction                                 ; c:/intelfpga_lite/23.1std/quartus/libraries/megafunctions/alt_le_rden_reg.inc                            ;             ;
; altsyncram.inc                                                     ; yes             ; Megafunction                                 ; c:/intelfpga_lite/23.1std/quartus/libraries/megafunctions/altsyncram.inc                                 ;             ;
; lpm_mux.tdf                                                        ; yes             ; Megafunction                                 ; c:/intelfpga_lite/23.1std/quartus/libraries/megafunctions/lpm_mux.tdf                                    ;             ;
; muxlut.inc                                                         ; yes             ; Megafunction                                 ; c:/intelfpga_lite/23.1std/quartus/libraries/megafunctions/muxlut.inc                                     ;             ;
; bypassff.inc                                                       ; yes             ; Megafunction                                 ; c:/intelfpga_lite/23.1std/quartus/libraries/megafunctions/bypassff.inc                                   ;             ;
; altshift.inc                                                       ; yes             ; Megafunction                                 ; c:/intelfpga_lite/23.1std/quartus/libraries/megafunctions/altshift.inc                                   ;             ;
; db/mux_vsc.tdf                                                     ; yes             ; Auto-Generated Megafunction                  ; C:/Bachlor/FPGA_ROT/motherboard_ver_1/db/mux_vsc.tdf                                                     ;             ;
; lpm_decode.tdf                                                     ; yes             ; Megafunction                                 ; c:/intelfpga_lite/23.1std/quartus/libraries/megafunctions/lpm_decode.tdf                                 ;             ;
; declut.inc                                                         ; yes             ; Megafunction                                 ; c:/intelfpga_lite/23.1std/quartus/libraries/megafunctions/declut.inc                                     ;             ;
; lpm_compare.inc                                                    ; yes             ; Megafunction                                 ; c:/intelfpga_lite/23.1std/quartus/libraries/megafunctions/lpm_compare.inc                                ;             ;
; db/decode_dvf.tdf                                                  ; yes             ; Auto-Generated Megafunction                  ; C:/Bachlor/FPGA_ROT/motherboard_ver_1/db/decode_dvf.tdf                                                  ;             ;
; lpm_counter.tdf                                                    ; yes             ; Megafunction                                 ; c:/intelfpga_lite/23.1std/quartus/libraries/megafunctions/lpm_counter.tdf                                ;             ;
; lpm_add_sub.inc                                                    ; yes             ; Megafunction                                 ; c:/intelfpga_lite/23.1std/quartus/libraries/megafunctions/lpm_add_sub.inc                                ;             ;
; cmpconst.inc                                                       ; yes             ; Megafunction                                 ; c:/intelfpga_lite/23.1std/quartus/libraries/megafunctions/cmpconst.inc                                   ;             ;
; lpm_counter.inc                                                    ; yes             ; Megafunction                                 ; c:/intelfpga_lite/23.1std/quartus/libraries/megafunctions/lpm_counter.inc                                ;             ;
; alt_counter_stratix.inc                                            ; yes             ; Megafunction                                 ; c:/intelfpga_lite/23.1std/quartus/libraries/megafunctions/alt_counter_stratix.inc                        ;             ;
; db/cntr_ggi.tdf                                                    ; yes             ; Auto-Generated Megafunction                  ; C:/Bachlor/FPGA_ROT/motherboard_ver_1/db/cntr_ggi.tdf                                                    ;             ;
; db/cmpr_sgc.tdf                                                    ; yes             ; Auto-Generated Megafunction                  ; C:/Bachlor/FPGA_ROT/motherboard_ver_1/db/cmpr_sgc.tdf                                                    ;             ;
; db/cntr_o9j.tdf                                                    ; yes             ; Auto-Generated Megafunction                  ; C:/Bachlor/FPGA_ROT/motherboard_ver_1/db/cntr_o9j.tdf                                                    ;             ;
; db/cntr_igi.tdf                                                    ; yes             ; Auto-Generated Megafunction                  ; C:/Bachlor/FPGA_ROT/motherboard_ver_1/db/cntr_igi.tdf                                                    ;             ;
; db/cmpr_rgc.tdf                                                    ; yes             ; Auto-Generated Megafunction                  ; C:/Bachlor/FPGA_ROT/motherboard_ver_1/db/cmpr_rgc.tdf                                                    ;             ;
; db/cntr_23j.tdf                                                    ; yes             ; Auto-Generated Megafunction                  ; C:/Bachlor/FPGA_ROT/motherboard_ver_1/db/cntr_23j.tdf                                                    ;             ;
; db/cmpr_ngc.tdf                                                    ; yes             ; Auto-Generated Megafunction                  ; C:/Bachlor/FPGA_ROT/motherboard_ver_1/db/cmpr_ngc.tdf                                                    ;             ;
; sld_rom_sr.vhd                                                     ; yes             ; Encrypted Megafunction                       ; c:/intelfpga_lite/23.1std/quartus/libraries/megafunctions/sld_rom_sr.vhd                                 ;             ;
; sld_jtag_endpoint_adapter.vhd                                      ; yes             ; Encrypted Megafunction                       ; c:/intelfpga_lite/23.1std/quartus/libraries/megafunctions/sld_jtag_endpoint_adapter.vhd                  ;             ;
; sld_jtag_endpoint_adapter_impl.sv                                  ; yes             ; Encrypted Megafunction                       ; c:/intelfpga_lite/23.1std/quartus/libraries/megafunctions/sld_jtag_endpoint_adapter_impl.sv              ;             ;
; sld_hub.vhd                                                        ; yes             ; Encrypted Megafunction                       ; c:/intelfpga_lite/23.1std/quartus/libraries/megafunctions/sld_hub.vhd                                    ; altera_sld  ;
; db/ip/sld3c1b59f4/alt_sld_fab.v                                    ; yes             ; Encrypted Auto-Found Verilog HDL File        ; C:/Bachlor/FPGA_ROT/motherboard_ver_1/db/ip/sld3c1b59f4/alt_sld_fab.v                                    ; alt_sld_fab ;
; db/ip/sld3c1b59f4/submodules/alt_sld_fab_alt_sld_fab.v             ; yes             ; Encrypted Auto-Found Verilog HDL File        ; C:/Bachlor/FPGA_ROT/motherboard_ver_1/db/ip/sld3c1b59f4/submodules/alt_sld_fab_alt_sld_fab.v             ; alt_sld_fab ;
; db/ip/sld3c1b59f4/submodules/alt_sld_fab_alt_sld_fab_ident.sv      ; yes             ; Auto-Found SystemVerilog HDL File            ; C:/Bachlor/FPGA_ROT/motherboard_ver_1/db/ip/sld3c1b59f4/submodules/alt_sld_fab_alt_sld_fab_ident.sv      ; alt_sld_fab ;
; db/ip/sld3c1b59f4/submodules/alt_sld_fab_alt_sld_fab_presplit.sv   ; yes             ; Encrypted Auto-Found SystemVerilog HDL File  ; C:/Bachlor/FPGA_ROT/motherboard_ver_1/db/ip/sld3c1b59f4/submodules/alt_sld_fab_alt_sld_fab_presplit.sv   ; alt_sld_fab ;
; db/ip/sld3c1b59f4/submodules/alt_sld_fab_alt_sld_fab_sldfabric.vhd ; yes             ; Encrypted Auto-Found VHDL File               ; C:/Bachlor/FPGA_ROT/motherboard_ver_1/db/ip/sld3c1b59f4/submodules/alt_sld_fab_alt_sld_fab_sldfabric.vhd ; alt_sld_fab ;
; db/ip/sld3c1b59f4/submodules/alt_sld_fab_alt_sld_fab_splitter.sv   ; yes             ; Encrypted Auto-Found SystemVerilog HDL File  ; C:/Bachlor/FPGA_ROT/motherboard_ver_1/db/ip/sld3c1b59f4/submodules/alt_sld_fab_alt_sld_fab_splitter.sv   ; alt_sld_fab ;
; sld_jtag_hub.vhd                                                   ; yes             ; Encrypted Megafunction                       ; c:/intelfpga_lite/23.1std/quartus/libraries/megafunctions/sld_jtag_hub.vhd                               ;             ;
; db/altsyncram_qqq1.tdf                                             ; yes             ; Auto-Generated Megafunction                  ; C:/Bachlor/FPGA_ROT/motherboard_ver_1/db/altsyncram_qqq1.tdf                                             ;             ;
; memory.hex                                                         ; yes             ; Auto-Found Memory Initialization File        ; C:/Bachlor/FPGA_ROT/motherboard_ver_1/memory.hex                                                         ;             ;
; db/decode_rsa.tdf                                                  ; yes             ; Auto-Generated Megafunction                  ; C:/Bachlor/FPGA_ROT/motherboard_ver_1/db/decode_rsa.tdf                                                  ;             ;
; db/decode_k8a.tdf                                                  ; yes             ; Auto-Generated Megafunction                  ; C:/Bachlor/FPGA_ROT/motherboard_ver_1/db/decode_k8a.tdf                                                  ;             ;
; db/mux_bnb.tdf                                                     ; yes             ; Auto-Generated Megafunction                  ; C:/Bachlor/FPGA_ROT/motherboard_ver_1/db/mux_bnb.tdf                                                     ;             ;
; lpm_divide.tdf                                                     ; yes             ; Megafunction                                 ; c:/intelfpga_lite/23.1std/quartus/libraries/megafunctions/lpm_divide.tdf                                 ;             ;
; abs_divider.inc                                                    ; yes             ; Megafunction                                 ; c:/intelfpga_lite/23.1std/quartus/libraries/megafunctions/abs_divider.inc                                ;             ;
; sign_div_unsign.inc                                                ; yes             ; Megafunction                                 ; c:/intelfpga_lite/23.1std/quartus/libraries/megafunctions/sign_div_unsign.inc                            ;             ;
; db/lpm_divide_khm.tdf                                              ; yes             ; Auto-Generated Megafunction                  ; C:/Bachlor/FPGA_ROT/motherboard_ver_1/db/lpm_divide_khm.tdf                                              ;             ;
; db/sign_div_unsign_ckh.tdf                                         ; yes             ; Auto-Generated Megafunction                  ; C:/Bachlor/FPGA_ROT/motherboard_ver_1/db/sign_div_unsign_ckh.tdf                                         ;             ;
; db/alt_u_div_c4f.tdf                                               ; yes             ; Auto-Generated Megafunction                  ; C:/Bachlor/FPGA_ROT/motherboard_ver_1/db/alt_u_div_c4f.tdf                                               ;             ;
; db/add_sub_7pc.tdf                                                 ; yes             ; Auto-Generated Megafunction                  ; C:/Bachlor/FPGA_ROT/motherboard_ver_1/db/add_sub_7pc.tdf                                                 ;             ;
; db/add_sub_8pc.tdf                                                 ; yes             ; Auto-Generated Megafunction                  ; C:/Bachlor/FPGA_ROT/motherboard_ver_1/db/add_sub_8pc.tdf                                                 ;             ;
; db/lpm_divide_6jm.tdf                                              ; yes             ; Auto-Generated Megafunction                  ; C:/Bachlor/FPGA_ROT/motherboard_ver_1/db/lpm_divide_6jm.tdf                                              ;             ;
; db/sign_div_unsign_ulh.tdf                                         ; yes             ; Auto-Generated Megafunction                  ; C:/Bachlor/FPGA_ROT/motherboard_ver_1/db/sign_div_unsign_ulh.tdf                                         ;             ;
; db/alt_u_div_g7f.tdf                                               ; yes             ; Auto-Generated Megafunction                  ; C:/Bachlor/FPGA_ROT/motherboard_ver_1/db/alt_u_div_g7f.tdf                                               ;             ;
; lpm_mult.tdf                                                       ; yes             ; Megafunction                                 ; c:/intelfpga_lite/23.1std/quartus/libraries/megafunctions/lpm_mult.tdf                                   ;             ;
; multcore.inc                                                       ; yes             ; Megafunction                                 ; c:/intelfpga_lite/23.1std/quartus/libraries/megafunctions/multcore.inc                                   ;             ;
; db/mult_obt.tdf                                                    ; yes             ; Auto-Generated Megafunction                  ; C:/Bachlor/FPGA_ROT/motherboard_ver_1/db/mult_obt.tdf                                                    ;             ;
+--------------------------------------------------------------------+-----------------+----------------------------------------------+----------------------------------------------------------------------------------------------------------+-------------+


+--------------------------------------------------------------+
; Analysis & Synthesis Resource Usage Summary                  ;
+---------------------------------------------+----------------+
; Resource                                    ; Usage          ;
+---------------------------------------------+----------------+
; Estimated Total logic elements              ; 4,531          ;
;                                             ;                ;
; Total combinational functions               ; 3682           ;
; Logic element usage by number of LUT inputs ;                ;
;     -- 4 input functions                    ; 2055           ;
;     -- 3 input functions                    ; 744            ;
;     -- <=2 input functions                  ; 883            ;
;                                             ;                ;
; Logic elements by mode                      ;                ;
;     -- normal mode                          ; 3218           ;
;     -- arithmetic mode                      ; 464            ;
;                                             ;                ;
; Total registers                             ; 1770           ;
;     -- Dedicated logic registers            ; 1770           ;
;     -- I/O registers                        ; 0              ;
;                                             ;                ;
; I/O pins                                    ; 160            ;
; Total memory bits                           ; 1015808        ;
;                                             ;                ;
; Embedded Multiplier 9-bit elements          ; 3              ;
;                                             ;                ;
; Maximum fan-out node                        ; CLOCK_50~input ;
; Maximum fan-out                             ; 1200           ;
; Total fan-out                               ; 21453          ;
; Average fan-out                             ; 3.60           ;
+---------------------------------------------+----------------+


+---------------------------------------------------------------------------------------------------------------------------------------------------------------------------------------------------------------------------------------------------------------------------------------------------------------------------------------------------------------------------------------------------------------------------------------------------------------------------------------------------------------------------------------------------------------------------------------------------------------------------------------------------------------------------------+
; Analysis & Synthesis Resource Utilization by Entity                                                                                                                                                                                                                                                                                                                                                                                                                                                                                                                                                                                                                             ;
+-----------------------------------------------------------------------------------------------------------------------------------------+---------------------+---------------------------+-------------+--------------+---------+-----------+------+--------------+---------------------------------------------------------------------------------------------------------------------------------------------------------------------------------------------------------------------------------------------------------------------------------------------------------------------------------------------------------+-----------------------------------+--------------+
; Compilation Hierarchy Node                                                                                                              ; Combinational ALUTs ; Dedicated Logic Registers ; Memory Bits ; DSP Elements ; DSP 9x9 ; DSP 18x18 ; Pins ; Virtual Pins ; Full Hierarchy Name                                                                                                                                                                                                                                                                                                                                     ; Entity Name                       ; Library Name ;
+-----------------------------------------------------------------------------------------------------------------------------------------+---------------------+---------------------------+-------------+--------------+---------+-----------+------+--------------+---------------------------------------------------------------------------------------------------------------------------------------------------------------------------------------------------------------------------------------------------------------------------------------------------------------------------------------------------------+-----------------------------------+--------------+
; |motherboard                                                                                                                            ; 3682 (9)            ; 1770 (0)                  ; 1015808     ; 3            ; 1       ; 1         ; 160  ; 0            ; |motherboard                                                                                                                                                                                                                                                                                                                                            ; motherboard                       ; work         ;
;    |PS2_MODUL:PS2_MODUL_inst|                                                                                                           ; 215 (0)             ; 62 (0)                    ; 0           ; 0            ; 0       ; 0         ; 0    ; 0            ; |motherboard|PS2_MODUL:PS2_MODUL_inst                                                                                                                                                                                                                                                                                                                   ; PS2_MODUL                         ; work         ;
;       |PS2_ASCII_TABLE:PS2_ASCII_TABLE_inst|                                                                                            ; 215 (213)           ; 62 (60)                   ; 0           ; 0            ; 0       ; 0         ; 0    ; 0            ; |motherboard|PS2_MODUL:PS2_MODUL_inst|PS2_ASCII_TABLE:PS2_ASCII_TABLE_inst                                                                                                                                                                                                                                                                              ; PS2_ASCII_TABLE                   ; work         ;
;          |rising_edge_detector:en_rising_edge_detector|                                                                                 ; 2 (2)               ; 2 (2)                     ; 0           ; 0            ; 0       ; 0         ; 0    ; 0            ; |motherboard|PS2_MODUL:PS2_MODUL_inst|PS2_ASCII_TABLE:PS2_ASCII_TABLE_inst|rising_edge_detector:en_rising_edge_detector                                                                                                                                                                                                                                 ; rising_edge_detector              ; work         ;
;    |clock_controller:clock_controller_inst|                                                                                             ; 593 (158)           ; 79 (65)                   ; 0           ; 3            ; 1       ; 1         ; 0    ; 0            ; |motherboard|clock_controller:clock_controller_inst                                                                                                                                                                                                                                                                                                     ; clock_controller                  ; work         ;
;       |antibounce_key:antibounced_key_inst|                                                                                             ; 19 (19)             ; 14 (14)                   ; 0           ; 0            ; 0       ; 0         ; 0    ; 0            ; |motherboard|clock_controller:clock_controller_inst|antibounce_key:antibounced_key_inst                                                                                                                                                                                                                                                                 ; antibounce_key                    ; work         ;
;       |lpm_divide:Div0|                                                                                                                 ; 402 (0)             ; 0 (0)                     ; 0           ; 0            ; 0       ; 0         ; 0    ; 0            ; |motherboard|clock_controller:clock_controller_inst|lpm_divide:Div0                                                                                                                                                                                                                                                                                     ; lpm_divide                        ; work         ;
;          |lpm_divide_6jm:auto_generated|                                                                                                ; 402 (0)             ; 0 (0)                     ; 0           ; 0            ; 0       ; 0         ; 0    ; 0            ; |motherboard|clock_controller:clock_controller_inst|lpm_divide:Div0|lpm_divide_6jm:auto_generated                                                                                                                                                                                                                                                       ; lpm_divide_6jm                    ; work         ;
;             |sign_div_unsign_ulh:divider|                                                                                               ; 402 (0)             ; 0 (0)                     ; 0           ; 0            ; 0       ; 0         ; 0    ; 0            ; |motherboard|clock_controller:clock_controller_inst|lpm_divide:Div0|lpm_divide_6jm:auto_generated|sign_div_unsign_ulh:divider                                                                                                                                                                                                                           ; sign_div_unsign_ulh               ; work         ;
;                |alt_u_div_g7f:divider|                                                                                                  ; 402 (402)           ; 0 (0)                     ; 0           ; 0            ; 0       ; 0         ; 0    ; 0            ; |motherboard|clock_controller:clock_controller_inst|lpm_divide:Div0|lpm_divide_6jm:auto_generated|sign_div_unsign_ulh:divider|alt_u_div_g7f:divider                                                                                                                                                                                                     ; alt_u_div_g7f                     ; work         ;
;       |lpm_mult:Mult0|                                                                                                                  ; 14 (0)              ; 0 (0)                     ; 0           ; 3            ; 1       ; 1         ; 0    ; 0            ; |motherboard|clock_controller:clock_controller_inst|lpm_mult:Mult0                                                                                                                                                                                                                                                                                      ; lpm_mult                          ; work         ;
;          |mult_obt:auto_generated|                                                                                                      ; 14 (14)             ; 0 (0)                     ; 0           ; 3            ; 1       ; 1         ; 0    ; 0            ; |motherboard|clock_controller:clock_controller_inst|lpm_mult:Mult0|mult_obt:auto_generated                                                                                                                                                                                                                                                              ; mult_obt                          ; work         ;
;    |eeprom_manager:eeprom_manager_inst|                                                                                                 ; 213 (0)             ; 143 (0)                   ; 0           ; 0            ; 0       ; 0         ; 0    ; 0            ; |motherboard|eeprom_manager:eeprom_manager_inst                                                                                                                                                                                                                                                                                                         ; eeprom_manager                    ; work         ;
;       |I2C_MASTER:i2c_master_inst|                                                                                                      ; 93 (93)             ; 57 (55)                   ; 0           ; 0            ; 0       ; 0         ; 0    ; 0            ; |motherboard|eeprom_manager:eeprom_manager_inst|I2C_MASTER:i2c_master_inst                                                                                                                                                                                                                                                                              ; I2C_MASTER                        ; work         ;
;          |dff_synk:c_dff_synk|                                                                                                          ; 0 (0)               ; 2 (2)                     ; 0           ; 0            ; 0       ; 0         ; 0    ; 0            ; |motherboard|eeprom_manager:eeprom_manager_inst|I2C_MASTER:i2c_master_inst|dff_synk:c_dff_synk                                                                                                                                                                                                                                                          ; dff_synk                          ; work         ;
;       |eeprom_i2c_controller:eeprom_i2c_controller_inst|                                                                                ; 120 (120)           ; 86 (86)                   ; 0           ; 0            ; 0       ; 0         ; 0    ; 0            ; |motherboard|eeprom_manager:eeprom_manager_inst|eeprom_i2c_controller:eeprom_i2c_controller_inst                                                                                                                                                                                                                                                        ; eeprom_i2c_controller             ; work         ;
;    |memory:memory_inst|                                                                                                                 ; 84 (0)              ; 5 (0)                     ; 524288      ; 0            ; 0       ; 0         ; 0    ; 0            ; |motherboard|memory:memory_inst                                                                                                                                                                                                                                                                                                                         ; memory                            ; work         ;
;       |altsyncram:mem_rtl_0|                                                                                                            ; 84 (0)              ; 5 (0)                     ; 524288      ; 0            ; 0       ; 0         ; 0    ; 0            ; |motherboard|memory:memory_inst|altsyncram:mem_rtl_0                                                                                                                                                                                                                                                                                                    ; altsyncram                        ; work         ;
;          |altsyncram_qqq1:auto_generated|                                                                                               ; 84 (0)              ; 5 (5)                     ; 524288      ; 0            ; 0       ; 0         ; 0    ; 0            ; |motherboard|memory:memory_inst|altsyncram:mem_rtl_0|altsyncram_qqq1:auto_generated                                                                                                                                                                                                                                                                     ; altsyncram_qqq1                   ; work         ;
;             |decode_k8a:rden_decode_a|                                                                                                  ; 4 (4)               ; 0 (0)                     ; 0           ; 0            ; 0       ; 0         ; 0    ; 0            ; |motherboard|memory:memory_inst|altsyncram:mem_rtl_0|altsyncram_qqq1:auto_generated|decode_k8a:rden_decode_a                                                                                                                                                                                                                                            ; decode_k8a                        ; work         ;
;             |decode_k8a:rden_decode_b|                                                                                                  ; 4 (4)               ; 0 (0)                     ; 0           ; 0            ; 0       ; 0         ; 0    ; 0            ; |motherboard|memory:memory_inst|altsyncram:mem_rtl_0|altsyncram_qqq1:auto_generated|decode_k8a:rden_decode_b                                                                                                                                                                                                                                            ; decode_k8a                        ; work         ;
;             |decode_rsa:decode2|                                                                                                        ; 12 (12)             ; 0 (0)                     ; 0           ; 0            ; 0       ; 0         ; 0    ; 0            ; |motherboard|memory:memory_inst|altsyncram:mem_rtl_0|altsyncram_qqq1:auto_generated|decode_rsa:decode2                                                                                                                                                                                                                                                  ; decode_rsa                        ; work         ;
;             |mux_bnb:mux4|                                                                                                              ; 48 (48)             ; 0 (0)                     ; 0           ; 0            ; 0       ; 0         ; 0    ; 0            ; |motherboard|memory:memory_inst|altsyncram:mem_rtl_0|altsyncram_qqq1:auto_generated|mux_bnb:mux4                                                                                                                                                                                                                                                        ; mux_bnb                           ; work         ;
;             |mux_bnb:mux5|                                                                                                              ; 16 (16)             ; 0 (0)                     ; 0           ; 0            ; 0       ; 0         ; 0    ; 0            ; |motherboard|memory:memory_inst|altsyncram:mem_rtl_0|altsyncram_qqq1:auto_generated|mux_bnb:mux5                                                                                                                                                                                                                                                        ; mux_bnb                           ; work         ;
;    |memory_support:memory_support_inst|                                                                                                 ; 120 (120)           ; 70 (70)                   ; 0           ; 0            ; 0       ; 0         ; 0    ; 0            ; |motherboard|memory_support:memory_support_inst                                                                                                                                                                                                                                                                                                         ; memory_support                    ; work         ;
;    |random:random_inst|                                                                                                                 ; 9 (9)               ; 9 (9)                     ; 0           ; 0            ; 0       ; 0         ; 0    ; 0            ; |motherboard|random:random_inst                                                                                                                                                                                                                                                                                                                         ; random                            ; work         ;
;    |screencard:screencard_inst|                                                                                                         ; 1629 (136)          ; 140 (90)                  ; 0           ; 0            ; 0       ; 0         ; 0    ; 0            ; |motherboard|screencard:screencard_inst                                                                                                                                                                                                                                                                                                                 ; screencard                        ; work         ;
;       |font:font_inst|                                                                                                                  ; 1386 (1386)         ; 0 (0)                     ; 0           ; 0            ; 0       ; 0         ; 0    ; 0            ; |motherboard|screencard:screencard_inst|font:font_inst                                                                                                                                                                                                                                                                                                  ; font                              ; work         ;
;       |lpm_divide:Div0|                                                                                                                 ; 25 (0)              ; 0 (0)                     ; 0           ; 0            ; 0       ; 0         ; 0    ; 0            ; |motherboard|screencard:screencard_inst|lpm_divide:Div0                                                                                                                                                                                                                                                                                                 ; lpm_divide                        ; work         ;
;          |lpm_divide_khm:auto_generated|                                                                                                ; 25 (0)              ; 0 (0)                     ; 0           ; 0            ; 0       ; 0         ; 0    ; 0            ; |motherboard|screencard:screencard_inst|lpm_divide:Div0|lpm_divide_khm:auto_generated                                                                                                                                                                                                                                                                   ; lpm_divide_khm                    ; work         ;
;             |sign_div_unsign_ckh:divider|                                                                                               ; 25 (0)              ; 0 (0)                     ; 0           ; 0            ; 0       ; 0         ; 0    ; 0            ; |motherboard|screencard:screencard_inst|lpm_divide:Div0|lpm_divide_khm:auto_generated|sign_div_unsign_ckh:divider                                                                                                                                                                                                                                       ; sign_div_unsign_ckh               ; work         ;
;                |alt_u_div_c4f:divider|                                                                                                  ; 25 (25)             ; 0 (0)                     ; 0           ; 0            ; 0       ; 0         ; 0    ; 0            ; |motherboard|screencard:screencard_inst|lpm_divide:Div0|lpm_divide_khm:auto_generated|sign_div_unsign_ckh:divider|alt_u_div_c4f:divider                                                                                                                                                                                                                 ; alt_u_div_c4f                     ; work         ;
;       |vga_adapter:vga_adpater_1|                                                                                                       ; 82 (82)             ; 50 (50)                   ; 0           ; 0            ; 0       ; 0         ; 0    ; 0            ; |motherboard|screencard:screencard_inst|vga_adapter:vga_adpater_1                                                                                                                                                                                                                                                                                       ; vga_adapter                       ; work         ;
;    |sld_hub:auto_hub|                                                                                                                   ; 126 (1)             ; 90 (0)                    ; 0           ; 0            ; 0       ; 0         ; 0    ; 0            ; |motherboard|sld_hub:auto_hub                                                                                                                                                                                                                                                                                                                           ; sld_hub                           ; altera_sld   ;
;       |alt_sld_fab_with_jtag_input:\instrumentation_fabric_with_node_gen:fabric_gen_new_way:with_jtag_input_gen:instrumentation_fabric| ; 125 (0)             ; 90 (0)                    ; 0           ; 0            ; 0       ; 0         ; 0    ; 0            ; |motherboard|sld_hub:auto_hub|alt_sld_fab_with_jtag_input:\instrumentation_fabric_with_node_gen:fabric_gen_new_way:with_jtag_input_gen:instrumentation_fabric                                                                                                                                                                                           ; alt_sld_fab_with_jtag_input       ; altera_sld   ;
;          |alt_sld_fab:instrumentation_fabric|                                                                                           ; 125 (0)             ; 90 (0)                    ; 0           ; 0            ; 0       ; 0         ; 0    ; 0            ; |motherboard|sld_hub:auto_hub|alt_sld_fab_with_jtag_input:\instrumentation_fabric_with_node_gen:fabric_gen_new_way:with_jtag_input_gen:instrumentation_fabric|alt_sld_fab:instrumentation_fabric                                                                                                                                                        ; alt_sld_fab                       ; alt_sld_fab  ;
;             |alt_sld_fab_alt_sld_fab:alt_sld_fab|                                                                                       ; 125 (1)             ; 90 (5)                    ; 0           ; 0            ; 0       ; 0         ; 0    ; 0            ; |motherboard|sld_hub:auto_hub|alt_sld_fab_with_jtag_input:\instrumentation_fabric_with_node_gen:fabric_gen_new_way:with_jtag_input_gen:instrumentation_fabric|alt_sld_fab:instrumentation_fabric|alt_sld_fab_alt_sld_fab:alt_sld_fab                                                                                                                    ; alt_sld_fab_alt_sld_fab           ; alt_sld_fab  ;
;                |alt_sld_fab_alt_sld_fab_sldfabric:sldfabric|                                                                            ; 124 (0)             ; 85 (0)                    ; 0           ; 0            ; 0       ; 0         ; 0    ; 0            ; |motherboard|sld_hub:auto_hub|alt_sld_fab_with_jtag_input:\instrumentation_fabric_with_node_gen:fabric_gen_new_way:with_jtag_input_gen:instrumentation_fabric|alt_sld_fab:instrumentation_fabric|alt_sld_fab_alt_sld_fab:alt_sld_fab|alt_sld_fab_alt_sld_fab_sldfabric:sldfabric                                                                        ; alt_sld_fab_alt_sld_fab_sldfabric ; alt_sld_fab  ;
;                   |sld_jtag_hub:\jtag_hub_gen:real_sld_jtag_hub|                                                                        ; 124 (85)            ; 85 (57)                   ; 0           ; 0            ; 0       ; 0         ; 0    ; 0            ; |motherboard|sld_hub:auto_hub|alt_sld_fab_with_jtag_input:\instrumentation_fabric_with_node_gen:fabric_gen_new_way:with_jtag_input_gen:instrumentation_fabric|alt_sld_fab:instrumentation_fabric|alt_sld_fab_alt_sld_fab:alt_sld_fab|alt_sld_fab_alt_sld_fab_sldfabric:sldfabric|sld_jtag_hub:\jtag_hub_gen:real_sld_jtag_hub                           ; sld_jtag_hub                      ; work         ;
;                      |sld_rom_sr:hub_info_reg|                                                                                          ; 21 (21)             ; 9 (9)                     ; 0           ; 0            ; 0       ; 0         ; 0    ; 0            ; |motherboard|sld_hub:auto_hub|alt_sld_fab_with_jtag_input:\instrumentation_fabric_with_node_gen:fabric_gen_new_way:with_jtag_input_gen:instrumentation_fabric|alt_sld_fab:instrumentation_fabric|alt_sld_fab_alt_sld_fab:alt_sld_fab|alt_sld_fab_alt_sld_fab_sldfabric:sldfabric|sld_jtag_hub:\jtag_hub_gen:real_sld_jtag_hub|sld_rom_sr:hub_info_reg   ; sld_rom_sr                        ; work         ;
;                      |sld_shadow_jsm:shadow_jsm|                                                                                        ; 18 (18)             ; 19 (19)                   ; 0           ; 0            ; 0       ; 0         ; 0    ; 0            ; |motherboard|sld_hub:auto_hub|alt_sld_fab_with_jtag_input:\instrumentation_fabric_with_node_gen:fabric_gen_new_way:with_jtag_input_gen:instrumentation_fabric|alt_sld_fab:instrumentation_fabric|alt_sld_fab_alt_sld_fab:alt_sld_fab|alt_sld_fab_alt_sld_fab_sldfabric:sldfabric|sld_jtag_hub:\jtag_hub_gen:real_sld_jtag_hub|sld_shadow_jsm:shadow_jsm ; sld_shadow_jsm                    ; altera_sld   ;
;    |sld_signaltap:auto_signaltap_0|                                                                                                     ; 578 (2)             ; 1108 (120)                ; 491520      ; 0            ; 0       ; 0         ; 0    ; 0            ; |motherboard|sld_signaltap:auto_signaltap_0                                                                                                                                                                                                                                                                                                             ; sld_signaltap                     ; work         ;
;       |sld_signaltap_impl:sld_signaltap_body|                                                                                           ; 576 (0)             ; 988 (0)                   ; 491520      ; 0            ; 0       ; 0         ; 0    ; 0            ; |motherboard|sld_signaltap:auto_signaltap_0|sld_signaltap_impl:sld_signaltap_body                                                                                                                                                                                                                                                                       ; sld_signaltap_impl                ; work         ;
;          |sld_signaltap_implb:sld_signaltap_body|                                                                                       ; 576 (88)            ; 988 (326)                 ; 491520      ; 0            ; 0       ; 0         ; 0    ; 0            ; |motherboard|sld_signaltap:auto_signaltap_0|sld_signaltap_impl:sld_signaltap_body|sld_signaltap_implb:sld_signaltap_body                                                                                                                                                                                                                                ; sld_signaltap_implb               ; work         ;
;             |altdpram:\stp_non_zero_ram_gen:attribute_mem_gen:attribute_mem|                                                            ; 29 (0)              ; 82 (82)                   ; 0           ; 0            ; 0       ; 0         ; 0    ; 0            ; |motherboard|sld_signaltap:auto_signaltap_0|sld_signaltap_impl:sld_signaltap_body|sld_signaltap_implb:sld_signaltap_body|altdpram:\stp_non_zero_ram_gen:attribute_mem_gen:attribute_mem                                                                                                                                                                 ; altdpram                          ; work         ;
;                |lpm_decode:wdecoder|                                                                                                    ; 2 (0)               ; 0 (0)                     ; 0           ; 0            ; 0       ; 0         ; 0    ; 0            ; |motherboard|sld_signaltap:auto_signaltap_0|sld_signaltap_impl:sld_signaltap_body|sld_signaltap_implb:sld_signaltap_body|altdpram:\stp_non_zero_ram_gen:attribute_mem_gen:attribute_mem|lpm_decode:wdecoder                                                                                                                                             ; lpm_decode                        ; work         ;
;                   |decode_dvf:auto_generated|                                                                                           ; 2 (2)               ; 0 (0)                     ; 0           ; 0            ; 0       ; 0         ; 0    ; 0            ; |motherboard|sld_signaltap:auto_signaltap_0|sld_signaltap_impl:sld_signaltap_body|sld_signaltap_implb:sld_signaltap_body|altdpram:\stp_non_zero_ram_gen:attribute_mem_gen:attribute_mem|lpm_decode:wdecoder|decode_dvf:auto_generated                                                                                                                   ; decode_dvf                        ; work         ;
;                |lpm_mux:mux|                                                                                                            ; 27 (0)              ; 0 (0)                     ; 0           ; 0            ; 0       ; 0         ; 0    ; 0            ; |motherboard|sld_signaltap:auto_signaltap_0|sld_signaltap_impl:sld_signaltap_body|sld_signaltap_implb:sld_signaltap_body|altdpram:\stp_non_zero_ram_gen:attribute_mem_gen:attribute_mem|lpm_mux:mux                                                                                                                                                     ; lpm_mux                           ; work         ;
;                   |mux_vsc:auto_generated|                                                                                              ; 27 (27)             ; 0 (0)                     ; 0           ; 0            ; 0       ; 0         ; 0    ; 0            ; |motherboard|sld_signaltap:auto_signaltap_0|sld_signaltap_impl:sld_signaltap_body|sld_signaltap_implb:sld_signaltap_body|altdpram:\stp_non_zero_ram_gen:attribute_mem_gen:attribute_mem|lpm_mux:mux|mux_vsc:auto_generated                                                                                                                              ; mux_vsc                           ; work         ;
;             |altsyncram:\stp_non_zero_ram_gen:stp_buffer_ram|                                                                           ; 0 (0)               ; 0 (0)                     ; 491520      ; 0            ; 0       ; 0         ; 0    ; 0            ; |motherboard|sld_signaltap:auto_signaltap_0|sld_signaltap_impl:sld_signaltap_body|sld_signaltap_implb:sld_signaltap_body|altsyncram:\stp_non_zero_ram_gen:stp_buffer_ram                                                                                                                                                                                ; altsyncram                        ; work         ;
;                |altsyncram_eb24:auto_generated|                                                                                         ; 0 (0)               ; 0 (0)                     ; 491520      ; 0            ; 0       ; 0         ; 0    ; 0            ; |motherboard|sld_signaltap:auto_signaltap_0|sld_signaltap_impl:sld_signaltap_body|sld_signaltap_implb:sld_signaltap_body|altsyncram:\stp_non_zero_ram_gen:stp_buffer_ram|altsyncram_eb24:auto_generated                                                                                                                                                 ; altsyncram_eb24                   ; work         ;
;             |lpm_shiftreg:segment_offset_config_deserialize|                                                                            ; 0 (0)               ; 13 (13)                   ; 0           ; 0            ; 0       ; 0         ; 0    ; 0            ; |motherboard|sld_signaltap:auto_signaltap_0|sld_signaltap_impl:sld_signaltap_body|sld_signaltap_implb:sld_signaltap_body|lpm_shiftreg:segment_offset_config_deserialize                                                                                                                                                                                 ; lpm_shiftreg                      ; work         ;
;             |lpm_shiftreg:status_register|                                                                                              ; 17 (17)             ; 17 (17)                   ; 0           ; 0            ; 0       ; 0         ; 0    ; 0            ; |motherboard|sld_signaltap:auto_signaltap_0|sld_signaltap_impl:sld_signaltap_body|sld_signaltap_implb:sld_signaltap_body|lpm_shiftreg:status_register                                                                                                                                                                                                   ; lpm_shiftreg                      ; work         ;
;             |serial_crc_16:\tdo_crc_gen:tdo_crc_calc|                                                                                   ; 14 (14)             ; 13 (13)                   ; 0           ; 0            ; 0       ; 0         ; 0    ; 0            ; |motherboard|sld_signaltap:auto_signaltap_0|sld_signaltap_impl:sld_signaltap_body|sld_signaltap_implb:sld_signaltap_body|serial_crc_16:\tdo_crc_gen:tdo_crc_calc                                                                                                                                                                                        ; serial_crc_16                     ; work         ;
;             |sld_buffer_manager:sld_buffer_manager_inst|                                                                                ; 101 (101)           ; 74 (74)                   ; 0           ; 0            ; 0       ; 0         ; 0    ; 0            ; |motherboard|sld_signaltap:auto_signaltap_0|sld_signaltap_impl:sld_signaltap_body|sld_signaltap_implb:sld_signaltap_body|sld_buffer_manager:sld_buffer_manager_inst                                                                                                                                                                                     ; sld_buffer_manager                ; work         ;
;             |sld_ela_control:ela_control|                                                                                               ; 142 (1)             ; 316 (1)                   ; 0           ; 0            ; 0       ; 0         ; 0    ; 0            ; |motherboard|sld_signaltap:auto_signaltap_0|sld_signaltap_impl:sld_signaltap_body|sld_signaltap_implb:sld_signaltap_body|sld_ela_control:ela_control                                                                                                                                                                                                    ; sld_ela_control                   ; work         ;
;                |lpm_shiftreg:trigger_config_deserialize|                                                                                ; 0 (0)               ; 4 (4)                     ; 0           ; 0            ; 0       ; 0         ; 0    ; 0            ; |motherboard|sld_signaltap:auto_signaltap_0|sld_signaltap_impl:sld_signaltap_body|sld_signaltap_implb:sld_signaltap_body|sld_ela_control:ela_control|lpm_shiftreg:trigger_config_deserialize                                                                                                                                                            ; lpm_shiftreg                      ; work         ;
;                |sld_ela_basic_multi_level_trigger:\basic_multi_level_mbpm_trigger_gen:multi_level_mbpm|                                 ; 120 (0)             ; 300 (0)                   ; 0           ; 0            ; 0       ; 0         ; 0    ; 0            ; |motherboard|sld_signaltap:auto_signaltap_0|sld_signaltap_impl:sld_signaltap_body|sld_signaltap_implb:sld_signaltap_body|sld_ela_control:ela_control|sld_ela_basic_multi_level_trigger:\basic_multi_level_mbpm_trigger_gen:multi_level_mbpm                                                                                                             ; sld_ela_basic_multi_level_trigger ; work         ;
;                   |lpm_shiftreg:trigger_condition_deserialize|                                                                          ; 0 (0)               ; 180 (180)                 ; 0           ; 0            ; 0       ; 0         ; 0    ; 0            ; |motherboard|sld_signaltap:auto_signaltap_0|sld_signaltap_impl:sld_signaltap_body|sld_signaltap_implb:sld_signaltap_body|sld_ela_control:ela_control|sld_ela_basic_multi_level_trigger:\basic_multi_level_mbpm_trigger_gen:multi_level_mbpm|lpm_shiftreg:trigger_condition_deserialize                                                                  ; lpm_shiftreg                      ; work         ;
;                   |sld_mbpmg:\trigger_modules_gen:0:trigger_match|                                                                      ; 120 (0)             ; 120 (0)                   ; 0           ; 0            ; 0       ; 0         ; 0    ; 0            ; |motherboard|sld_signaltap:auto_signaltap_0|sld_signaltap_impl:sld_signaltap_body|sld_signaltap_implb:sld_signaltap_body|sld_ela_control:ela_control|sld_ela_basic_multi_level_trigger:\basic_multi_level_mbpm_trigger_gen:multi_level_mbpm|sld_mbpmg:\trigger_modules_gen:0:trigger_match                                                              ; sld_mbpmg                         ; work         ;
;                      |sld_sbpmg:\gen_sbpmg_pipeline_less_than_two:sm0:0:sm1|                                                            ; 2 (2)               ; 2 (2)                     ; 0           ; 0            ; 0       ; 0         ; 0    ; 0            ; |motherboard|sld_signaltap:auto_signaltap_0|sld_signaltap_impl:sld_signaltap_body|sld_signaltap_implb:sld_signaltap_body|sld_ela_control:ela_control|sld_ela_basic_multi_level_trigger:\basic_multi_level_mbpm_trigger_gen:multi_level_mbpm|sld_mbpmg:\trigger_modules_gen:0:trigger_match|sld_sbpmg:\gen_sbpmg_pipeline_less_than_two:sm0:0:sm1        ; sld_sbpmg                         ; work         ;
;                      |sld_sbpmg:\gen_sbpmg_pipeline_less_than_two:sm0:10:sm1|                                                           ; 2 (2)               ; 2 (2)                     ; 0           ; 0            ; 0       ; 0         ; 0    ; 0            ; |motherboard|sld_signaltap:auto_signaltap_0|sld_signaltap_impl:sld_signaltap_body|sld_signaltap_implb:sld_signaltap_body|sld_ela_control:ela_control|sld_ela_basic_multi_level_trigger:\basic_multi_level_mbpm_trigger_gen:multi_level_mbpm|sld_mbpmg:\trigger_modules_gen:0:trigger_match|sld_sbpmg:\gen_sbpmg_pipeline_less_than_two:sm0:10:sm1       ; sld_sbpmg                         ; work         ;
;                      |sld_sbpmg:\gen_sbpmg_pipeline_less_than_two:sm0:11:sm1|                                                           ; 2 (2)               ; 2 (2)                     ; 0           ; 0            ; 0       ; 0         ; 0    ; 0            ; |motherboard|sld_signaltap:auto_signaltap_0|sld_signaltap_impl:sld_signaltap_body|sld_signaltap_implb:sld_signaltap_body|sld_ela_control:ela_control|sld_ela_basic_multi_level_trigger:\basic_multi_level_mbpm_trigger_gen:multi_level_mbpm|sld_mbpmg:\trigger_modules_gen:0:trigger_match|sld_sbpmg:\gen_sbpmg_pipeline_less_than_two:sm0:11:sm1       ; sld_sbpmg                         ; work         ;
;                      |sld_sbpmg:\gen_sbpmg_pipeline_less_than_two:sm0:12:sm1|                                                           ; 2 (2)               ; 2 (2)                     ; 0           ; 0            ; 0       ; 0         ; 0    ; 0            ; |motherboard|sld_signaltap:auto_signaltap_0|sld_signaltap_impl:sld_signaltap_body|sld_signaltap_implb:sld_signaltap_body|sld_ela_control:ela_control|sld_ela_basic_multi_level_trigger:\basic_multi_level_mbpm_trigger_gen:multi_level_mbpm|sld_mbpmg:\trigger_modules_gen:0:trigger_match|sld_sbpmg:\gen_sbpmg_pipeline_less_than_two:sm0:12:sm1       ; sld_sbpmg                         ; work         ;
;                      |sld_sbpmg:\gen_sbpmg_pipeline_less_than_two:sm0:13:sm1|                                                           ; 2 (2)               ; 2 (2)                     ; 0           ; 0            ; 0       ; 0         ; 0    ; 0            ; |motherboard|sld_signaltap:auto_signaltap_0|sld_signaltap_impl:sld_signaltap_body|sld_signaltap_implb:sld_signaltap_body|sld_ela_control:ela_control|sld_ela_basic_multi_level_trigger:\basic_multi_level_mbpm_trigger_gen:multi_level_mbpm|sld_mbpmg:\trigger_modules_gen:0:trigger_match|sld_sbpmg:\gen_sbpmg_pipeline_less_than_two:sm0:13:sm1       ; sld_sbpmg                         ; work         ;
;                      |sld_sbpmg:\gen_sbpmg_pipeline_less_than_two:sm0:14:sm1|                                                           ; 2 (2)               ; 2 (2)                     ; 0           ; 0            ; 0       ; 0         ; 0    ; 0            ; |motherboard|sld_signaltap:auto_signaltap_0|sld_signaltap_impl:sld_signaltap_body|sld_signaltap_implb:sld_signaltap_body|sld_ela_control:ela_control|sld_ela_basic_multi_level_trigger:\basic_multi_level_mbpm_trigger_gen:multi_level_mbpm|sld_mbpmg:\trigger_modules_gen:0:trigger_match|sld_sbpmg:\gen_sbpmg_pipeline_less_than_two:sm0:14:sm1       ; sld_sbpmg                         ; work         ;
;                      |sld_sbpmg:\gen_sbpmg_pipeline_less_than_two:sm0:15:sm1|                                                           ; 2 (2)               ; 2 (2)                     ; 0           ; 0            ; 0       ; 0         ; 0    ; 0            ; |motherboard|sld_signaltap:auto_signaltap_0|sld_signaltap_impl:sld_signaltap_body|sld_signaltap_implb:sld_signaltap_body|sld_ela_control:ela_control|sld_ela_basic_multi_level_trigger:\basic_multi_level_mbpm_trigger_gen:multi_level_mbpm|sld_mbpmg:\trigger_modules_gen:0:trigger_match|sld_sbpmg:\gen_sbpmg_pipeline_less_than_two:sm0:15:sm1       ; sld_sbpmg                         ; work         ;
;                      |sld_sbpmg:\gen_sbpmg_pipeline_less_than_two:sm0:16:sm1|                                                           ; 2 (2)               ; 2 (2)                     ; 0           ; 0            ; 0       ; 0         ; 0    ; 0            ; |motherboard|sld_signaltap:auto_signaltap_0|sld_signaltap_impl:sld_signaltap_body|sld_signaltap_implb:sld_signaltap_body|sld_ela_control:ela_control|sld_ela_basic_multi_level_trigger:\basic_multi_level_mbpm_trigger_gen:multi_level_mbpm|sld_mbpmg:\trigger_modules_gen:0:trigger_match|sld_sbpmg:\gen_sbpmg_pipeline_less_than_two:sm0:16:sm1       ; sld_sbpmg                         ; work         ;
;                      |sld_sbpmg:\gen_sbpmg_pipeline_less_than_two:sm0:17:sm1|                                                           ; 2 (2)               ; 2 (2)                     ; 0           ; 0            ; 0       ; 0         ; 0    ; 0            ; |motherboard|sld_signaltap:auto_signaltap_0|sld_signaltap_impl:sld_signaltap_body|sld_signaltap_implb:sld_signaltap_body|sld_ela_control:ela_control|sld_ela_basic_multi_level_trigger:\basic_multi_level_mbpm_trigger_gen:multi_level_mbpm|sld_mbpmg:\trigger_modules_gen:0:trigger_match|sld_sbpmg:\gen_sbpmg_pipeline_less_than_two:sm0:17:sm1       ; sld_sbpmg                         ; work         ;
;                      |sld_sbpmg:\gen_sbpmg_pipeline_less_than_two:sm0:18:sm1|                                                           ; 2 (2)               ; 2 (2)                     ; 0           ; 0            ; 0       ; 0         ; 0    ; 0            ; |motherboard|sld_signaltap:auto_signaltap_0|sld_signaltap_impl:sld_signaltap_body|sld_signaltap_implb:sld_signaltap_body|sld_ela_control:ela_control|sld_ela_basic_multi_level_trigger:\basic_multi_level_mbpm_trigger_gen:multi_level_mbpm|sld_mbpmg:\trigger_modules_gen:0:trigger_match|sld_sbpmg:\gen_sbpmg_pipeline_less_than_two:sm0:18:sm1       ; sld_sbpmg                         ; work         ;
;                      |sld_sbpmg:\gen_sbpmg_pipeline_less_than_two:sm0:19:sm1|                                                           ; 2 (2)               ; 2 (2)                     ; 0           ; 0            ; 0       ; 0         ; 0    ; 0            ; |motherboard|sld_signaltap:auto_signaltap_0|sld_signaltap_impl:sld_signaltap_body|sld_signaltap_implb:sld_signaltap_body|sld_ela_control:ela_control|sld_ela_basic_multi_level_trigger:\basic_multi_level_mbpm_trigger_gen:multi_level_mbpm|sld_mbpmg:\trigger_modules_gen:0:trigger_match|sld_sbpmg:\gen_sbpmg_pipeline_less_than_two:sm0:19:sm1       ; sld_sbpmg                         ; work         ;
;                      |sld_sbpmg:\gen_sbpmg_pipeline_less_than_two:sm0:1:sm1|                                                            ; 2 (2)               ; 2 (2)                     ; 0           ; 0            ; 0       ; 0         ; 0    ; 0            ; |motherboard|sld_signaltap:auto_signaltap_0|sld_signaltap_impl:sld_signaltap_body|sld_signaltap_implb:sld_signaltap_body|sld_ela_control:ela_control|sld_ela_basic_multi_level_trigger:\basic_multi_level_mbpm_trigger_gen:multi_level_mbpm|sld_mbpmg:\trigger_modules_gen:0:trigger_match|sld_sbpmg:\gen_sbpmg_pipeline_less_than_two:sm0:1:sm1        ; sld_sbpmg                         ; work         ;
;                      |sld_sbpmg:\gen_sbpmg_pipeline_less_than_two:sm0:20:sm1|                                                           ; 2 (2)               ; 2 (2)                     ; 0           ; 0            ; 0       ; 0         ; 0    ; 0            ; |motherboard|sld_signaltap:auto_signaltap_0|sld_signaltap_impl:sld_signaltap_body|sld_signaltap_implb:sld_signaltap_body|sld_ela_control:ela_control|sld_ela_basic_multi_level_trigger:\basic_multi_level_mbpm_trigger_gen:multi_level_mbpm|sld_mbpmg:\trigger_modules_gen:0:trigger_match|sld_sbpmg:\gen_sbpmg_pipeline_less_than_two:sm0:20:sm1       ; sld_sbpmg                         ; work         ;
;                      |sld_sbpmg:\gen_sbpmg_pipeline_less_than_two:sm0:21:sm1|                                                           ; 2 (2)               ; 2 (2)                     ; 0           ; 0            ; 0       ; 0         ; 0    ; 0            ; |motherboard|sld_signaltap:auto_signaltap_0|sld_signaltap_impl:sld_signaltap_body|sld_signaltap_implb:sld_signaltap_body|sld_ela_control:ela_control|sld_ela_basic_multi_level_trigger:\basic_multi_level_mbpm_trigger_gen:multi_level_mbpm|sld_mbpmg:\trigger_modules_gen:0:trigger_match|sld_sbpmg:\gen_sbpmg_pipeline_less_than_two:sm0:21:sm1       ; sld_sbpmg                         ; work         ;
;                      |sld_sbpmg:\gen_sbpmg_pipeline_less_than_two:sm0:22:sm1|                                                           ; 2 (2)               ; 2 (2)                     ; 0           ; 0            ; 0       ; 0         ; 0    ; 0            ; |motherboard|sld_signaltap:auto_signaltap_0|sld_signaltap_impl:sld_signaltap_body|sld_signaltap_implb:sld_signaltap_body|sld_ela_control:ela_control|sld_ela_basic_multi_level_trigger:\basic_multi_level_mbpm_trigger_gen:multi_level_mbpm|sld_mbpmg:\trigger_modules_gen:0:trigger_match|sld_sbpmg:\gen_sbpmg_pipeline_less_than_two:sm0:22:sm1       ; sld_sbpmg                         ; work         ;
;                      |sld_sbpmg:\gen_sbpmg_pipeline_less_than_two:sm0:23:sm1|                                                           ; 2 (2)               ; 2 (2)                     ; 0           ; 0            ; 0       ; 0         ; 0    ; 0            ; |motherboard|sld_signaltap:auto_signaltap_0|sld_signaltap_impl:sld_signaltap_body|sld_signaltap_implb:sld_signaltap_body|sld_ela_control:ela_control|sld_ela_basic_multi_level_trigger:\basic_multi_level_mbpm_trigger_gen:multi_level_mbpm|sld_mbpmg:\trigger_modules_gen:0:trigger_match|sld_sbpmg:\gen_sbpmg_pipeline_less_than_two:sm0:23:sm1       ; sld_sbpmg                         ; work         ;
;                      |sld_sbpmg:\gen_sbpmg_pipeline_less_than_two:sm0:24:sm1|                                                           ; 2 (2)               ; 2 (2)                     ; 0           ; 0            ; 0       ; 0         ; 0    ; 0            ; |motherboard|sld_signaltap:auto_signaltap_0|sld_signaltap_impl:sld_signaltap_body|sld_signaltap_implb:sld_signaltap_body|sld_ela_control:ela_control|sld_ela_basic_multi_level_trigger:\basic_multi_level_mbpm_trigger_gen:multi_level_mbpm|sld_mbpmg:\trigger_modules_gen:0:trigger_match|sld_sbpmg:\gen_sbpmg_pipeline_less_than_two:sm0:24:sm1       ; sld_sbpmg                         ; work         ;
;                      |sld_sbpmg:\gen_sbpmg_pipeline_less_than_two:sm0:25:sm1|                                                           ; 2 (2)               ; 2 (2)                     ; 0           ; 0            ; 0       ; 0         ; 0    ; 0            ; |motherboard|sld_signaltap:auto_signaltap_0|sld_signaltap_impl:sld_signaltap_body|sld_signaltap_implb:sld_signaltap_body|sld_ela_control:ela_control|sld_ela_basic_multi_level_trigger:\basic_multi_level_mbpm_trigger_gen:multi_level_mbpm|sld_mbpmg:\trigger_modules_gen:0:trigger_match|sld_sbpmg:\gen_sbpmg_pipeline_less_than_two:sm0:25:sm1       ; sld_sbpmg                         ; work         ;
;                      |sld_sbpmg:\gen_sbpmg_pipeline_less_than_two:sm0:26:sm1|                                                           ; 2 (2)               ; 2 (2)                     ; 0           ; 0            ; 0       ; 0         ; 0    ; 0            ; |motherboard|sld_signaltap:auto_signaltap_0|sld_signaltap_impl:sld_signaltap_body|sld_signaltap_implb:sld_signaltap_body|sld_ela_control:ela_control|sld_ela_basic_multi_level_trigger:\basic_multi_level_mbpm_trigger_gen:multi_level_mbpm|sld_mbpmg:\trigger_modules_gen:0:trigger_match|sld_sbpmg:\gen_sbpmg_pipeline_less_than_two:sm0:26:sm1       ; sld_sbpmg                         ; work         ;
;                      |sld_sbpmg:\gen_sbpmg_pipeline_less_than_two:sm0:27:sm1|                                                           ; 2 (2)               ; 2 (2)                     ; 0           ; 0            ; 0       ; 0         ; 0    ; 0            ; |motherboard|sld_signaltap:auto_signaltap_0|sld_signaltap_impl:sld_signaltap_body|sld_signaltap_implb:sld_signaltap_body|sld_ela_control:ela_control|sld_ela_basic_multi_level_trigger:\basic_multi_level_mbpm_trigger_gen:multi_level_mbpm|sld_mbpmg:\trigger_modules_gen:0:trigger_match|sld_sbpmg:\gen_sbpmg_pipeline_less_than_two:sm0:27:sm1       ; sld_sbpmg                         ; work         ;
;                      |sld_sbpmg:\gen_sbpmg_pipeline_less_than_two:sm0:28:sm1|                                                           ; 2 (2)               ; 2 (2)                     ; 0           ; 0            ; 0       ; 0         ; 0    ; 0            ; |motherboard|sld_signaltap:auto_signaltap_0|sld_signaltap_impl:sld_signaltap_body|sld_signaltap_implb:sld_signaltap_body|sld_ela_control:ela_control|sld_ela_basic_multi_level_trigger:\basic_multi_level_mbpm_trigger_gen:multi_level_mbpm|sld_mbpmg:\trigger_modules_gen:0:trigger_match|sld_sbpmg:\gen_sbpmg_pipeline_less_than_two:sm0:28:sm1       ; sld_sbpmg                         ; work         ;
;                      |sld_sbpmg:\gen_sbpmg_pipeline_less_than_two:sm0:29:sm1|                                                           ; 2 (2)               ; 2 (2)                     ; 0           ; 0            ; 0       ; 0         ; 0    ; 0            ; |motherboard|sld_signaltap:auto_signaltap_0|sld_signaltap_impl:sld_signaltap_body|sld_signaltap_implb:sld_signaltap_body|sld_ela_control:ela_control|sld_ela_basic_multi_level_trigger:\basic_multi_level_mbpm_trigger_gen:multi_level_mbpm|sld_mbpmg:\trigger_modules_gen:0:trigger_match|sld_sbpmg:\gen_sbpmg_pipeline_less_than_two:sm0:29:sm1       ; sld_sbpmg                         ; work         ;
;                      |sld_sbpmg:\gen_sbpmg_pipeline_less_than_two:sm0:2:sm1|                                                            ; 2 (2)               ; 2 (2)                     ; 0           ; 0            ; 0       ; 0         ; 0    ; 0            ; |motherboard|sld_signaltap:auto_signaltap_0|sld_signaltap_impl:sld_signaltap_body|sld_signaltap_implb:sld_signaltap_body|sld_ela_control:ela_control|sld_ela_basic_multi_level_trigger:\basic_multi_level_mbpm_trigger_gen:multi_level_mbpm|sld_mbpmg:\trigger_modules_gen:0:trigger_match|sld_sbpmg:\gen_sbpmg_pipeline_less_than_two:sm0:2:sm1        ; sld_sbpmg                         ; work         ;
;                      |sld_sbpmg:\gen_sbpmg_pipeline_less_than_two:sm0:30:sm1|                                                           ; 2 (2)               ; 2 (2)                     ; 0           ; 0            ; 0       ; 0         ; 0    ; 0            ; |motherboard|sld_signaltap:auto_signaltap_0|sld_signaltap_impl:sld_signaltap_body|sld_signaltap_implb:sld_signaltap_body|sld_ela_control:ela_control|sld_ela_basic_multi_level_trigger:\basic_multi_level_mbpm_trigger_gen:multi_level_mbpm|sld_mbpmg:\trigger_modules_gen:0:trigger_match|sld_sbpmg:\gen_sbpmg_pipeline_less_than_two:sm0:30:sm1       ; sld_sbpmg                         ; work         ;
;                      |sld_sbpmg:\gen_sbpmg_pipeline_less_than_two:sm0:31:sm1|                                                           ; 2 (2)               ; 2 (2)                     ; 0           ; 0            ; 0       ; 0         ; 0    ; 0            ; |motherboard|sld_signaltap:auto_signaltap_0|sld_signaltap_impl:sld_signaltap_body|sld_signaltap_implb:sld_signaltap_body|sld_ela_control:ela_control|sld_ela_basic_multi_level_trigger:\basic_multi_level_mbpm_trigger_gen:multi_level_mbpm|sld_mbpmg:\trigger_modules_gen:0:trigger_match|sld_sbpmg:\gen_sbpmg_pipeline_less_than_two:sm0:31:sm1       ; sld_sbpmg                         ; work         ;
;                      |sld_sbpmg:\gen_sbpmg_pipeline_less_than_two:sm0:32:sm1|                                                           ; 2 (2)               ; 2 (2)                     ; 0           ; 0            ; 0       ; 0         ; 0    ; 0            ; |motherboard|sld_signaltap:auto_signaltap_0|sld_signaltap_impl:sld_signaltap_body|sld_signaltap_implb:sld_signaltap_body|sld_ela_control:ela_control|sld_ela_basic_multi_level_trigger:\basic_multi_level_mbpm_trigger_gen:multi_level_mbpm|sld_mbpmg:\trigger_modules_gen:0:trigger_match|sld_sbpmg:\gen_sbpmg_pipeline_less_than_two:sm0:32:sm1       ; sld_sbpmg                         ; work         ;
;                      |sld_sbpmg:\gen_sbpmg_pipeline_less_than_two:sm0:33:sm1|                                                           ; 2 (2)               ; 2 (2)                     ; 0           ; 0            ; 0       ; 0         ; 0    ; 0            ; |motherboard|sld_signaltap:auto_signaltap_0|sld_signaltap_impl:sld_signaltap_body|sld_signaltap_implb:sld_signaltap_body|sld_ela_control:ela_control|sld_ela_basic_multi_level_trigger:\basic_multi_level_mbpm_trigger_gen:multi_level_mbpm|sld_mbpmg:\trigger_modules_gen:0:trigger_match|sld_sbpmg:\gen_sbpmg_pipeline_less_than_two:sm0:33:sm1       ; sld_sbpmg                         ; work         ;
;                      |sld_sbpmg:\gen_sbpmg_pipeline_less_than_two:sm0:34:sm1|                                                           ; 2 (2)               ; 2 (2)                     ; 0           ; 0            ; 0       ; 0         ; 0    ; 0            ; |motherboard|sld_signaltap:auto_signaltap_0|sld_signaltap_impl:sld_signaltap_body|sld_signaltap_implb:sld_signaltap_body|sld_ela_control:ela_control|sld_ela_basic_multi_level_trigger:\basic_multi_level_mbpm_trigger_gen:multi_level_mbpm|sld_mbpmg:\trigger_modules_gen:0:trigger_match|sld_sbpmg:\gen_sbpmg_pipeline_less_than_two:sm0:34:sm1       ; sld_sbpmg                         ; work         ;
;                      |sld_sbpmg:\gen_sbpmg_pipeline_less_than_two:sm0:35:sm1|                                                           ; 2 (2)               ; 2 (2)                     ; 0           ; 0            ; 0       ; 0         ; 0    ; 0            ; |motherboard|sld_signaltap:auto_signaltap_0|sld_signaltap_impl:sld_signaltap_body|sld_signaltap_implb:sld_signaltap_body|sld_ela_control:ela_control|sld_ela_basic_multi_level_trigger:\basic_multi_level_mbpm_trigger_gen:multi_level_mbpm|sld_mbpmg:\trigger_modules_gen:0:trigger_match|sld_sbpmg:\gen_sbpmg_pipeline_less_than_two:sm0:35:sm1       ; sld_sbpmg                         ; work         ;
;                      |sld_sbpmg:\gen_sbpmg_pipeline_less_than_two:sm0:36:sm1|                                                           ; 2 (2)               ; 2 (2)                     ; 0           ; 0            ; 0       ; 0         ; 0    ; 0            ; |motherboard|sld_signaltap:auto_signaltap_0|sld_signaltap_impl:sld_signaltap_body|sld_signaltap_implb:sld_signaltap_body|sld_ela_control:ela_control|sld_ela_basic_multi_level_trigger:\basic_multi_level_mbpm_trigger_gen:multi_level_mbpm|sld_mbpmg:\trigger_modules_gen:0:trigger_match|sld_sbpmg:\gen_sbpmg_pipeline_less_than_two:sm0:36:sm1       ; sld_sbpmg                         ; work         ;
;                      |sld_sbpmg:\gen_sbpmg_pipeline_less_than_two:sm0:37:sm1|                                                           ; 2 (2)               ; 2 (2)                     ; 0           ; 0            ; 0       ; 0         ; 0    ; 0            ; |motherboard|sld_signaltap:auto_signaltap_0|sld_signaltap_impl:sld_signaltap_body|sld_signaltap_implb:sld_signaltap_body|sld_ela_control:ela_control|sld_ela_basic_multi_level_trigger:\basic_multi_level_mbpm_trigger_gen:multi_level_mbpm|sld_mbpmg:\trigger_modules_gen:0:trigger_match|sld_sbpmg:\gen_sbpmg_pipeline_less_than_two:sm0:37:sm1       ; sld_sbpmg                         ; work         ;
;                      |sld_sbpmg:\gen_sbpmg_pipeline_less_than_two:sm0:38:sm1|                                                           ; 2 (2)               ; 2 (2)                     ; 0           ; 0            ; 0       ; 0         ; 0    ; 0            ; |motherboard|sld_signaltap:auto_signaltap_0|sld_signaltap_impl:sld_signaltap_body|sld_signaltap_implb:sld_signaltap_body|sld_ela_control:ela_control|sld_ela_basic_multi_level_trigger:\basic_multi_level_mbpm_trigger_gen:multi_level_mbpm|sld_mbpmg:\trigger_modules_gen:0:trigger_match|sld_sbpmg:\gen_sbpmg_pipeline_less_than_two:sm0:38:sm1       ; sld_sbpmg                         ; work         ;
;                      |sld_sbpmg:\gen_sbpmg_pipeline_less_than_two:sm0:39:sm1|                                                           ; 2 (2)               ; 2 (2)                     ; 0           ; 0            ; 0       ; 0         ; 0    ; 0            ; |motherboard|sld_signaltap:auto_signaltap_0|sld_signaltap_impl:sld_signaltap_body|sld_signaltap_implb:sld_signaltap_body|sld_ela_control:ela_control|sld_ela_basic_multi_level_trigger:\basic_multi_level_mbpm_trigger_gen:multi_level_mbpm|sld_mbpmg:\trigger_modules_gen:0:trigger_match|sld_sbpmg:\gen_sbpmg_pipeline_less_than_two:sm0:39:sm1       ; sld_sbpmg                         ; work         ;
;                      |sld_sbpmg:\gen_sbpmg_pipeline_less_than_two:sm0:3:sm1|                                                            ; 2 (2)               ; 2 (2)                     ; 0           ; 0            ; 0       ; 0         ; 0    ; 0            ; |motherboard|sld_signaltap:auto_signaltap_0|sld_signaltap_impl:sld_signaltap_body|sld_signaltap_implb:sld_signaltap_body|sld_ela_control:ela_control|sld_ela_basic_multi_level_trigger:\basic_multi_level_mbpm_trigger_gen:multi_level_mbpm|sld_mbpmg:\trigger_modules_gen:0:trigger_match|sld_sbpmg:\gen_sbpmg_pipeline_less_than_two:sm0:3:sm1        ; sld_sbpmg                         ; work         ;
;                      |sld_sbpmg:\gen_sbpmg_pipeline_less_than_two:sm0:40:sm1|                                                           ; 2 (2)               ; 2 (2)                     ; 0           ; 0            ; 0       ; 0         ; 0    ; 0            ; |motherboard|sld_signaltap:auto_signaltap_0|sld_signaltap_impl:sld_signaltap_body|sld_signaltap_implb:sld_signaltap_body|sld_ela_control:ela_control|sld_ela_basic_multi_level_trigger:\basic_multi_level_mbpm_trigger_gen:multi_level_mbpm|sld_mbpmg:\trigger_modules_gen:0:trigger_match|sld_sbpmg:\gen_sbpmg_pipeline_less_than_two:sm0:40:sm1       ; sld_sbpmg                         ; work         ;
;                      |sld_sbpmg:\gen_sbpmg_pipeline_less_than_two:sm0:41:sm1|                                                           ; 2 (2)               ; 2 (2)                     ; 0           ; 0            ; 0       ; 0         ; 0    ; 0            ; |motherboard|sld_signaltap:auto_signaltap_0|sld_signaltap_impl:sld_signaltap_body|sld_signaltap_implb:sld_signaltap_body|sld_ela_control:ela_control|sld_ela_basic_multi_level_trigger:\basic_multi_level_mbpm_trigger_gen:multi_level_mbpm|sld_mbpmg:\trigger_modules_gen:0:trigger_match|sld_sbpmg:\gen_sbpmg_pipeline_less_than_two:sm0:41:sm1       ; sld_sbpmg                         ; work         ;
;                      |sld_sbpmg:\gen_sbpmg_pipeline_less_than_two:sm0:42:sm1|                                                           ; 2 (2)               ; 2 (2)                     ; 0           ; 0            ; 0       ; 0         ; 0    ; 0            ; |motherboard|sld_signaltap:auto_signaltap_0|sld_signaltap_impl:sld_signaltap_body|sld_signaltap_implb:sld_signaltap_body|sld_ela_control:ela_control|sld_ela_basic_multi_level_trigger:\basic_multi_level_mbpm_trigger_gen:multi_level_mbpm|sld_mbpmg:\trigger_modules_gen:0:trigger_match|sld_sbpmg:\gen_sbpmg_pipeline_less_than_two:sm0:42:sm1       ; sld_sbpmg                         ; work         ;
;                      |sld_sbpmg:\gen_sbpmg_pipeline_less_than_two:sm0:43:sm1|                                                           ; 2 (2)               ; 2 (2)                     ; 0           ; 0            ; 0       ; 0         ; 0    ; 0            ; |motherboard|sld_signaltap:auto_signaltap_0|sld_signaltap_impl:sld_signaltap_body|sld_signaltap_implb:sld_signaltap_body|sld_ela_control:ela_control|sld_ela_basic_multi_level_trigger:\basic_multi_level_mbpm_trigger_gen:multi_level_mbpm|sld_mbpmg:\trigger_modules_gen:0:trigger_match|sld_sbpmg:\gen_sbpmg_pipeline_less_than_two:sm0:43:sm1       ; sld_sbpmg                         ; work         ;
;                      |sld_sbpmg:\gen_sbpmg_pipeline_less_than_two:sm0:44:sm1|                                                           ; 2 (2)               ; 2 (2)                     ; 0           ; 0            ; 0       ; 0         ; 0    ; 0            ; |motherboard|sld_signaltap:auto_signaltap_0|sld_signaltap_impl:sld_signaltap_body|sld_signaltap_implb:sld_signaltap_body|sld_ela_control:ela_control|sld_ela_basic_multi_level_trigger:\basic_multi_level_mbpm_trigger_gen:multi_level_mbpm|sld_mbpmg:\trigger_modules_gen:0:trigger_match|sld_sbpmg:\gen_sbpmg_pipeline_less_than_two:sm0:44:sm1       ; sld_sbpmg                         ; work         ;
;                      |sld_sbpmg:\gen_sbpmg_pipeline_less_than_two:sm0:45:sm1|                                                           ; 2 (2)               ; 2 (2)                     ; 0           ; 0            ; 0       ; 0         ; 0    ; 0            ; |motherboard|sld_signaltap:auto_signaltap_0|sld_signaltap_impl:sld_signaltap_body|sld_signaltap_implb:sld_signaltap_body|sld_ela_control:ela_control|sld_ela_basic_multi_level_trigger:\basic_multi_level_mbpm_trigger_gen:multi_level_mbpm|sld_mbpmg:\trigger_modules_gen:0:trigger_match|sld_sbpmg:\gen_sbpmg_pipeline_less_than_two:sm0:45:sm1       ; sld_sbpmg                         ; work         ;
;                      |sld_sbpmg:\gen_sbpmg_pipeline_less_than_two:sm0:46:sm1|                                                           ; 2 (2)               ; 2 (2)                     ; 0           ; 0            ; 0       ; 0         ; 0    ; 0            ; |motherboard|sld_signaltap:auto_signaltap_0|sld_signaltap_impl:sld_signaltap_body|sld_signaltap_implb:sld_signaltap_body|sld_ela_control:ela_control|sld_ela_basic_multi_level_trigger:\basic_multi_level_mbpm_trigger_gen:multi_level_mbpm|sld_mbpmg:\trigger_modules_gen:0:trigger_match|sld_sbpmg:\gen_sbpmg_pipeline_less_than_two:sm0:46:sm1       ; sld_sbpmg                         ; work         ;
;                      |sld_sbpmg:\gen_sbpmg_pipeline_less_than_two:sm0:47:sm1|                                                           ; 2 (2)               ; 2 (2)                     ; 0           ; 0            ; 0       ; 0         ; 0    ; 0            ; |motherboard|sld_signaltap:auto_signaltap_0|sld_signaltap_impl:sld_signaltap_body|sld_signaltap_implb:sld_signaltap_body|sld_ela_control:ela_control|sld_ela_basic_multi_level_trigger:\basic_multi_level_mbpm_trigger_gen:multi_level_mbpm|sld_mbpmg:\trigger_modules_gen:0:trigger_match|sld_sbpmg:\gen_sbpmg_pipeline_less_than_two:sm0:47:sm1       ; sld_sbpmg                         ; work         ;
;                      |sld_sbpmg:\gen_sbpmg_pipeline_less_than_two:sm0:48:sm1|                                                           ; 2 (2)               ; 2 (2)                     ; 0           ; 0            ; 0       ; 0         ; 0    ; 0            ; |motherboard|sld_signaltap:auto_signaltap_0|sld_signaltap_impl:sld_signaltap_body|sld_signaltap_implb:sld_signaltap_body|sld_ela_control:ela_control|sld_ela_basic_multi_level_trigger:\basic_multi_level_mbpm_trigger_gen:multi_level_mbpm|sld_mbpmg:\trigger_modules_gen:0:trigger_match|sld_sbpmg:\gen_sbpmg_pipeline_less_than_two:sm0:48:sm1       ; sld_sbpmg                         ; work         ;
;                      |sld_sbpmg:\gen_sbpmg_pipeline_less_than_two:sm0:49:sm1|                                                           ; 2 (2)               ; 2 (2)                     ; 0           ; 0            ; 0       ; 0         ; 0    ; 0            ; |motherboard|sld_signaltap:auto_signaltap_0|sld_signaltap_impl:sld_signaltap_body|sld_signaltap_implb:sld_signaltap_body|sld_ela_control:ela_control|sld_ela_basic_multi_level_trigger:\basic_multi_level_mbpm_trigger_gen:multi_level_mbpm|sld_mbpmg:\trigger_modules_gen:0:trigger_match|sld_sbpmg:\gen_sbpmg_pipeline_less_than_two:sm0:49:sm1       ; sld_sbpmg                         ; work         ;
;                      |sld_sbpmg:\gen_sbpmg_pipeline_less_than_two:sm0:4:sm1|                                                            ; 2 (2)               ; 2 (2)                     ; 0           ; 0            ; 0       ; 0         ; 0    ; 0            ; |motherboard|sld_signaltap:auto_signaltap_0|sld_signaltap_impl:sld_signaltap_body|sld_signaltap_implb:sld_signaltap_body|sld_ela_control:ela_control|sld_ela_basic_multi_level_trigger:\basic_multi_level_mbpm_trigger_gen:multi_level_mbpm|sld_mbpmg:\trigger_modules_gen:0:trigger_match|sld_sbpmg:\gen_sbpmg_pipeline_less_than_two:sm0:4:sm1        ; sld_sbpmg                         ; work         ;
;                      |sld_sbpmg:\gen_sbpmg_pipeline_less_than_two:sm0:50:sm1|                                                           ; 2 (2)               ; 2 (2)                     ; 0           ; 0            ; 0       ; 0         ; 0    ; 0            ; |motherboard|sld_signaltap:auto_signaltap_0|sld_signaltap_impl:sld_signaltap_body|sld_signaltap_implb:sld_signaltap_body|sld_ela_control:ela_control|sld_ela_basic_multi_level_trigger:\basic_multi_level_mbpm_trigger_gen:multi_level_mbpm|sld_mbpmg:\trigger_modules_gen:0:trigger_match|sld_sbpmg:\gen_sbpmg_pipeline_less_than_two:sm0:50:sm1       ; sld_sbpmg                         ; work         ;
;                      |sld_sbpmg:\gen_sbpmg_pipeline_less_than_two:sm0:51:sm1|                                                           ; 2 (2)               ; 2 (2)                     ; 0           ; 0            ; 0       ; 0         ; 0    ; 0            ; |motherboard|sld_signaltap:auto_signaltap_0|sld_signaltap_impl:sld_signaltap_body|sld_signaltap_implb:sld_signaltap_body|sld_ela_control:ela_control|sld_ela_basic_multi_level_trigger:\basic_multi_level_mbpm_trigger_gen:multi_level_mbpm|sld_mbpmg:\trigger_modules_gen:0:trigger_match|sld_sbpmg:\gen_sbpmg_pipeline_less_than_two:sm0:51:sm1       ; sld_sbpmg                         ; work         ;
;                      |sld_sbpmg:\gen_sbpmg_pipeline_less_than_two:sm0:52:sm1|                                                           ; 2 (2)               ; 2 (2)                     ; 0           ; 0            ; 0       ; 0         ; 0    ; 0            ; |motherboard|sld_signaltap:auto_signaltap_0|sld_signaltap_impl:sld_signaltap_body|sld_signaltap_implb:sld_signaltap_body|sld_ela_control:ela_control|sld_ela_basic_multi_level_trigger:\basic_multi_level_mbpm_trigger_gen:multi_level_mbpm|sld_mbpmg:\trigger_modules_gen:0:trigger_match|sld_sbpmg:\gen_sbpmg_pipeline_less_than_two:sm0:52:sm1       ; sld_sbpmg                         ; work         ;
;                      |sld_sbpmg:\gen_sbpmg_pipeline_less_than_two:sm0:53:sm1|                                                           ; 2 (2)               ; 2 (2)                     ; 0           ; 0            ; 0       ; 0         ; 0    ; 0            ; |motherboard|sld_signaltap:auto_signaltap_0|sld_signaltap_impl:sld_signaltap_body|sld_signaltap_implb:sld_signaltap_body|sld_ela_control:ela_control|sld_ela_basic_multi_level_trigger:\basic_multi_level_mbpm_trigger_gen:multi_level_mbpm|sld_mbpmg:\trigger_modules_gen:0:trigger_match|sld_sbpmg:\gen_sbpmg_pipeline_less_than_two:sm0:53:sm1       ; sld_sbpmg                         ; work         ;
;                      |sld_sbpmg:\gen_sbpmg_pipeline_less_than_two:sm0:54:sm1|                                                           ; 2 (2)               ; 2 (2)                     ; 0           ; 0            ; 0       ; 0         ; 0    ; 0            ; |motherboard|sld_signaltap:auto_signaltap_0|sld_signaltap_impl:sld_signaltap_body|sld_signaltap_implb:sld_signaltap_body|sld_ela_control:ela_control|sld_ela_basic_multi_level_trigger:\basic_multi_level_mbpm_trigger_gen:multi_level_mbpm|sld_mbpmg:\trigger_modules_gen:0:trigger_match|sld_sbpmg:\gen_sbpmg_pipeline_less_than_two:sm0:54:sm1       ; sld_sbpmg                         ; work         ;
;                      |sld_sbpmg:\gen_sbpmg_pipeline_less_than_two:sm0:55:sm1|                                                           ; 2 (2)               ; 2 (2)                     ; 0           ; 0            ; 0       ; 0         ; 0    ; 0            ; |motherboard|sld_signaltap:auto_signaltap_0|sld_signaltap_impl:sld_signaltap_body|sld_signaltap_implb:sld_signaltap_body|sld_ela_control:ela_control|sld_ela_basic_multi_level_trigger:\basic_multi_level_mbpm_trigger_gen:multi_level_mbpm|sld_mbpmg:\trigger_modules_gen:0:trigger_match|sld_sbpmg:\gen_sbpmg_pipeline_less_than_two:sm0:55:sm1       ; sld_sbpmg                         ; work         ;
;                      |sld_sbpmg:\gen_sbpmg_pipeline_less_than_two:sm0:56:sm1|                                                           ; 2 (2)               ; 2 (2)                     ; 0           ; 0            ; 0       ; 0         ; 0    ; 0            ; |motherboard|sld_signaltap:auto_signaltap_0|sld_signaltap_impl:sld_signaltap_body|sld_signaltap_implb:sld_signaltap_body|sld_ela_control:ela_control|sld_ela_basic_multi_level_trigger:\basic_multi_level_mbpm_trigger_gen:multi_level_mbpm|sld_mbpmg:\trigger_modules_gen:0:trigger_match|sld_sbpmg:\gen_sbpmg_pipeline_less_than_two:sm0:56:sm1       ; sld_sbpmg                         ; work         ;
;                      |sld_sbpmg:\gen_sbpmg_pipeline_less_than_two:sm0:57:sm1|                                                           ; 2 (2)               ; 2 (2)                     ; 0           ; 0            ; 0       ; 0         ; 0    ; 0            ; |motherboard|sld_signaltap:auto_signaltap_0|sld_signaltap_impl:sld_signaltap_body|sld_signaltap_implb:sld_signaltap_body|sld_ela_control:ela_control|sld_ela_basic_multi_level_trigger:\basic_multi_level_mbpm_trigger_gen:multi_level_mbpm|sld_mbpmg:\trigger_modules_gen:0:trigger_match|sld_sbpmg:\gen_sbpmg_pipeline_less_than_two:sm0:57:sm1       ; sld_sbpmg                         ; work         ;
;                      |sld_sbpmg:\gen_sbpmg_pipeline_less_than_two:sm0:58:sm1|                                                           ; 2 (2)               ; 2 (2)                     ; 0           ; 0            ; 0       ; 0         ; 0    ; 0            ; |motherboard|sld_signaltap:auto_signaltap_0|sld_signaltap_impl:sld_signaltap_body|sld_signaltap_implb:sld_signaltap_body|sld_ela_control:ela_control|sld_ela_basic_multi_level_trigger:\basic_multi_level_mbpm_trigger_gen:multi_level_mbpm|sld_mbpmg:\trigger_modules_gen:0:trigger_match|sld_sbpmg:\gen_sbpmg_pipeline_less_than_two:sm0:58:sm1       ; sld_sbpmg                         ; work         ;
;                      |sld_sbpmg:\gen_sbpmg_pipeline_less_than_two:sm0:59:sm1|                                                           ; 2 (2)               ; 2 (2)                     ; 0           ; 0            ; 0       ; 0         ; 0    ; 0            ; |motherboard|sld_signaltap:auto_signaltap_0|sld_signaltap_impl:sld_signaltap_body|sld_signaltap_implb:sld_signaltap_body|sld_ela_control:ela_control|sld_ela_basic_multi_level_trigger:\basic_multi_level_mbpm_trigger_gen:multi_level_mbpm|sld_mbpmg:\trigger_modules_gen:0:trigger_match|sld_sbpmg:\gen_sbpmg_pipeline_less_than_two:sm0:59:sm1       ; sld_sbpmg                         ; work         ;
;                      |sld_sbpmg:\gen_sbpmg_pipeline_less_than_two:sm0:5:sm1|                                                            ; 2 (2)               ; 2 (2)                     ; 0           ; 0            ; 0       ; 0         ; 0    ; 0            ; |motherboard|sld_signaltap:auto_signaltap_0|sld_signaltap_impl:sld_signaltap_body|sld_signaltap_implb:sld_signaltap_body|sld_ela_control:ela_control|sld_ela_basic_multi_level_trigger:\basic_multi_level_mbpm_trigger_gen:multi_level_mbpm|sld_mbpmg:\trigger_modules_gen:0:trigger_match|sld_sbpmg:\gen_sbpmg_pipeline_less_than_two:sm0:5:sm1        ; sld_sbpmg                         ; work         ;
;                      |sld_sbpmg:\gen_sbpmg_pipeline_less_than_two:sm0:6:sm1|                                                            ; 2 (2)               ; 2 (2)                     ; 0           ; 0            ; 0       ; 0         ; 0    ; 0            ; |motherboard|sld_signaltap:auto_signaltap_0|sld_signaltap_impl:sld_signaltap_body|sld_signaltap_implb:sld_signaltap_body|sld_ela_control:ela_control|sld_ela_basic_multi_level_trigger:\basic_multi_level_mbpm_trigger_gen:multi_level_mbpm|sld_mbpmg:\trigger_modules_gen:0:trigger_match|sld_sbpmg:\gen_sbpmg_pipeline_less_than_two:sm0:6:sm1        ; sld_sbpmg                         ; work         ;
;                      |sld_sbpmg:\gen_sbpmg_pipeline_less_than_two:sm0:7:sm1|                                                            ; 2 (2)               ; 2 (2)                     ; 0           ; 0            ; 0       ; 0         ; 0    ; 0            ; |motherboard|sld_signaltap:auto_signaltap_0|sld_signaltap_impl:sld_signaltap_body|sld_signaltap_implb:sld_signaltap_body|sld_ela_control:ela_control|sld_ela_basic_multi_level_trigger:\basic_multi_level_mbpm_trigger_gen:multi_level_mbpm|sld_mbpmg:\trigger_modules_gen:0:trigger_match|sld_sbpmg:\gen_sbpmg_pipeline_less_than_two:sm0:7:sm1        ; sld_sbpmg                         ; work         ;
;                      |sld_sbpmg:\gen_sbpmg_pipeline_less_than_two:sm0:8:sm1|                                                            ; 2 (2)               ; 2 (2)                     ; 0           ; 0            ; 0       ; 0         ; 0    ; 0            ; |motherboard|sld_signaltap:auto_signaltap_0|sld_signaltap_impl:sld_signaltap_body|sld_signaltap_implb:sld_signaltap_body|sld_ela_control:ela_control|sld_ela_basic_multi_level_trigger:\basic_multi_level_mbpm_trigger_gen:multi_level_mbpm|sld_mbpmg:\trigger_modules_gen:0:trigger_match|sld_sbpmg:\gen_sbpmg_pipeline_less_than_two:sm0:8:sm1        ; sld_sbpmg                         ; work         ;
;                      |sld_sbpmg:\gen_sbpmg_pipeline_less_than_two:sm0:9:sm1|                                                            ; 2 (2)               ; 2 (2)                     ; 0           ; 0            ; 0       ; 0         ; 0    ; 0            ; |motherboard|sld_signaltap:auto_signaltap_0|sld_signaltap_impl:sld_signaltap_body|sld_signaltap_implb:sld_signaltap_body|sld_ela_control:ela_control|sld_ela_basic_multi_level_trigger:\basic_multi_level_mbpm_trigger_gen:multi_level_mbpm|sld_mbpmg:\trigger_modules_gen:0:trigger_match|sld_sbpmg:\gen_sbpmg_pipeline_less_than_two:sm0:9:sm1        ; sld_sbpmg                         ; work         ;
;                |sld_ela_trigger_flow_mgr:\builtin:ela_trigger_flow_mgr_entity|                                                          ; 21 (21)             ; 11 (1)                    ; 0           ; 0            ; 0       ; 0         ; 0    ; 0            ; |motherboard|sld_signaltap:auto_signaltap_0|sld_signaltap_impl:sld_signaltap_body|sld_signaltap_implb:sld_signaltap_body|sld_ela_control:ela_control|sld_ela_trigger_flow_mgr:\builtin:ela_trigger_flow_mgr_entity                                                                                                                                      ; sld_ela_trigger_flow_mgr          ; work         ;
;                   |lpm_shiftreg:trigger_config_deserialize|                                                                             ; 0 (0)               ; 10 (10)                   ; 0           ; 0            ; 0       ; 0         ; 0    ; 0            ; |motherboard|sld_signaltap:auto_signaltap_0|sld_signaltap_impl:sld_signaltap_body|sld_signaltap_implb:sld_signaltap_body|sld_ela_control:ela_control|sld_ela_trigger_flow_mgr:\builtin:ela_trigger_flow_mgr_entity|lpm_shiftreg:trigger_config_deserialize                                                                                              ; lpm_shiftreg                      ; work         ;
;             |sld_offload_buffer_mgr:\stp_non_zero_depth_offload_gen:stp_offload_buff_mgr_inst|                                          ; 155 (10)            ; 139 (0)                   ; 0           ; 0            ; 0       ; 0         ; 0    ; 0            ; |motherboard|sld_signaltap:auto_signaltap_0|sld_signaltap_impl:sld_signaltap_body|sld_signaltap_implb:sld_signaltap_body|sld_offload_buffer_mgr:\stp_non_zero_depth_offload_gen:stp_offload_buff_mgr_inst                                                                                                                                               ; sld_offload_buffer_mgr            ; work         ;
;                |lpm_counter:\adv_point_3_and_more:advance_pointer_counter|                                                              ; 8 (0)               ; 6 (0)                     ; 0           ; 0            ; 0       ; 0         ; 0    ; 0            ; |motherboard|sld_signaltap:auto_signaltap_0|sld_signaltap_impl:sld_signaltap_body|sld_signaltap_implb:sld_signaltap_body|sld_offload_buffer_mgr:\stp_non_zero_depth_offload_gen:stp_offload_buff_mgr_inst|lpm_counter:\adv_point_3_and_more:advance_pointer_counter                                                                                     ; lpm_counter                       ; work         ;
;                   |cntr_ggi:auto_generated|                                                                                             ; 8 (8)               ; 6 (6)                     ; 0           ; 0            ; 0       ; 0         ; 0    ; 0            ; |motherboard|sld_signaltap:auto_signaltap_0|sld_signaltap_impl:sld_signaltap_body|sld_signaltap_implb:sld_signaltap_body|sld_offload_buffer_mgr:\stp_non_zero_depth_offload_gen:stp_offload_buff_mgr_inst|lpm_counter:\adv_point_3_and_more:advance_pointer_counter|cntr_ggi:auto_generated                                                             ; cntr_ggi                          ; work         ;
;                |lpm_counter:read_pointer_counter|                                                                                       ; 13 (0)              ; 13 (0)                    ; 0           ; 0            ; 0       ; 0         ; 0    ; 0            ; |motherboard|sld_signaltap:auto_signaltap_0|sld_signaltap_impl:sld_signaltap_body|sld_signaltap_implb:sld_signaltap_body|sld_offload_buffer_mgr:\stp_non_zero_depth_offload_gen:stp_offload_buff_mgr_inst|lpm_counter:read_pointer_counter                                                                                                              ; lpm_counter                       ; work         ;
;                   |cntr_o9j:auto_generated|                                                                                             ; 13 (13)             ; 13 (13)                   ; 0           ; 0            ; 0       ; 0         ; 0    ; 0            ; |motherboard|sld_signaltap:auto_signaltap_0|sld_signaltap_impl:sld_signaltap_body|sld_signaltap_implb:sld_signaltap_body|sld_offload_buffer_mgr:\stp_non_zero_depth_offload_gen:stp_offload_buff_mgr_inst|lpm_counter:read_pointer_counter|cntr_o9j:auto_generated                                                                                      ; cntr_o9j                          ; work         ;
;                |lpm_counter:status_advance_pointer_counter|                                                                             ; 7 (0)               ; 5 (0)                     ; 0           ; 0            ; 0       ; 0         ; 0    ; 0            ; |motherboard|sld_signaltap:auto_signaltap_0|sld_signaltap_impl:sld_signaltap_body|sld_signaltap_implb:sld_signaltap_body|sld_offload_buffer_mgr:\stp_non_zero_depth_offload_gen:stp_offload_buff_mgr_inst|lpm_counter:status_advance_pointer_counter                                                                                                    ; lpm_counter                       ; work         ;
;                   |cntr_igi:auto_generated|                                                                                             ; 7 (7)               ; 5 (5)                     ; 0           ; 0            ; 0       ; 0         ; 0    ; 0            ; |motherboard|sld_signaltap:auto_signaltap_0|sld_signaltap_impl:sld_signaltap_body|sld_signaltap_implb:sld_signaltap_body|sld_offload_buffer_mgr:\stp_non_zero_depth_offload_gen:stp_offload_buff_mgr_inst|lpm_counter:status_advance_pointer_counter|cntr_igi:auto_generated                                                                            ; cntr_igi                          ; work         ;
;                |lpm_counter:status_read_pointer_counter|                                                                                ; 3 (0)               ; 1 (0)                     ; 0           ; 0            ; 0       ; 0         ; 0    ; 0            ; |motherboard|sld_signaltap:auto_signaltap_0|sld_signaltap_impl:sld_signaltap_body|sld_signaltap_implb:sld_signaltap_body|sld_offload_buffer_mgr:\stp_non_zero_depth_offload_gen:stp_offload_buff_mgr_inst|lpm_counter:status_read_pointer_counter                                                                                                       ; lpm_counter                       ; work         ;
;                   |cntr_23j:auto_generated|                                                                                             ; 3 (3)               ; 1 (1)                     ; 0           ; 0            ; 0       ; 0         ; 0    ; 0            ; |motherboard|sld_signaltap:auto_signaltap_0|sld_signaltap_impl:sld_signaltap_body|sld_signaltap_implb:sld_signaltap_body|sld_offload_buffer_mgr:\stp_non_zero_depth_offload_gen:stp_offload_buff_mgr_inst|lpm_counter:status_read_pointer_counter|cntr_23j:auto_generated                                                                               ; cntr_23j                          ; work         ;
;                |lpm_shiftreg:info_data_shift_out|                                                                                       ; 27 (27)             ; 27 (27)                   ; 0           ; 0            ; 0       ; 0         ; 0    ; 0            ; |motherboard|sld_signaltap:auto_signaltap_0|sld_signaltap_impl:sld_signaltap_body|sld_signaltap_implb:sld_signaltap_body|sld_offload_buffer_mgr:\stp_non_zero_depth_offload_gen:stp_offload_buff_mgr_inst|lpm_shiftreg:info_data_shift_out                                                                                                              ; lpm_shiftreg                      ; work         ;
;                |lpm_shiftreg:ram_data_shift_out|                                                                                        ; 60 (60)             ; 60 (60)                   ; 0           ; 0            ; 0       ; 0         ; 0    ; 0            ; |motherboard|sld_signaltap:auto_signaltap_0|sld_signaltap_impl:sld_signaltap_body|sld_signaltap_implb:sld_signaltap_body|sld_offload_buffer_mgr:\stp_non_zero_depth_offload_gen:stp_offload_buff_mgr_inst|lpm_shiftreg:ram_data_shift_out                                                                                                               ; lpm_shiftreg                      ; work         ;
;                |lpm_shiftreg:status_data_shift_out|                                                                                     ; 27 (27)             ; 27 (27)                   ; 0           ; 0            ; 0       ; 0         ; 0    ; 0            ; |motherboard|sld_signaltap:auto_signaltap_0|sld_signaltap_impl:sld_signaltap_body|sld_signaltap_implb:sld_signaltap_body|sld_offload_buffer_mgr:\stp_non_zero_depth_offload_gen:stp_offload_buff_mgr_inst|lpm_shiftreg:status_data_shift_out                                                                                                            ; lpm_shiftreg                      ; work         ;
;             |sld_rom_sr:crc_rom_sr|                                                                                                     ; 30 (30)             ; 8 (8)                     ; 0           ; 0            ; 0       ; 0         ; 0    ; 0            ; |motherboard|sld_signaltap:auto_signaltap_0|sld_signaltap_impl:sld_signaltap_body|sld_signaltap_implb:sld_signaltap_body|sld_rom_sr:crc_rom_sr                                                                                                                                                                                                          ; sld_rom_sr                        ; work         ;
;    |timer_millis:timer_millis_inst|                                                                                                     ; 106 (106)           ; 64 (64)                   ; 0           ; 0            ; 0       ; 0         ; 0    ; 0            ; |motherboard|timer_millis:timer_millis_inst                                                                                                                                                                                                                                                                                                             ; timer_millis                      ; work         ;
+-----------------------------------------------------------------------------------------------------------------------------------------+---------------------+---------------------------+-------------+--------------+---------+-----------+------+--------------+---------------------------------------------------------------------------------------------------------------------------------------------------------------------------------------------------------------------------------------------------------------------------------------------------------------------------------------------------------+-----------------------------------+--------------+
Note: For table entries with two numbers listed, the numbers in parentheses indicate the number of resources of the given type used by the specific entity alone. The numbers listed outside of parentheses indicate the total resources of the given type used by the specific entity and all of its sub-entities in the hierarchy.


+-------------------------------------------------------------------------------------------------------------------------------------------------------------------------------------------------------------------------------------------------------------------------------------------------------------------+
; Analysis & Synthesis RAM Summary                                                                                                                                                                                                                                                                                  ;
+-------------------------------------------------------------------------------------------------------------------------------------------------------------------------------------------------------+------+------------------+--------------+--------------+--------------+--------------+--------+------------+
; Name                                                                                                                                                                                                  ; Type ; Mode             ; Port A Depth ; Port A Width ; Port B Depth ; Port B Width ; Size   ; MIF        ;
+-------------------------------------------------------------------------------------------------------------------------------------------------------------------------------------------------------+------+------------------+--------------+--------------+--------------+--------------+--------+------------+
; memory:memory_inst|altsyncram:mem_rtl_0|altsyncram_qqq1:auto_generated|ALTSYNCRAM                                                                                                                     ; M9K  ; True Dual Port   ; 65536        ; 8            ; 65536        ; 8            ; 524288 ; memory.hex ;
; sld_signaltap:auto_signaltap_0|sld_signaltap_impl:sld_signaltap_body|sld_signaltap_implb:sld_signaltap_body|altsyncram:\stp_non_zero_ram_gen:stp_buffer_ram|altsyncram_eb24:auto_generated|ALTSYNCRAM ; AUTO ; Simple Dual Port ; 8192         ; 60           ; 8192         ; 60           ; 491520 ; None       ;
+-------------------------------------------------------------------------------------------------------------------------------------------------------------------------------------------------------+------+------------------+--------------+--------------+--------------+--------------+--------+------------+


+-----------------------------------------------------+
; Analysis & Synthesis DSP Block Usage Summary        ;
+---------------------------------------+-------------+
; Statistic                             ; Number Used ;
+---------------------------------------+-------------+
; Simple Multipliers (9-bit)            ; 1           ;
; Simple Multipliers (18-bit)           ; 1           ;
; Embedded Multiplier Blocks            ; --          ;
; Embedded Multiplier 9-bit elements    ; 3           ;
; Signed Embedded Multipliers           ; 0           ;
; Unsigned Embedded Multipliers         ; 2           ;
; Mixed Sign Embedded Multipliers       ; 0           ;
; Variable Sign Embedded Multipliers    ; 0           ;
; Dedicated Input Shift Register Chains ; 0           ;
+---------------------------------------+-------------+
Note: number of Embedded Multiplier Blocks used is only available after a successful fit.


+--------------------------------------------------------------------------------------------------------------------------------------------------------------------------------------------------------------------------------------------------------------------------------------------------------------------------------------------------------------------+
; Analysis & Synthesis IP Cores Summary                                                                                                                                                                                                                                                                                                                              ;
+--------+--------------+---------+--------------+--------------+----------------------------------------------------------------------------------------------------------------------------------------------------------------------------------------------------------------------------------------------------------------------------------+-----------------+
; Vendor ; IP Core Name ; Version ; Release Date ; License Type ; Entity Instance                                                                                                                                                                                                                                                                  ; IP Include File ;
+--------+--------------+---------+--------------+--------------+----------------------------------------------------------------------------------------------------------------------------------------------------------------------------------------------------------------------------------------------------------------------------------+-----------------+
; Altera ; Signal Tap   ; N/A     ; N/A          ; Licensed     ; |motherboard|sld_hub:auto_hub|alt_sld_fab_with_jtag_input:\instrumentation_fabric_with_node_gen:fabric_gen_new_way:with_jtag_input_gen:instrumentation_fabric|alt_sld_fab:instrumentation_fabric                                                                                 ;                 ;
; Altera ; Signal Tap   ; N/A     ; N/A          ; Licensed     ; |motherboard|sld_hub:auto_hub|alt_sld_fab_with_jtag_input:\instrumentation_fabric_with_node_gen:fabric_gen_new_way:with_jtag_input_gen:instrumentation_fabric|alt_sld_fab:instrumentation_fabric|alt_sld_fab_alt_sld_fab:alt_sld_fab                                             ;                 ;
; Altera ; Signal Tap   ; N/A     ; N/A          ; Licensed     ; |motherboard|sld_hub:auto_hub|alt_sld_fab_with_jtag_input:\instrumentation_fabric_with_node_gen:fabric_gen_new_way:with_jtag_input_gen:instrumentation_fabric|alt_sld_fab:instrumentation_fabric|alt_sld_fab_alt_sld_fab:alt_sld_fab|alt_sld_fab_alt_sld_fab_presplit:presplit   ;                 ;
; Altera ; Signal Tap   ; N/A     ; N/A          ; Licensed     ; |motherboard|sld_hub:auto_hub|alt_sld_fab_with_jtag_input:\instrumentation_fabric_with_node_gen:fabric_gen_new_way:with_jtag_input_gen:instrumentation_fabric|alt_sld_fab:instrumentation_fabric|alt_sld_fab_alt_sld_fab:alt_sld_fab|alt_sld_fab_alt_sld_fab_sldfabric:sldfabric ;                 ;
; Altera ; Signal Tap   ; N/A     ; N/A          ; Licensed     ; |motherboard|sld_hub:auto_hub|alt_sld_fab_with_jtag_input:\instrumentation_fabric_with_node_gen:fabric_gen_new_way:with_jtag_input_gen:instrumentation_fabric|alt_sld_fab:instrumentation_fabric|alt_sld_fab_alt_sld_fab:alt_sld_fab|alt_sld_fab_alt_sld_fab_splitter:splitter   ;                 ;
+--------+--------------+---------+--------------+--------------+----------------------------------------------------------------------------------------------------------------------------------------------------------------------------------------------------------------------------------------------------------------------------------+-----------------+


Encoding Type:  One-Hot
+-------------------------------------------------------------------------------------------------------+
; State Machine - |motherboard|screencard:screencard_inst|vga_adapter:vga_adpater_1|v_state             ;
+---------------------+--------------------+--------------------+---------------------+-----------------+
; Name                ; v_state.BACK_PORCH ; v_state.SYNC_PULSE ; v_state.FRONT_PORCH ; v_state.DISPLAY ;
+---------------------+--------------------+--------------------+---------------------+-----------------+
; v_state.DISPLAY     ; 0                  ; 0                  ; 0                   ; 0               ;
; v_state.FRONT_PORCH ; 0                  ; 0                  ; 1                   ; 1               ;
; v_state.SYNC_PULSE  ; 0                  ; 1                  ; 0                   ; 1               ;
; v_state.BACK_PORCH  ; 1                  ; 0                  ; 0                   ; 1               ;
+---------------------+--------------------+--------------------+---------------------+-----------------+


Encoding Type:  One-Hot
+-------------------------------------------------------------------------------------------------------+
; State Machine - |motherboard|screencard:screencard_inst|vga_adapter:vga_adpater_1|h_state             ;
+---------------------+--------------------+--------------------+---------------------+-----------------+
; Name                ; h_state.BACK_PORCH ; h_state.SYNC_PULSE ; h_state.FRONT_PORCH ; h_state.DISPLAY ;
+---------------------+--------------------+--------------------+---------------------+-----------------+
; h_state.DISPLAY     ; 0                  ; 0                  ; 0                   ; 0               ;
; h_state.FRONT_PORCH ; 0                  ; 0                  ; 1                   ; 1               ;
; h_state.SYNC_PULSE  ; 0                  ; 1                  ; 0                   ; 1               ;
; h_state.BACK_PORCH  ; 1                  ; 0                  ; 0                   ; 1               ;
+---------------------+--------------------+--------------------+---------------------+-----------------+


Encoding Type:  One-Hot
+-----------------------------------------------------------------------------------------------------------------------------------------------------------------------------------------------------------------------------------------------------+
; State Machine - |motherboard|PS2_MODUL:PS2_MODUL_inst|PS2_ASCII_TABLE:PS2_ASCII_TABLE_inst|state                                                                                                                                                    ;
+--------------------------------+-----------------+--------------------------------+--------------------+------------------+----------------+-----------------+----------------+----------------+-------------------+-------------------+------------+
; Name                           ; state.WRITE_CPU ; state.RM_FROM_REMOVE_TABLE_CPU ; state.RM_ASCII_CPU ; state.ROTATE_CPU ; state.READ_CPU ; state.START_CPU ; state.RM_ARRAY ; state.AD_ARRAY ; state.COUNT_ARRAY ; state.START_ARRAY ; state.IDLE ;
+--------------------------------+-----------------+--------------------------------+--------------------+------------------+----------------+-----------------+----------------+----------------+-------------------+-------------------+------------+
; state.IDLE                     ; 0               ; 0                              ; 0                  ; 0                ; 0              ; 0               ; 0              ; 0              ; 0                 ; 0                 ; 0          ;
; state.START_ARRAY              ; 0               ; 0                              ; 0                  ; 0                ; 0              ; 0               ; 0              ; 0              ; 0                 ; 1                 ; 1          ;
; state.COUNT_ARRAY              ; 0               ; 0                              ; 0                  ; 0                ; 0              ; 0               ; 0              ; 0              ; 1                 ; 0                 ; 1          ;
; state.AD_ARRAY                 ; 0               ; 0                              ; 0                  ; 0                ; 0              ; 0               ; 0              ; 1              ; 0                 ; 0                 ; 1          ;
; state.RM_ARRAY                 ; 0               ; 0                              ; 0                  ; 0                ; 0              ; 0               ; 1              ; 0              ; 0                 ; 0                 ; 1          ;
; state.START_CPU                ; 0               ; 0                              ; 0                  ; 0                ; 0              ; 1               ; 0              ; 0              ; 0                 ; 0                 ; 1          ;
; state.READ_CPU                 ; 0               ; 0                              ; 0                  ; 0                ; 1              ; 0               ; 0              ; 0              ; 0                 ; 0                 ; 1          ;
; state.ROTATE_CPU               ; 0               ; 0                              ; 0                  ; 1                ; 0              ; 0               ; 0              ; 0              ; 0                 ; 0                 ; 1          ;
; state.RM_ASCII_CPU             ; 0               ; 0                              ; 1                  ; 0                ; 0              ; 0               ; 0              ; 0              ; 0                 ; 0                 ; 1          ;
; state.RM_FROM_REMOVE_TABLE_CPU ; 0               ; 1                              ; 0                  ; 0                ; 0              ; 0               ; 0              ; 0              ; 0                 ; 0                 ; 1          ;
; state.WRITE_CPU                ; 1               ; 0                              ; 0                  ; 0                ; 0              ; 0               ; 0              ; 0              ; 0                 ; 0                 ; 1          ;
+--------------------------------+-----------------+--------------------------------+--------------------+------------------+----------------+-----------------+----------------+----------------+-------------------+-------------------+------------+


Encoding Type:  One-Hot
+--------------------------------------------------------------------------------------+
; State Machine - |motherboard|PS2_MODUL:PS2_MODUL_inst|PS2_MERGE:PS2_MERGE_inst|state ;
+-------------+------------+------------+-------------+--------------------------------+
; Name        ; state.DONE ; state.SEND ; state.START ; state.IDLE                     ;
+-------------+------------+------------+-------------+--------------------------------+
; state.IDLE  ; 0          ; 0          ; 0           ; 0                              ;
; state.START ; 0          ; 0          ; 1           ; 1                              ;
; state.SEND  ; 0          ; 1          ; 0           ; 1                              ;
; state.DONE  ; 1          ; 0          ; 0           ; 1                              ;
+-------------+------------+------------+-------------+--------------------------------+


Encoding Type:  One-Hot
+--------------------------------------------------------------------------------------------------------------------------------+
; State Machine - |motherboard|PS2_MODUL:PS2_MODUL_inst|PS2_RAW_DATA:PS2_RAW_DATA_inst|ps2_state                                 ;
+-------------------+-----------------+----------------+------------------+-------------------+-----------------+----------------+
; Name              ; ps2_state.ERROR ; ps2_state.STOP ; ps2_state.PARITY ; ps2_state.DATA_IN ; ps2_state.START ; ps2_state.IDLE ;
+-------------------+-----------------+----------------+------------------+-------------------+-----------------+----------------+
; ps2_state.IDLE    ; 0               ; 0              ; 0                ; 0                 ; 0               ; 0              ;
; ps2_state.START   ; 0               ; 0              ; 0                ; 0                 ; 1               ; 1              ;
; ps2_state.DATA_IN ; 0               ; 0              ; 0                ; 1                 ; 0               ; 1              ;
; ps2_state.PARITY  ; 0               ; 0              ; 1                ; 0                 ; 0               ; 1              ;
; ps2_state.STOP    ; 0               ; 1              ; 0                ; 0                 ; 0               ; 1              ;
; ps2_state.ERROR   ; 1               ; 0              ; 0                ; 0                 ; 0               ; 1              ;
+-------------------+-----------------+----------------+------------------+-------------------+-----------------+----------------+


Encoding Type:  One-Hot
+--------------------------------------------------------------------------------------------------+
; State Machine - |motherboard|eeprom_manager:eeprom_manager_inst|I2C_MASTER:i2c_master_inst|PHASE ;
+--------------+------------+------------+--------------+------------------------------------------+
; Name         ; PHASE.pEND ; PHASE.pMID ; PHASE.pFIRST ; PHASE.pIDLE                              ;
+--------------+------------+------------+--------------+------------------------------------------+
; PHASE.pIDLE  ; 0          ; 0          ; 0            ; 0                                        ;
; PHASE.pFIRST ; 0          ; 0          ; 1            ; 1                                        ;
; PHASE.pMID   ; 0          ; 1          ; 0            ; 1                                        ;
; PHASE.pEND   ; 1          ; 0          ; 0            ; 1                                        ;
+--------------+------------+------------+--------------+------------------------------------------+


Encoding Type:  One-Hot
+----------------------------------------------------------------------------------------------------------+
; State Machine - |motherboard|eeprom_manager:eeprom_manager_inst|I2C_MASTER:i2c_master_inst|STATE         ;
+-----------------+--------------+-------------+------------+-----------------+--------------+-------------+
; Name            ; STATE.sSTOPP ; STATE.sHOLD ; STATE.sACK ; STATE.sTRANSFER ; STATE.sSTART ; STATE.sIDLE ;
+-----------------+--------------+-------------+------------+-----------------+--------------+-------------+
; STATE.sIDLE     ; 0            ; 0           ; 0          ; 0               ; 0            ; 0           ;
; STATE.sSTART    ; 0            ; 0           ; 0          ; 0               ; 1            ; 1           ;
; STATE.sTRANSFER ; 0            ; 0           ; 0          ; 1               ; 0            ; 1           ;
; STATE.sACK      ; 0            ; 0           ; 1          ; 0               ; 0            ; 1           ;
; STATE.sHOLD     ; 0            ; 1           ; 0          ; 0               ; 0            ; 1           ;
; STATE.sSTOPP    ; 1            ; 0           ; 0          ; 0               ; 0            ; 1           ;
+-----------------+--------------+-------------+------------+-----------------+--------------+-------------+


Encoding Type:  One-Hot
+-----------------------------------------------------------------------------------------------------------------------+
; State Machine - |motherboard|eeprom_manager:eeprom_manager_inst|eeprom_i2c_controller:eeprom_i2c_controller_inst|MODE ;
+------------------+-----------------+------------------+---------------------------------------------------------------+
; Name             ; MODE.m_READ_SEQ ; MODE.m_READ_RAND ; MODE.m_WRITE                                                  ;
+------------------+-----------------+------------------+---------------------------------------------------------------+
; MODE.m_WRITE     ; 0               ; 0                ; 0                                                             ;
; MODE.m_READ_RAND ; 0               ; 1                ; 1                                                             ;
; MODE.m_READ_SEQ  ; 1               ; 0                ; 1                                                             ;
+------------------+-----------------+------------------+---------------------------------------------------------------+


Encoding Type:  One-Hot
+--------------------------------------------------------------------------------------------------------------------------------------------------------+
; State Machine - |motherboard|eeprom_manager:eeprom_manager_inst|eeprom_i2c_controller:eeprom_i2c_controller_inst|state_dff                             ;
+------------------------+------------------+-------------------+------------------------+------------------------+-------------------+------------------+
; Name                   ; state_dff.s_READ ; state_dff.s_WRITE ; state_dff.s_ADDRESS_LL ; state_dff.s_ADDRESS_HH ; state_dff.s_START ; state_dff.s_IDLE ;
+------------------------+------------------+-------------------+------------------------+------------------------+-------------------+------------------+
; state_dff.s_IDLE       ; 0                ; 0                 ; 0                      ; 0                      ; 0                 ; 0                ;
; state_dff.s_START      ; 0                ; 0                 ; 0                      ; 0                      ; 1                 ; 1                ;
; state_dff.s_ADDRESS_HH ; 0                ; 0                 ; 0                      ; 1                      ; 0                 ; 1                ;
; state_dff.s_ADDRESS_LL ; 0                ; 0                 ; 1                      ; 0                      ; 0                 ; 1                ;
; state_dff.s_WRITE      ; 0                ; 1                 ; 0                      ; 0                      ; 0                 ; 1                ;
; state_dff.s_READ       ; 1                ; 0                 ; 0                      ; 0                      ; 0                 ; 1                ;
+------------------------+------------------+-------------------+------------------------+------------------------+-------------------+------------------+


Encoding Type:  One-Hot
+----------------------------------------------------------------------------------------------------------------------------+
; State Machine - |motherboard|eeprom_manager:eeprom_manager_inst|eeprom_i2c_controller:eeprom_i2c_controller_inst|STATE     ;
+--------------------+--------------+---------------+--------------------+--------------------+---------------+--------------+
; Name               ; STATE.s_READ ; STATE.s_WRITE ; STATE.s_ADDRESS_LL ; STATE.s_ADDRESS_HH ; STATE.s_START ; STATE.s_IDLE ;
+--------------------+--------------+---------------+--------------------+--------------------+---------------+--------------+
; STATE.s_IDLE       ; 0            ; 0             ; 0                  ; 0                  ; 0             ; 0            ;
; STATE.s_START      ; 0            ; 0             ; 0                  ; 0                  ; 1             ; 1            ;
; STATE.s_ADDRESS_HH ; 0            ; 0             ; 0                  ; 1                  ; 0             ; 1            ;
; STATE.s_ADDRESS_LL ; 0            ; 0             ; 1                  ; 0                  ; 0             ; 1            ;
; STATE.s_WRITE      ; 0            ; 1             ; 0                  ; 0                  ; 0             ; 1            ;
; STATE.s_READ       ; 1            ; 0             ; 0                  ; 0                  ; 0             ; 1            ;
+--------------------+--------------+---------------+--------------------+--------------------+---------------+--------------+


+---------------------------------------------------------------------------------------------------+
; User-Specified and Inferred Latches                                                               ;
+----------------------------------------------------+---------------------+------------------------+
; Latch Name                                         ; Latch Enable Signal ; Free of Timing Hazards ;
+----------------------------------------------------+---------------------+------------------------+
; cpu_data_out[0]                                    ; gpio_dff[8]         ; yes                    ;
; cpu_data_out[1]                                    ; gpio_dff[8]         ; yes                    ;
; cpu_data_out[2]                                    ; gpio_dff[8]         ; yes                    ;
; cpu_data_out[3]                                    ; gpio_dff[8]         ; yes                    ;
; cpu_data_out[4]                                    ; gpio_dff[8]         ; yes                    ;
; cpu_data_out[5]                                    ; gpio_dff[8]         ; yes                    ;
; cpu_data_out[6]                                    ; gpio_dff[8]         ; yes                    ;
; cpu_data_out[7]                                    ; gpio_dff[8]         ; yes                    ;
; Number of user-specified and inferred latches = 8  ;                     ;                        ;
+----------------------------------------------------+---------------------+------------------------+
Note: All latches listed above may not be present at the end of synthesis due to various synthesis optimizations.


+-------------------------------------------------------------------------------------------------------------------------------------------------------------------------------------------------------------------------------------------+
; Registers Removed During Synthesis                                                                                                                                                                                                        ;
+----------------------------------------------------------------------------------------------------------------------------------------+--------------------------------------------------------------------------------------------------+
; Register name                                                                                                                          ; Reason for Removal                                                                               ;
+----------------------------------------------------------------------------------------------------------------------------------------+--------------------------------------------------------------------------------------------------+
; eeprom_manager:eeprom_manager_inst|I2C_MASTER:i2c_master_inst|SCL~reg0                                                                 ; Stuck at GND due to stuck port data_in                                                           ;
; PS2_MODUL:PS2_MODUL_inst|PS2_TO_ASCII:PS2_TO_ASCII_inst|alt_r                                                                          ; Lost fanout                                                                                      ;
; PS2_MODUL:PS2_MODUL_inst|PS2_TO_ASCII:PS2_TO_ASCII_inst|ascii_sig[0..7]                                                                ; Lost fanout                                                                                      ;
; PS2_MODUL:PS2_MODUL_inst|PS2_TO_ASCII:PS2_TO_ASCII_inst|new_code_rising_edge_dff                                                       ; Lost fanout                                                                                      ;
; PS2_MODUL:PS2_MODUL_inst|PS2_TO_ASCII:PS2_TO_ASCII_inst|caps                                                                           ; Lost fanout                                                                                      ;
; PS2_MODUL:PS2_MODUL_inst|PS2_TO_ASCII:PS2_TO_ASCII_inst|shft_l                                                                         ; Lost fanout                                                                                      ;
; PS2_MODUL:PS2_MODUL_inst|PS2_TO_ASCII:PS2_TO_ASCII_inst|shft_r                                                                         ; Lost fanout                                                                                      ;
; PS2_MODUL:PS2_MODUL_inst|PS2_MERGE:PS2_MERGE_inst|layer_sig                                                                            ; Lost fanout                                                                                      ;
; PS2_MODUL:PS2_MODUL_inst|PS2_MERGE:PS2_MERGE_inst|break_sig                                                                            ; Lost fanout                                                                                      ;
; PS2_MODUL:PS2_MODUL_inst|PS2_MERGE:PS2_MERGE_inst|code[0..7]                                                                           ; Lost fanout                                                                                      ;
; PS2_MODUL:PS2_MODUL_inst|PS2_MERGE:PS2_MERGE_inst|forget_layer_break                                                                   ; Lost fanout                                                                                      ;
; PS2_MODUL:PS2_MODUL_inst|PS2_MERGE:PS2_MERGE_inst|break                                                                                ; Lost fanout                                                                                      ;
; PS2_MODUL:PS2_MODUL_inst|PS2_MERGE:PS2_MERGE_inst|layer                                                                                ; Lost fanout                                                                                      ;
; PS2_MODUL:PS2_MODUL_inst|PS2_TO_ASCII:PS2_TO_ASCII_inst|new_ascii                                                                      ; Stuck at GND due to stuck port data_in                                                           ;
; PS2_MODUL:PS2_MODUL_inst|PS2_TO_ASCII:PS2_TO_ASCII_inst|rising_edge_detector:new_code_rising_edge_detector|rising_edge_detected        ; Lost fanout                                                                                      ;
; PS2_MODUL:PS2_MODUL_inst|PS2_TO_ASCII:PS2_TO_ASCII_inst|rising_edge_detector:new_code_rising_edge_detector|sig_dff                     ; Lost fanout                                                                                      ;
; PS2_MODUL:PS2_MODUL_inst|PS2_ASCII_TABLE:PS2_ASCII_TABLE_inst|rising_edge_detector:new_ascii_rising_edge_detector|sig_dff              ; Lost fanout                                                                                      ;
; PS2_MODUL:PS2_MODUL_inst|PS2_ASCII_TABLE:PS2_ASCII_TABLE_inst|rising_edge_detector:new_ascii_rising_edge_detector|rising_edge_detected ; Stuck at GND due to stuck port data_in                                                           ;
; PS2_MODUL:PS2_MODUL_inst|PS2_MERGE:PS2_MERGE_inst|new_code                                                                             ; Lost fanout                                                                                      ;
; PS2_MODUL:PS2_MODUL_inst|PS2_ASCII_TABLE:PS2_ASCII_TABLE_inst|remove_table[15][1]                                                      ; Merged with PS2_MODUL:PS2_MODUL_inst|PS2_ASCII_TABLE:PS2_ASCII_TABLE_inst|remove_table[15][0]    ;
; PS2_MODUL:PS2_MODUL_inst|PS2_ASCII_TABLE:PS2_ASCII_TABLE_inst|remove_table[15][2]                                                      ; Merged with PS2_MODUL:PS2_MODUL_inst|PS2_ASCII_TABLE:PS2_ASCII_TABLE_inst|remove_table[15][0]    ;
; PS2_MODUL:PS2_MODUL_inst|PS2_ASCII_TABLE:PS2_ASCII_TABLE_inst|remove_table[15][3]                                                      ; Merged with PS2_MODUL:PS2_MODUL_inst|PS2_ASCII_TABLE:PS2_ASCII_TABLE_inst|remove_table[15][0]    ;
; PS2_MODUL:PS2_MODUL_inst|PS2_ASCII_TABLE:PS2_ASCII_TABLE_inst|remove_table[15][4]                                                      ; Merged with PS2_MODUL:PS2_MODUL_inst|PS2_ASCII_TABLE:PS2_ASCII_TABLE_inst|remove_table[15][0]    ;
; PS2_MODUL:PS2_MODUL_inst|PS2_ASCII_TABLE:PS2_ASCII_TABLE_inst|remove_table[15][5]                                                      ; Merged with PS2_MODUL:PS2_MODUL_inst|PS2_ASCII_TABLE:PS2_ASCII_TABLE_inst|remove_table[15][0]    ;
; PS2_MODUL:PS2_MODUL_inst|PS2_ASCII_TABLE:PS2_ASCII_TABLE_inst|remove_table[15][6]                                                      ; Merged with PS2_MODUL:PS2_MODUL_inst|PS2_ASCII_TABLE:PS2_ASCII_TABLE_inst|remove_table[15][0]    ;
; PS2_MODUL:PS2_MODUL_inst|PS2_ASCII_TABLE:PS2_ASCII_TABLE_inst|remove_table[15][7]                                                      ; Merged with PS2_MODUL:PS2_MODUL_inst|PS2_ASCII_TABLE:PS2_ASCII_TABLE_inst|remove_table[15][0]    ;
; PS2_MODUL:PS2_MODUL_inst|PS2_ASCII_TABLE:PS2_ASCII_TABLE_inst|remove_table[14][1]                                                      ; Merged with PS2_MODUL:PS2_MODUL_inst|PS2_ASCII_TABLE:PS2_ASCII_TABLE_inst|remove_table[14][0]    ;
; PS2_MODUL:PS2_MODUL_inst|PS2_ASCII_TABLE:PS2_ASCII_TABLE_inst|remove_table[14][2]                                                      ; Merged with PS2_MODUL:PS2_MODUL_inst|PS2_ASCII_TABLE:PS2_ASCII_TABLE_inst|remove_table[14][0]    ;
; PS2_MODUL:PS2_MODUL_inst|PS2_ASCII_TABLE:PS2_ASCII_TABLE_inst|remove_table[14][3]                                                      ; Merged with PS2_MODUL:PS2_MODUL_inst|PS2_ASCII_TABLE:PS2_ASCII_TABLE_inst|remove_table[14][0]    ;
; PS2_MODUL:PS2_MODUL_inst|PS2_ASCII_TABLE:PS2_ASCII_TABLE_inst|remove_table[14][4]                                                      ; Merged with PS2_MODUL:PS2_MODUL_inst|PS2_ASCII_TABLE:PS2_ASCII_TABLE_inst|remove_table[14][0]    ;
; PS2_MODUL:PS2_MODUL_inst|PS2_ASCII_TABLE:PS2_ASCII_TABLE_inst|remove_table[14][5]                                                      ; Merged with PS2_MODUL:PS2_MODUL_inst|PS2_ASCII_TABLE:PS2_ASCII_TABLE_inst|remove_table[14][0]    ;
; PS2_MODUL:PS2_MODUL_inst|PS2_ASCII_TABLE:PS2_ASCII_TABLE_inst|remove_table[14][6]                                                      ; Merged with PS2_MODUL:PS2_MODUL_inst|PS2_ASCII_TABLE:PS2_ASCII_TABLE_inst|remove_table[14][0]    ;
; PS2_MODUL:PS2_MODUL_inst|PS2_ASCII_TABLE:PS2_ASCII_TABLE_inst|remove_table[14][7]                                                      ; Merged with PS2_MODUL:PS2_MODUL_inst|PS2_ASCII_TABLE:PS2_ASCII_TABLE_inst|remove_table[14][0]    ;
; PS2_MODUL:PS2_MODUL_inst|PS2_ASCII_TABLE:PS2_ASCII_TABLE_inst|remove_table[13][1]                                                      ; Merged with PS2_MODUL:PS2_MODUL_inst|PS2_ASCII_TABLE:PS2_ASCII_TABLE_inst|remove_table[13][0]    ;
; PS2_MODUL:PS2_MODUL_inst|PS2_ASCII_TABLE:PS2_ASCII_TABLE_inst|remove_table[13][2]                                                      ; Merged with PS2_MODUL:PS2_MODUL_inst|PS2_ASCII_TABLE:PS2_ASCII_TABLE_inst|remove_table[13][0]    ;
; PS2_MODUL:PS2_MODUL_inst|PS2_ASCII_TABLE:PS2_ASCII_TABLE_inst|remove_table[13][3]                                                      ; Merged with PS2_MODUL:PS2_MODUL_inst|PS2_ASCII_TABLE:PS2_ASCII_TABLE_inst|remove_table[13][0]    ;
; PS2_MODUL:PS2_MODUL_inst|PS2_ASCII_TABLE:PS2_ASCII_TABLE_inst|remove_table[13][4]                                                      ; Merged with PS2_MODUL:PS2_MODUL_inst|PS2_ASCII_TABLE:PS2_ASCII_TABLE_inst|remove_table[13][0]    ;
; PS2_MODUL:PS2_MODUL_inst|PS2_ASCII_TABLE:PS2_ASCII_TABLE_inst|remove_table[13][5]                                                      ; Merged with PS2_MODUL:PS2_MODUL_inst|PS2_ASCII_TABLE:PS2_ASCII_TABLE_inst|remove_table[13][0]    ;
; PS2_MODUL:PS2_MODUL_inst|PS2_ASCII_TABLE:PS2_ASCII_TABLE_inst|remove_table[13][6]                                                      ; Merged with PS2_MODUL:PS2_MODUL_inst|PS2_ASCII_TABLE:PS2_ASCII_TABLE_inst|remove_table[13][0]    ;
; PS2_MODUL:PS2_MODUL_inst|PS2_ASCII_TABLE:PS2_ASCII_TABLE_inst|remove_table[13][7]                                                      ; Merged with PS2_MODUL:PS2_MODUL_inst|PS2_ASCII_TABLE:PS2_ASCII_TABLE_inst|remove_table[13][0]    ;
; PS2_MODUL:PS2_MODUL_inst|PS2_ASCII_TABLE:PS2_ASCII_TABLE_inst|remove_table[12][1]                                                      ; Merged with PS2_MODUL:PS2_MODUL_inst|PS2_ASCII_TABLE:PS2_ASCII_TABLE_inst|remove_table[12][0]    ;
; PS2_MODUL:PS2_MODUL_inst|PS2_ASCII_TABLE:PS2_ASCII_TABLE_inst|remove_table[12][2]                                                      ; Merged with PS2_MODUL:PS2_MODUL_inst|PS2_ASCII_TABLE:PS2_ASCII_TABLE_inst|remove_table[12][0]    ;
; PS2_MODUL:PS2_MODUL_inst|PS2_ASCII_TABLE:PS2_ASCII_TABLE_inst|remove_table[12][3]                                                      ; Merged with PS2_MODUL:PS2_MODUL_inst|PS2_ASCII_TABLE:PS2_ASCII_TABLE_inst|remove_table[12][0]    ;
; PS2_MODUL:PS2_MODUL_inst|PS2_ASCII_TABLE:PS2_ASCII_TABLE_inst|remove_table[12][4]                                                      ; Merged with PS2_MODUL:PS2_MODUL_inst|PS2_ASCII_TABLE:PS2_ASCII_TABLE_inst|remove_table[12][0]    ;
; PS2_MODUL:PS2_MODUL_inst|PS2_ASCII_TABLE:PS2_ASCII_TABLE_inst|remove_table[12][5]                                                      ; Merged with PS2_MODUL:PS2_MODUL_inst|PS2_ASCII_TABLE:PS2_ASCII_TABLE_inst|remove_table[12][0]    ;
; PS2_MODUL:PS2_MODUL_inst|PS2_ASCII_TABLE:PS2_ASCII_TABLE_inst|remove_table[12][6]                                                      ; Merged with PS2_MODUL:PS2_MODUL_inst|PS2_ASCII_TABLE:PS2_ASCII_TABLE_inst|remove_table[12][0]    ;
; PS2_MODUL:PS2_MODUL_inst|PS2_ASCII_TABLE:PS2_ASCII_TABLE_inst|remove_table[12][7]                                                      ; Merged with PS2_MODUL:PS2_MODUL_inst|PS2_ASCII_TABLE:PS2_ASCII_TABLE_inst|remove_table[12][0]    ;
; PS2_MODUL:PS2_MODUL_inst|PS2_ASCII_TABLE:PS2_ASCII_TABLE_inst|remove_table[11][1]                                                      ; Merged with PS2_MODUL:PS2_MODUL_inst|PS2_ASCII_TABLE:PS2_ASCII_TABLE_inst|remove_table[11][0]    ;
; PS2_MODUL:PS2_MODUL_inst|PS2_ASCII_TABLE:PS2_ASCII_TABLE_inst|remove_table[11][2]                                                      ; Merged with PS2_MODUL:PS2_MODUL_inst|PS2_ASCII_TABLE:PS2_ASCII_TABLE_inst|remove_table[11][0]    ;
; PS2_MODUL:PS2_MODUL_inst|PS2_ASCII_TABLE:PS2_ASCII_TABLE_inst|remove_table[11][3]                                                      ; Merged with PS2_MODUL:PS2_MODUL_inst|PS2_ASCII_TABLE:PS2_ASCII_TABLE_inst|remove_table[11][0]    ;
; PS2_MODUL:PS2_MODUL_inst|PS2_ASCII_TABLE:PS2_ASCII_TABLE_inst|remove_table[11][4]                                                      ; Merged with PS2_MODUL:PS2_MODUL_inst|PS2_ASCII_TABLE:PS2_ASCII_TABLE_inst|remove_table[11][0]    ;
; PS2_MODUL:PS2_MODUL_inst|PS2_ASCII_TABLE:PS2_ASCII_TABLE_inst|remove_table[11][5]                                                      ; Merged with PS2_MODUL:PS2_MODUL_inst|PS2_ASCII_TABLE:PS2_ASCII_TABLE_inst|remove_table[11][0]    ;
; PS2_MODUL:PS2_MODUL_inst|PS2_ASCII_TABLE:PS2_ASCII_TABLE_inst|remove_table[11][6]                                                      ; Merged with PS2_MODUL:PS2_MODUL_inst|PS2_ASCII_TABLE:PS2_ASCII_TABLE_inst|remove_table[11][0]    ;
; PS2_MODUL:PS2_MODUL_inst|PS2_ASCII_TABLE:PS2_ASCII_TABLE_inst|remove_table[11][7]                                                      ; Merged with PS2_MODUL:PS2_MODUL_inst|PS2_ASCII_TABLE:PS2_ASCII_TABLE_inst|remove_table[11][0]    ;
; PS2_MODUL:PS2_MODUL_inst|PS2_ASCII_TABLE:PS2_ASCII_TABLE_inst|remove_table[10][1]                                                      ; Merged with PS2_MODUL:PS2_MODUL_inst|PS2_ASCII_TABLE:PS2_ASCII_TABLE_inst|remove_table[10][0]    ;
; PS2_MODUL:PS2_MODUL_inst|PS2_ASCII_TABLE:PS2_ASCII_TABLE_inst|remove_table[10][2]                                                      ; Merged with PS2_MODUL:PS2_MODUL_inst|PS2_ASCII_TABLE:PS2_ASCII_TABLE_inst|remove_table[10][0]    ;
; PS2_MODUL:PS2_MODUL_inst|PS2_ASCII_TABLE:PS2_ASCII_TABLE_inst|remove_table[10][3]                                                      ; Merged with PS2_MODUL:PS2_MODUL_inst|PS2_ASCII_TABLE:PS2_ASCII_TABLE_inst|remove_table[10][0]    ;
; PS2_MODUL:PS2_MODUL_inst|PS2_ASCII_TABLE:PS2_ASCII_TABLE_inst|remove_table[10][4]                                                      ; Merged with PS2_MODUL:PS2_MODUL_inst|PS2_ASCII_TABLE:PS2_ASCII_TABLE_inst|remove_table[10][0]    ;
; PS2_MODUL:PS2_MODUL_inst|PS2_ASCII_TABLE:PS2_ASCII_TABLE_inst|remove_table[10][5]                                                      ; Merged with PS2_MODUL:PS2_MODUL_inst|PS2_ASCII_TABLE:PS2_ASCII_TABLE_inst|remove_table[10][0]    ;
; PS2_MODUL:PS2_MODUL_inst|PS2_ASCII_TABLE:PS2_ASCII_TABLE_inst|remove_table[10][6]                                                      ; Merged with PS2_MODUL:PS2_MODUL_inst|PS2_ASCII_TABLE:PS2_ASCII_TABLE_inst|remove_table[10][0]    ;
; PS2_MODUL:PS2_MODUL_inst|PS2_ASCII_TABLE:PS2_ASCII_TABLE_inst|remove_table[10][7]                                                      ; Merged with PS2_MODUL:PS2_MODUL_inst|PS2_ASCII_TABLE:PS2_ASCII_TABLE_inst|remove_table[10][0]    ;
; PS2_MODUL:PS2_MODUL_inst|PS2_ASCII_TABLE:PS2_ASCII_TABLE_inst|remove_table[9][1]                                                       ; Merged with PS2_MODUL:PS2_MODUL_inst|PS2_ASCII_TABLE:PS2_ASCII_TABLE_inst|remove_table[9][0]     ;
; PS2_MODUL:PS2_MODUL_inst|PS2_ASCII_TABLE:PS2_ASCII_TABLE_inst|remove_table[9][2]                                                       ; Merged with PS2_MODUL:PS2_MODUL_inst|PS2_ASCII_TABLE:PS2_ASCII_TABLE_inst|remove_table[9][0]     ;
; PS2_MODUL:PS2_MODUL_inst|PS2_ASCII_TABLE:PS2_ASCII_TABLE_inst|remove_table[9][3]                                                       ; Merged with PS2_MODUL:PS2_MODUL_inst|PS2_ASCII_TABLE:PS2_ASCII_TABLE_inst|remove_table[9][0]     ;
; PS2_MODUL:PS2_MODUL_inst|PS2_ASCII_TABLE:PS2_ASCII_TABLE_inst|remove_table[9][4]                                                       ; Merged with PS2_MODUL:PS2_MODUL_inst|PS2_ASCII_TABLE:PS2_ASCII_TABLE_inst|remove_table[9][0]     ;
; PS2_MODUL:PS2_MODUL_inst|PS2_ASCII_TABLE:PS2_ASCII_TABLE_inst|remove_table[9][5]                                                       ; Merged with PS2_MODUL:PS2_MODUL_inst|PS2_ASCII_TABLE:PS2_ASCII_TABLE_inst|remove_table[9][0]     ;
; PS2_MODUL:PS2_MODUL_inst|PS2_ASCII_TABLE:PS2_ASCII_TABLE_inst|remove_table[9][6]                                                       ; Merged with PS2_MODUL:PS2_MODUL_inst|PS2_ASCII_TABLE:PS2_ASCII_TABLE_inst|remove_table[9][0]     ;
; PS2_MODUL:PS2_MODUL_inst|PS2_ASCII_TABLE:PS2_ASCII_TABLE_inst|remove_table[9][7]                                                       ; Merged with PS2_MODUL:PS2_MODUL_inst|PS2_ASCII_TABLE:PS2_ASCII_TABLE_inst|remove_table[9][0]     ;
; PS2_MODUL:PS2_MODUL_inst|PS2_ASCII_TABLE:PS2_ASCII_TABLE_inst|remove_table[8][1]                                                       ; Merged with PS2_MODUL:PS2_MODUL_inst|PS2_ASCII_TABLE:PS2_ASCII_TABLE_inst|remove_table[8][0]     ;
; PS2_MODUL:PS2_MODUL_inst|PS2_ASCII_TABLE:PS2_ASCII_TABLE_inst|remove_table[8][2]                                                       ; Merged with PS2_MODUL:PS2_MODUL_inst|PS2_ASCII_TABLE:PS2_ASCII_TABLE_inst|remove_table[8][0]     ;
; PS2_MODUL:PS2_MODUL_inst|PS2_ASCII_TABLE:PS2_ASCII_TABLE_inst|remove_table[8][3]                                                       ; Merged with PS2_MODUL:PS2_MODUL_inst|PS2_ASCII_TABLE:PS2_ASCII_TABLE_inst|remove_table[8][0]     ;
; PS2_MODUL:PS2_MODUL_inst|PS2_ASCII_TABLE:PS2_ASCII_TABLE_inst|remove_table[8][4]                                                       ; Merged with PS2_MODUL:PS2_MODUL_inst|PS2_ASCII_TABLE:PS2_ASCII_TABLE_inst|remove_table[8][0]     ;
; PS2_MODUL:PS2_MODUL_inst|PS2_ASCII_TABLE:PS2_ASCII_TABLE_inst|remove_table[8][5]                                                       ; Merged with PS2_MODUL:PS2_MODUL_inst|PS2_ASCII_TABLE:PS2_ASCII_TABLE_inst|remove_table[8][0]     ;
; PS2_MODUL:PS2_MODUL_inst|PS2_ASCII_TABLE:PS2_ASCII_TABLE_inst|remove_table[8][6]                                                       ; Merged with PS2_MODUL:PS2_MODUL_inst|PS2_ASCII_TABLE:PS2_ASCII_TABLE_inst|remove_table[8][0]     ;
; PS2_MODUL:PS2_MODUL_inst|PS2_ASCII_TABLE:PS2_ASCII_TABLE_inst|remove_table[8][7]                                                       ; Merged with PS2_MODUL:PS2_MODUL_inst|PS2_ASCII_TABLE:PS2_ASCII_TABLE_inst|remove_table[8][0]     ;
; PS2_MODUL:PS2_MODUL_inst|PS2_ASCII_TABLE:PS2_ASCII_TABLE_inst|remove_table[7][1]                                                       ; Merged with PS2_MODUL:PS2_MODUL_inst|PS2_ASCII_TABLE:PS2_ASCII_TABLE_inst|remove_table[7][0]     ;
; PS2_MODUL:PS2_MODUL_inst|PS2_ASCII_TABLE:PS2_ASCII_TABLE_inst|remove_table[7][2]                                                       ; Merged with PS2_MODUL:PS2_MODUL_inst|PS2_ASCII_TABLE:PS2_ASCII_TABLE_inst|remove_table[7][0]     ;
; PS2_MODUL:PS2_MODUL_inst|PS2_ASCII_TABLE:PS2_ASCII_TABLE_inst|remove_table[7][3]                                                       ; Merged with PS2_MODUL:PS2_MODUL_inst|PS2_ASCII_TABLE:PS2_ASCII_TABLE_inst|remove_table[7][0]     ;
; PS2_MODUL:PS2_MODUL_inst|PS2_ASCII_TABLE:PS2_ASCII_TABLE_inst|remove_table[7][4]                                                       ; Merged with PS2_MODUL:PS2_MODUL_inst|PS2_ASCII_TABLE:PS2_ASCII_TABLE_inst|remove_table[7][0]     ;
; PS2_MODUL:PS2_MODUL_inst|PS2_ASCII_TABLE:PS2_ASCII_TABLE_inst|remove_table[7][5]                                                       ; Merged with PS2_MODUL:PS2_MODUL_inst|PS2_ASCII_TABLE:PS2_ASCII_TABLE_inst|remove_table[7][0]     ;
; PS2_MODUL:PS2_MODUL_inst|PS2_ASCII_TABLE:PS2_ASCII_TABLE_inst|remove_table[7][6]                                                       ; Merged with PS2_MODUL:PS2_MODUL_inst|PS2_ASCII_TABLE:PS2_ASCII_TABLE_inst|remove_table[7][0]     ;
; PS2_MODUL:PS2_MODUL_inst|PS2_ASCII_TABLE:PS2_ASCII_TABLE_inst|remove_table[7][7]                                                       ; Merged with PS2_MODUL:PS2_MODUL_inst|PS2_ASCII_TABLE:PS2_ASCII_TABLE_inst|remove_table[7][0]     ;
; PS2_MODUL:PS2_MODUL_inst|PS2_ASCII_TABLE:PS2_ASCII_TABLE_inst|remove_table[6][1]                                                       ; Merged with PS2_MODUL:PS2_MODUL_inst|PS2_ASCII_TABLE:PS2_ASCII_TABLE_inst|remove_table[6][0]     ;
; PS2_MODUL:PS2_MODUL_inst|PS2_ASCII_TABLE:PS2_ASCII_TABLE_inst|remove_table[6][2]                                                       ; Merged with PS2_MODUL:PS2_MODUL_inst|PS2_ASCII_TABLE:PS2_ASCII_TABLE_inst|remove_table[6][0]     ;
; PS2_MODUL:PS2_MODUL_inst|PS2_ASCII_TABLE:PS2_ASCII_TABLE_inst|remove_table[6][3]                                                       ; Merged with PS2_MODUL:PS2_MODUL_inst|PS2_ASCII_TABLE:PS2_ASCII_TABLE_inst|remove_table[6][0]     ;
; PS2_MODUL:PS2_MODUL_inst|PS2_ASCII_TABLE:PS2_ASCII_TABLE_inst|remove_table[6][4]                                                       ; Merged with PS2_MODUL:PS2_MODUL_inst|PS2_ASCII_TABLE:PS2_ASCII_TABLE_inst|remove_table[6][0]     ;
; PS2_MODUL:PS2_MODUL_inst|PS2_ASCII_TABLE:PS2_ASCII_TABLE_inst|remove_table[6][5]                                                       ; Merged with PS2_MODUL:PS2_MODUL_inst|PS2_ASCII_TABLE:PS2_ASCII_TABLE_inst|remove_table[6][0]     ;
; PS2_MODUL:PS2_MODUL_inst|PS2_ASCII_TABLE:PS2_ASCII_TABLE_inst|remove_table[6][6]                                                       ; Merged with PS2_MODUL:PS2_MODUL_inst|PS2_ASCII_TABLE:PS2_ASCII_TABLE_inst|remove_table[6][0]     ;
; PS2_MODUL:PS2_MODUL_inst|PS2_ASCII_TABLE:PS2_ASCII_TABLE_inst|remove_table[6][7]                                                       ; Merged with PS2_MODUL:PS2_MODUL_inst|PS2_ASCII_TABLE:PS2_ASCII_TABLE_inst|remove_table[6][0]     ;
; PS2_MODUL:PS2_MODUL_inst|PS2_ASCII_TABLE:PS2_ASCII_TABLE_inst|remove_table[5][1]                                                       ; Merged with PS2_MODUL:PS2_MODUL_inst|PS2_ASCII_TABLE:PS2_ASCII_TABLE_inst|remove_table[5][0]     ;
; PS2_MODUL:PS2_MODUL_inst|PS2_ASCII_TABLE:PS2_ASCII_TABLE_inst|remove_table[5][2]                                                       ; Merged with PS2_MODUL:PS2_MODUL_inst|PS2_ASCII_TABLE:PS2_ASCII_TABLE_inst|remove_table[5][0]     ;
; PS2_MODUL:PS2_MODUL_inst|PS2_ASCII_TABLE:PS2_ASCII_TABLE_inst|remove_table[5][3]                                                       ; Merged with PS2_MODUL:PS2_MODUL_inst|PS2_ASCII_TABLE:PS2_ASCII_TABLE_inst|remove_table[5][0]     ;
; PS2_MODUL:PS2_MODUL_inst|PS2_ASCII_TABLE:PS2_ASCII_TABLE_inst|remove_table[5][4]                                                       ; Merged with PS2_MODUL:PS2_MODUL_inst|PS2_ASCII_TABLE:PS2_ASCII_TABLE_inst|remove_table[5][0]     ;
; PS2_MODUL:PS2_MODUL_inst|PS2_ASCII_TABLE:PS2_ASCII_TABLE_inst|remove_table[5][5]                                                       ; Merged with PS2_MODUL:PS2_MODUL_inst|PS2_ASCII_TABLE:PS2_ASCII_TABLE_inst|remove_table[5][0]     ;
; PS2_MODUL:PS2_MODUL_inst|PS2_ASCII_TABLE:PS2_ASCII_TABLE_inst|remove_table[5][6]                                                       ; Merged with PS2_MODUL:PS2_MODUL_inst|PS2_ASCII_TABLE:PS2_ASCII_TABLE_inst|remove_table[5][0]     ;
; PS2_MODUL:PS2_MODUL_inst|PS2_ASCII_TABLE:PS2_ASCII_TABLE_inst|remove_table[5][7]                                                       ; Merged with PS2_MODUL:PS2_MODUL_inst|PS2_ASCII_TABLE:PS2_ASCII_TABLE_inst|remove_table[5][0]     ;
; PS2_MODUL:PS2_MODUL_inst|PS2_ASCII_TABLE:PS2_ASCII_TABLE_inst|remove_table[4][1]                                                       ; Merged with PS2_MODUL:PS2_MODUL_inst|PS2_ASCII_TABLE:PS2_ASCII_TABLE_inst|remove_table[4][0]     ;
; PS2_MODUL:PS2_MODUL_inst|PS2_ASCII_TABLE:PS2_ASCII_TABLE_inst|remove_table[4][2]                                                       ; Merged with PS2_MODUL:PS2_MODUL_inst|PS2_ASCII_TABLE:PS2_ASCII_TABLE_inst|remove_table[4][0]     ;
; PS2_MODUL:PS2_MODUL_inst|PS2_ASCII_TABLE:PS2_ASCII_TABLE_inst|remove_table[4][3]                                                       ; Merged with PS2_MODUL:PS2_MODUL_inst|PS2_ASCII_TABLE:PS2_ASCII_TABLE_inst|remove_table[4][0]     ;
; PS2_MODUL:PS2_MODUL_inst|PS2_ASCII_TABLE:PS2_ASCII_TABLE_inst|remove_table[4][4]                                                       ; Merged with PS2_MODUL:PS2_MODUL_inst|PS2_ASCII_TABLE:PS2_ASCII_TABLE_inst|remove_table[4][0]     ;
; PS2_MODUL:PS2_MODUL_inst|PS2_ASCII_TABLE:PS2_ASCII_TABLE_inst|remove_table[4][5]                                                       ; Merged with PS2_MODUL:PS2_MODUL_inst|PS2_ASCII_TABLE:PS2_ASCII_TABLE_inst|remove_table[4][0]     ;
; PS2_MODUL:PS2_MODUL_inst|PS2_ASCII_TABLE:PS2_ASCII_TABLE_inst|remove_table[4][6]                                                       ; Merged with PS2_MODUL:PS2_MODUL_inst|PS2_ASCII_TABLE:PS2_ASCII_TABLE_inst|remove_table[4][0]     ;
; PS2_MODUL:PS2_MODUL_inst|PS2_ASCII_TABLE:PS2_ASCII_TABLE_inst|remove_table[4][7]                                                       ; Merged with PS2_MODUL:PS2_MODUL_inst|PS2_ASCII_TABLE:PS2_ASCII_TABLE_inst|remove_table[4][0]     ;
; PS2_MODUL:PS2_MODUL_inst|PS2_ASCII_TABLE:PS2_ASCII_TABLE_inst|remove_table[3][1]                                                       ; Merged with PS2_MODUL:PS2_MODUL_inst|PS2_ASCII_TABLE:PS2_ASCII_TABLE_inst|remove_table[3][0]     ;
; PS2_MODUL:PS2_MODUL_inst|PS2_ASCII_TABLE:PS2_ASCII_TABLE_inst|remove_table[3][2]                                                       ; Merged with PS2_MODUL:PS2_MODUL_inst|PS2_ASCII_TABLE:PS2_ASCII_TABLE_inst|remove_table[3][0]     ;
; PS2_MODUL:PS2_MODUL_inst|PS2_ASCII_TABLE:PS2_ASCII_TABLE_inst|remove_table[3][3]                                                       ; Merged with PS2_MODUL:PS2_MODUL_inst|PS2_ASCII_TABLE:PS2_ASCII_TABLE_inst|remove_table[3][0]     ;
; PS2_MODUL:PS2_MODUL_inst|PS2_ASCII_TABLE:PS2_ASCII_TABLE_inst|remove_table[3][4]                                                       ; Merged with PS2_MODUL:PS2_MODUL_inst|PS2_ASCII_TABLE:PS2_ASCII_TABLE_inst|remove_table[3][0]     ;
; PS2_MODUL:PS2_MODUL_inst|PS2_ASCII_TABLE:PS2_ASCII_TABLE_inst|remove_table[3][5]                                                       ; Merged with PS2_MODUL:PS2_MODUL_inst|PS2_ASCII_TABLE:PS2_ASCII_TABLE_inst|remove_table[3][0]     ;
; PS2_MODUL:PS2_MODUL_inst|PS2_ASCII_TABLE:PS2_ASCII_TABLE_inst|remove_table[3][6]                                                       ; Merged with PS2_MODUL:PS2_MODUL_inst|PS2_ASCII_TABLE:PS2_ASCII_TABLE_inst|remove_table[3][0]     ;
; PS2_MODUL:PS2_MODUL_inst|PS2_ASCII_TABLE:PS2_ASCII_TABLE_inst|remove_table[3][7]                                                       ; Merged with PS2_MODUL:PS2_MODUL_inst|PS2_ASCII_TABLE:PS2_ASCII_TABLE_inst|remove_table[3][0]     ;
; PS2_MODUL:PS2_MODUL_inst|PS2_ASCII_TABLE:PS2_ASCII_TABLE_inst|remove_table[2][1]                                                       ; Merged with PS2_MODUL:PS2_MODUL_inst|PS2_ASCII_TABLE:PS2_ASCII_TABLE_inst|remove_table[2][0]     ;
; PS2_MODUL:PS2_MODUL_inst|PS2_ASCII_TABLE:PS2_ASCII_TABLE_inst|remove_table[2][2]                                                       ; Merged with PS2_MODUL:PS2_MODUL_inst|PS2_ASCII_TABLE:PS2_ASCII_TABLE_inst|remove_table[2][0]     ;
; PS2_MODUL:PS2_MODUL_inst|PS2_ASCII_TABLE:PS2_ASCII_TABLE_inst|remove_table[2][3]                                                       ; Merged with PS2_MODUL:PS2_MODUL_inst|PS2_ASCII_TABLE:PS2_ASCII_TABLE_inst|remove_table[2][0]     ;
; PS2_MODUL:PS2_MODUL_inst|PS2_ASCII_TABLE:PS2_ASCII_TABLE_inst|remove_table[2][4]                                                       ; Merged with PS2_MODUL:PS2_MODUL_inst|PS2_ASCII_TABLE:PS2_ASCII_TABLE_inst|remove_table[2][0]     ;
; PS2_MODUL:PS2_MODUL_inst|PS2_ASCII_TABLE:PS2_ASCII_TABLE_inst|remove_table[2][5]                                                       ; Merged with PS2_MODUL:PS2_MODUL_inst|PS2_ASCII_TABLE:PS2_ASCII_TABLE_inst|remove_table[2][0]     ;
; PS2_MODUL:PS2_MODUL_inst|PS2_ASCII_TABLE:PS2_ASCII_TABLE_inst|remove_table[2][6]                                                       ; Merged with PS2_MODUL:PS2_MODUL_inst|PS2_ASCII_TABLE:PS2_ASCII_TABLE_inst|remove_table[2][0]     ;
; PS2_MODUL:PS2_MODUL_inst|PS2_ASCII_TABLE:PS2_ASCII_TABLE_inst|remove_table[2][7]                                                       ; Merged with PS2_MODUL:PS2_MODUL_inst|PS2_ASCII_TABLE:PS2_ASCII_TABLE_inst|remove_table[2][0]     ;
; PS2_MODUL:PS2_MODUL_inst|PS2_ASCII_TABLE:PS2_ASCII_TABLE_inst|remove_table[1][1]                                                       ; Merged with PS2_MODUL:PS2_MODUL_inst|PS2_ASCII_TABLE:PS2_ASCII_TABLE_inst|remove_table[1][0]     ;
; PS2_MODUL:PS2_MODUL_inst|PS2_ASCII_TABLE:PS2_ASCII_TABLE_inst|remove_table[1][2]                                                       ; Merged with PS2_MODUL:PS2_MODUL_inst|PS2_ASCII_TABLE:PS2_ASCII_TABLE_inst|remove_table[1][0]     ;
; PS2_MODUL:PS2_MODUL_inst|PS2_ASCII_TABLE:PS2_ASCII_TABLE_inst|remove_table[1][3]                                                       ; Merged with PS2_MODUL:PS2_MODUL_inst|PS2_ASCII_TABLE:PS2_ASCII_TABLE_inst|remove_table[1][0]     ;
; PS2_MODUL:PS2_MODUL_inst|PS2_ASCII_TABLE:PS2_ASCII_TABLE_inst|remove_table[1][4]                                                       ; Merged with PS2_MODUL:PS2_MODUL_inst|PS2_ASCII_TABLE:PS2_ASCII_TABLE_inst|remove_table[1][0]     ;
; PS2_MODUL:PS2_MODUL_inst|PS2_ASCII_TABLE:PS2_ASCII_TABLE_inst|remove_table[1][5]                                                       ; Merged with PS2_MODUL:PS2_MODUL_inst|PS2_ASCII_TABLE:PS2_ASCII_TABLE_inst|remove_table[1][0]     ;
; PS2_MODUL:PS2_MODUL_inst|PS2_ASCII_TABLE:PS2_ASCII_TABLE_inst|remove_table[1][6]                                                       ; Merged with PS2_MODUL:PS2_MODUL_inst|PS2_ASCII_TABLE:PS2_ASCII_TABLE_inst|remove_table[1][0]     ;
; PS2_MODUL:PS2_MODUL_inst|PS2_ASCII_TABLE:PS2_ASCII_TABLE_inst|remove_table[1][7]                                                       ; Merged with PS2_MODUL:PS2_MODUL_inst|PS2_ASCII_TABLE:PS2_ASCII_TABLE_inst|remove_table[1][0]     ;
; PS2_MODUL:PS2_MODUL_inst|PS2_ASCII_TABLE:PS2_ASCII_TABLE_inst|remove_table[0][1]                                                       ; Merged with PS2_MODUL:PS2_MODUL_inst|PS2_ASCII_TABLE:PS2_ASCII_TABLE_inst|remove_table[0][0]     ;
; PS2_MODUL:PS2_MODUL_inst|PS2_ASCII_TABLE:PS2_ASCII_TABLE_inst|remove_table[0][2]                                                       ; Merged with PS2_MODUL:PS2_MODUL_inst|PS2_ASCII_TABLE:PS2_ASCII_TABLE_inst|remove_table[0][0]     ;
; PS2_MODUL:PS2_MODUL_inst|PS2_ASCII_TABLE:PS2_ASCII_TABLE_inst|remove_table[0][3]                                                       ; Merged with PS2_MODUL:PS2_MODUL_inst|PS2_ASCII_TABLE:PS2_ASCII_TABLE_inst|remove_table[0][0]     ;
; PS2_MODUL:PS2_MODUL_inst|PS2_ASCII_TABLE:PS2_ASCII_TABLE_inst|remove_table[0][4]                                                       ; Merged with PS2_MODUL:PS2_MODUL_inst|PS2_ASCII_TABLE:PS2_ASCII_TABLE_inst|remove_table[0][0]     ;
; PS2_MODUL:PS2_MODUL_inst|PS2_ASCII_TABLE:PS2_ASCII_TABLE_inst|remove_table[0][5]                                                       ; Merged with PS2_MODUL:PS2_MODUL_inst|PS2_ASCII_TABLE:PS2_ASCII_TABLE_inst|remove_table[0][0]     ;
; PS2_MODUL:PS2_MODUL_inst|PS2_ASCII_TABLE:PS2_ASCII_TABLE_inst|remove_table[0][6]                                                       ; Merged with PS2_MODUL:PS2_MODUL_inst|PS2_ASCII_TABLE:PS2_ASCII_TABLE_inst|remove_table[0][0]     ;
; PS2_MODUL:PS2_MODUL_inst|PS2_ASCII_TABLE:PS2_ASCII_TABLE_inst|remove_table[0][7]                                                       ; Merged with PS2_MODUL:PS2_MODUL_inst|PS2_ASCII_TABLE:PS2_ASCII_TABLE_inst|remove_table[0][0]     ;
; PS2_MODUL:PS2_MODUL_inst|PS2_ASCII_TABLE:PS2_ASCII_TABLE_inst|ascii_temp[1..7]                                                         ; Merged with PS2_MODUL:PS2_MODUL_inst|PS2_ASCII_TABLE:PS2_ASCII_TABLE_inst|ascii_temp[0]          ;
; PS2_MODUL:PS2_MODUL_inst|PS2_ASCII_TABLE:PS2_ASCII_TABLE_inst|ascii_sig[1..7]                                                          ; Merged with PS2_MODUL:PS2_MODUL_inst|PS2_ASCII_TABLE:PS2_ASCII_TABLE_inst|ascii_sig[0]           ;
; PS2_MODUL:PS2_MODUL_inst|PS2_ASCII_TABLE:PS2_ASCII_TABLE_inst|remove_sig                                                               ; Merged with PS2_MODUL:PS2_MODUL_inst|PS2_ASCII_TABLE:PS2_ASCII_TABLE_inst|ascii_sig[0]           ;
; memory_support:memory_support_inst|mem_address[0]                                                                                      ; Merged with memory_support:memory_support_inst|cpu_address_dff[0]                                ;
; memory_support:memory_support_inst|mem_address[10]                                                                                     ; Merged with memory_support:memory_support_inst|cpu_address_dff[10]                               ;
; memory_support:memory_support_inst|mem_address[11]                                                                                     ; Merged with memory_support:memory_support_inst|cpu_address_dff[11]                               ;
; memory_support:memory_support_inst|mem_address[12]                                                                                     ; Merged with memory_support:memory_support_inst|cpu_address_dff[12]                               ;
; memory_support:memory_support_inst|mem_address[13]                                                                                     ; Merged with memory_support:memory_support_inst|cpu_address_dff[13]                               ;
; memory_support:memory_support_inst|mem_address[14]                                                                                     ; Merged with memory_support:memory_support_inst|cpu_address_dff[14]                               ;
; memory_support:memory_support_inst|mem_address[15]                                                                                     ; Merged with memory_support:memory_support_inst|cpu_address_dff[15]                               ;
; memory_support:memory_support_inst|mem_address[1]                                                                                      ; Merged with memory_support:memory_support_inst|cpu_address_dff[1]                                ;
; memory_support:memory_support_inst|mem_address[2]                                                                                      ; Merged with memory_support:memory_support_inst|cpu_address_dff[2]                                ;
; memory_support:memory_support_inst|mem_address[3]                                                                                      ; Merged with memory_support:memory_support_inst|cpu_address_dff[3]                                ;
; memory_support:memory_support_inst|mem_address[4]                                                                                      ; Merged with memory_support:memory_support_inst|cpu_address_dff[4]                                ;
; memory_support:memory_support_inst|mem_address[5]                                                                                      ; Merged with memory_support:memory_support_inst|cpu_address_dff[5]                                ;
; memory_support:memory_support_inst|mem_address[6]                                                                                      ; Merged with memory_support:memory_support_inst|cpu_address_dff[6]                                ;
; memory_support:memory_support_inst|mem_address[7]                                                                                      ; Merged with memory_support:memory_support_inst|cpu_address_dff[7]                                ;
; memory_support:memory_support_inst|mem_address[8]                                                                                      ; Merged with memory_support:memory_support_inst|cpu_address_dff[8]                                ;
; memory_support:memory_support_inst|mem_address[9]                                                                                      ; Merged with memory_support:memory_support_inst|cpu_address_dff[9]                                ;
; PS2_MODUL:PS2_MODUL_inst|PS2_ASCII_TABLE:PS2_ASCII_TABLE_inst|ascii_table[0][1]                                                        ; Merged with PS2_MODUL:PS2_MODUL_inst|PS2_ASCII_TABLE:PS2_ASCII_TABLE_inst|ascii_table[0][0]      ;
; PS2_MODUL:PS2_MODUL_inst|PS2_ASCII_TABLE:PS2_ASCII_TABLE_inst|ascii_table[0][2]                                                        ; Merged with PS2_MODUL:PS2_MODUL_inst|PS2_ASCII_TABLE:PS2_ASCII_TABLE_inst|ascii_table[0][0]      ;
; PS2_MODUL:PS2_MODUL_inst|PS2_ASCII_TABLE:PS2_ASCII_TABLE_inst|ascii_table[0][3]                                                        ; Merged with PS2_MODUL:PS2_MODUL_inst|PS2_ASCII_TABLE:PS2_ASCII_TABLE_inst|ascii_table[0][0]      ;
; PS2_MODUL:PS2_MODUL_inst|PS2_ASCII_TABLE:PS2_ASCII_TABLE_inst|ascii_table[0][4]                                                        ; Merged with PS2_MODUL:PS2_MODUL_inst|PS2_ASCII_TABLE:PS2_ASCII_TABLE_inst|ascii_table[0][0]      ;
; PS2_MODUL:PS2_MODUL_inst|PS2_ASCII_TABLE:PS2_ASCII_TABLE_inst|ascii_table[0][5]                                                        ; Merged with PS2_MODUL:PS2_MODUL_inst|PS2_ASCII_TABLE:PS2_ASCII_TABLE_inst|ascii_table[0][0]      ;
; PS2_MODUL:PS2_MODUL_inst|PS2_ASCII_TABLE:PS2_ASCII_TABLE_inst|ascii_table[0][6]                                                        ; Merged with PS2_MODUL:PS2_MODUL_inst|PS2_ASCII_TABLE:PS2_ASCII_TABLE_inst|ascii_table[0][0]      ;
; PS2_MODUL:PS2_MODUL_inst|PS2_ASCII_TABLE:PS2_ASCII_TABLE_inst|ascii_table[0][7]                                                        ; Merged with PS2_MODUL:PS2_MODUL_inst|PS2_ASCII_TABLE:PS2_ASCII_TABLE_inst|ascii_table[0][0]      ;
; PS2_MODUL:PS2_MODUL_inst|PS2_TO_ASCII:PS2_TO_ASCII_inst|ascii[1..7]                                                                    ; Merged with PS2_MODUL:PS2_MODUL_inst|PS2_TO_ASCII:PS2_TO_ASCII_inst|ascii[0]                     ;
; PS2_MODUL:PS2_MODUL_inst|PS2_TO_ASCII:PS2_TO_ASCII_inst|remove                                                                         ; Merged with PS2_MODUL:PS2_MODUL_inst|PS2_TO_ASCII:PS2_TO_ASCII_inst|ascii[0]                     ;
; PS2_MODUL:PS2_MODUL_inst|PS2_ASCII_TABLE:PS2_ASCII_TABLE_inst|ascii_table[15][1]                                                       ; Merged with PS2_MODUL:PS2_MODUL_inst|PS2_ASCII_TABLE:PS2_ASCII_TABLE_inst|ascii_table[15][0]     ;
; PS2_MODUL:PS2_MODUL_inst|PS2_ASCII_TABLE:PS2_ASCII_TABLE_inst|ascii_table[15][2]                                                       ; Merged with PS2_MODUL:PS2_MODUL_inst|PS2_ASCII_TABLE:PS2_ASCII_TABLE_inst|ascii_table[15][0]     ;
; PS2_MODUL:PS2_MODUL_inst|PS2_ASCII_TABLE:PS2_ASCII_TABLE_inst|ascii_table[15][3]                                                       ; Merged with PS2_MODUL:PS2_MODUL_inst|PS2_ASCII_TABLE:PS2_ASCII_TABLE_inst|ascii_table[15][0]     ;
; PS2_MODUL:PS2_MODUL_inst|PS2_ASCII_TABLE:PS2_ASCII_TABLE_inst|ascii_table[15][4]                                                       ; Merged with PS2_MODUL:PS2_MODUL_inst|PS2_ASCII_TABLE:PS2_ASCII_TABLE_inst|ascii_table[15][0]     ;
; PS2_MODUL:PS2_MODUL_inst|PS2_ASCII_TABLE:PS2_ASCII_TABLE_inst|ascii_table[15][5]                                                       ; Merged with PS2_MODUL:PS2_MODUL_inst|PS2_ASCII_TABLE:PS2_ASCII_TABLE_inst|ascii_table[15][0]     ;
; PS2_MODUL:PS2_MODUL_inst|PS2_ASCII_TABLE:PS2_ASCII_TABLE_inst|ascii_table[15][6]                                                       ; Merged with PS2_MODUL:PS2_MODUL_inst|PS2_ASCII_TABLE:PS2_ASCII_TABLE_inst|ascii_table[15][0]     ;
; PS2_MODUL:PS2_MODUL_inst|PS2_ASCII_TABLE:PS2_ASCII_TABLE_inst|ascii_table[15][7]                                                       ; Merged with PS2_MODUL:PS2_MODUL_inst|PS2_ASCII_TABLE:PS2_ASCII_TABLE_inst|ascii_table[15][0]     ;
; PS2_MODUL:PS2_MODUL_inst|PS2_ASCII_TABLE:PS2_ASCII_TABLE_inst|ascii_table[14][1]                                                       ; Merged with PS2_MODUL:PS2_MODUL_inst|PS2_ASCII_TABLE:PS2_ASCII_TABLE_inst|ascii_table[14][0]     ;
; PS2_MODUL:PS2_MODUL_inst|PS2_ASCII_TABLE:PS2_ASCII_TABLE_inst|ascii_table[14][2]                                                       ; Merged with PS2_MODUL:PS2_MODUL_inst|PS2_ASCII_TABLE:PS2_ASCII_TABLE_inst|ascii_table[14][0]     ;
; PS2_MODUL:PS2_MODUL_inst|PS2_ASCII_TABLE:PS2_ASCII_TABLE_inst|ascii_table[14][3]                                                       ; Merged with PS2_MODUL:PS2_MODUL_inst|PS2_ASCII_TABLE:PS2_ASCII_TABLE_inst|ascii_table[14][0]     ;
; PS2_MODUL:PS2_MODUL_inst|PS2_ASCII_TABLE:PS2_ASCII_TABLE_inst|ascii_table[14][4]                                                       ; Merged with PS2_MODUL:PS2_MODUL_inst|PS2_ASCII_TABLE:PS2_ASCII_TABLE_inst|ascii_table[14][0]     ;
; PS2_MODUL:PS2_MODUL_inst|PS2_ASCII_TABLE:PS2_ASCII_TABLE_inst|ascii_table[14][5]                                                       ; Merged with PS2_MODUL:PS2_MODUL_inst|PS2_ASCII_TABLE:PS2_ASCII_TABLE_inst|ascii_table[14][0]     ;
; PS2_MODUL:PS2_MODUL_inst|PS2_ASCII_TABLE:PS2_ASCII_TABLE_inst|ascii_table[14][6]                                                       ; Merged with PS2_MODUL:PS2_MODUL_inst|PS2_ASCII_TABLE:PS2_ASCII_TABLE_inst|ascii_table[14][0]     ;
; PS2_MODUL:PS2_MODUL_inst|PS2_ASCII_TABLE:PS2_ASCII_TABLE_inst|ascii_table[14][7]                                                       ; Merged with PS2_MODUL:PS2_MODUL_inst|PS2_ASCII_TABLE:PS2_ASCII_TABLE_inst|ascii_table[14][0]     ;
; PS2_MODUL:PS2_MODUL_inst|PS2_ASCII_TABLE:PS2_ASCII_TABLE_inst|ascii_table[13][1]                                                       ; Merged with PS2_MODUL:PS2_MODUL_inst|PS2_ASCII_TABLE:PS2_ASCII_TABLE_inst|ascii_table[13][0]     ;
; PS2_MODUL:PS2_MODUL_inst|PS2_ASCII_TABLE:PS2_ASCII_TABLE_inst|ascii_table[13][2]                                                       ; Merged with PS2_MODUL:PS2_MODUL_inst|PS2_ASCII_TABLE:PS2_ASCII_TABLE_inst|ascii_table[13][0]     ;
; PS2_MODUL:PS2_MODUL_inst|PS2_ASCII_TABLE:PS2_ASCII_TABLE_inst|ascii_table[13][3]                                                       ; Merged with PS2_MODUL:PS2_MODUL_inst|PS2_ASCII_TABLE:PS2_ASCII_TABLE_inst|ascii_table[13][0]     ;
; PS2_MODUL:PS2_MODUL_inst|PS2_ASCII_TABLE:PS2_ASCII_TABLE_inst|ascii_table[13][4]                                                       ; Merged with PS2_MODUL:PS2_MODUL_inst|PS2_ASCII_TABLE:PS2_ASCII_TABLE_inst|ascii_table[13][0]     ;
; PS2_MODUL:PS2_MODUL_inst|PS2_ASCII_TABLE:PS2_ASCII_TABLE_inst|ascii_table[13][5]                                                       ; Merged with PS2_MODUL:PS2_MODUL_inst|PS2_ASCII_TABLE:PS2_ASCII_TABLE_inst|ascii_table[13][0]     ;
; PS2_MODUL:PS2_MODUL_inst|PS2_ASCII_TABLE:PS2_ASCII_TABLE_inst|ascii_table[13][6]                                                       ; Merged with PS2_MODUL:PS2_MODUL_inst|PS2_ASCII_TABLE:PS2_ASCII_TABLE_inst|ascii_table[13][0]     ;
; PS2_MODUL:PS2_MODUL_inst|PS2_ASCII_TABLE:PS2_ASCII_TABLE_inst|ascii_table[13][7]                                                       ; Merged with PS2_MODUL:PS2_MODUL_inst|PS2_ASCII_TABLE:PS2_ASCII_TABLE_inst|ascii_table[13][0]     ;
; PS2_MODUL:PS2_MODUL_inst|PS2_ASCII_TABLE:PS2_ASCII_TABLE_inst|ascii_table[12][1]                                                       ; Merged with PS2_MODUL:PS2_MODUL_inst|PS2_ASCII_TABLE:PS2_ASCII_TABLE_inst|ascii_table[12][0]     ;
; PS2_MODUL:PS2_MODUL_inst|PS2_ASCII_TABLE:PS2_ASCII_TABLE_inst|ascii_table[12][2]                                                       ; Merged with PS2_MODUL:PS2_MODUL_inst|PS2_ASCII_TABLE:PS2_ASCII_TABLE_inst|ascii_table[12][0]     ;
; PS2_MODUL:PS2_MODUL_inst|PS2_ASCII_TABLE:PS2_ASCII_TABLE_inst|ascii_table[12][3]                                                       ; Merged with PS2_MODUL:PS2_MODUL_inst|PS2_ASCII_TABLE:PS2_ASCII_TABLE_inst|ascii_table[12][0]     ;
; PS2_MODUL:PS2_MODUL_inst|PS2_ASCII_TABLE:PS2_ASCII_TABLE_inst|ascii_table[12][4]                                                       ; Merged with PS2_MODUL:PS2_MODUL_inst|PS2_ASCII_TABLE:PS2_ASCII_TABLE_inst|ascii_table[12][0]     ;
; PS2_MODUL:PS2_MODUL_inst|PS2_ASCII_TABLE:PS2_ASCII_TABLE_inst|ascii_table[12][5]                                                       ; Merged with PS2_MODUL:PS2_MODUL_inst|PS2_ASCII_TABLE:PS2_ASCII_TABLE_inst|ascii_table[12][0]     ;
; PS2_MODUL:PS2_MODUL_inst|PS2_ASCII_TABLE:PS2_ASCII_TABLE_inst|ascii_table[12][6]                                                       ; Merged with PS2_MODUL:PS2_MODUL_inst|PS2_ASCII_TABLE:PS2_ASCII_TABLE_inst|ascii_table[12][0]     ;
; PS2_MODUL:PS2_MODUL_inst|PS2_ASCII_TABLE:PS2_ASCII_TABLE_inst|ascii_table[12][7]                                                       ; Merged with PS2_MODUL:PS2_MODUL_inst|PS2_ASCII_TABLE:PS2_ASCII_TABLE_inst|ascii_table[12][0]     ;
; PS2_MODUL:PS2_MODUL_inst|PS2_ASCII_TABLE:PS2_ASCII_TABLE_inst|ascii_table[11][1]                                                       ; Merged with PS2_MODUL:PS2_MODUL_inst|PS2_ASCII_TABLE:PS2_ASCII_TABLE_inst|ascii_table[11][0]     ;
; PS2_MODUL:PS2_MODUL_inst|PS2_ASCII_TABLE:PS2_ASCII_TABLE_inst|ascii_table[11][2]                                                       ; Merged with PS2_MODUL:PS2_MODUL_inst|PS2_ASCII_TABLE:PS2_ASCII_TABLE_inst|ascii_table[11][0]     ;
; PS2_MODUL:PS2_MODUL_inst|PS2_ASCII_TABLE:PS2_ASCII_TABLE_inst|ascii_table[11][3]                                                       ; Merged with PS2_MODUL:PS2_MODUL_inst|PS2_ASCII_TABLE:PS2_ASCII_TABLE_inst|ascii_table[11][0]     ;
; PS2_MODUL:PS2_MODUL_inst|PS2_ASCII_TABLE:PS2_ASCII_TABLE_inst|ascii_table[11][4]                                                       ; Merged with PS2_MODUL:PS2_MODUL_inst|PS2_ASCII_TABLE:PS2_ASCII_TABLE_inst|ascii_table[11][0]     ;
; PS2_MODUL:PS2_MODUL_inst|PS2_ASCII_TABLE:PS2_ASCII_TABLE_inst|ascii_table[11][5]                                                       ; Merged with PS2_MODUL:PS2_MODUL_inst|PS2_ASCII_TABLE:PS2_ASCII_TABLE_inst|ascii_table[11][0]     ;
; PS2_MODUL:PS2_MODUL_inst|PS2_ASCII_TABLE:PS2_ASCII_TABLE_inst|ascii_table[11][6]                                                       ; Merged with PS2_MODUL:PS2_MODUL_inst|PS2_ASCII_TABLE:PS2_ASCII_TABLE_inst|ascii_table[11][0]     ;
; PS2_MODUL:PS2_MODUL_inst|PS2_ASCII_TABLE:PS2_ASCII_TABLE_inst|ascii_table[11][7]                                                       ; Merged with PS2_MODUL:PS2_MODUL_inst|PS2_ASCII_TABLE:PS2_ASCII_TABLE_inst|ascii_table[11][0]     ;
; PS2_MODUL:PS2_MODUL_inst|PS2_ASCII_TABLE:PS2_ASCII_TABLE_inst|ascii_table[10][1]                                                       ; Merged with PS2_MODUL:PS2_MODUL_inst|PS2_ASCII_TABLE:PS2_ASCII_TABLE_inst|ascii_table[10][0]     ;
; PS2_MODUL:PS2_MODUL_inst|PS2_ASCII_TABLE:PS2_ASCII_TABLE_inst|ascii_table[10][2]                                                       ; Merged with PS2_MODUL:PS2_MODUL_inst|PS2_ASCII_TABLE:PS2_ASCII_TABLE_inst|ascii_table[10][0]     ;
; PS2_MODUL:PS2_MODUL_inst|PS2_ASCII_TABLE:PS2_ASCII_TABLE_inst|ascii_table[10][3]                                                       ; Merged with PS2_MODUL:PS2_MODUL_inst|PS2_ASCII_TABLE:PS2_ASCII_TABLE_inst|ascii_table[10][0]     ;
; PS2_MODUL:PS2_MODUL_inst|PS2_ASCII_TABLE:PS2_ASCII_TABLE_inst|ascii_table[10][4]                                                       ; Merged with PS2_MODUL:PS2_MODUL_inst|PS2_ASCII_TABLE:PS2_ASCII_TABLE_inst|ascii_table[10][0]     ;
; PS2_MODUL:PS2_MODUL_inst|PS2_ASCII_TABLE:PS2_ASCII_TABLE_inst|ascii_table[10][5]                                                       ; Merged with PS2_MODUL:PS2_MODUL_inst|PS2_ASCII_TABLE:PS2_ASCII_TABLE_inst|ascii_table[10][0]     ;
; PS2_MODUL:PS2_MODUL_inst|PS2_ASCII_TABLE:PS2_ASCII_TABLE_inst|ascii_table[10][6]                                                       ; Merged with PS2_MODUL:PS2_MODUL_inst|PS2_ASCII_TABLE:PS2_ASCII_TABLE_inst|ascii_table[10][0]     ;
; PS2_MODUL:PS2_MODUL_inst|PS2_ASCII_TABLE:PS2_ASCII_TABLE_inst|ascii_table[10][7]                                                       ; Merged with PS2_MODUL:PS2_MODUL_inst|PS2_ASCII_TABLE:PS2_ASCII_TABLE_inst|ascii_table[10][0]     ;
; PS2_MODUL:PS2_MODUL_inst|PS2_ASCII_TABLE:PS2_ASCII_TABLE_inst|ascii_table[9][1]                                                        ; Merged with PS2_MODUL:PS2_MODUL_inst|PS2_ASCII_TABLE:PS2_ASCII_TABLE_inst|ascii_table[9][0]      ;
; PS2_MODUL:PS2_MODUL_inst|PS2_ASCII_TABLE:PS2_ASCII_TABLE_inst|ascii_table[9][2]                                                        ; Merged with PS2_MODUL:PS2_MODUL_inst|PS2_ASCII_TABLE:PS2_ASCII_TABLE_inst|ascii_table[9][0]      ;
; PS2_MODUL:PS2_MODUL_inst|PS2_ASCII_TABLE:PS2_ASCII_TABLE_inst|ascii_table[9][3]                                                        ; Merged with PS2_MODUL:PS2_MODUL_inst|PS2_ASCII_TABLE:PS2_ASCII_TABLE_inst|ascii_table[9][0]      ;
; PS2_MODUL:PS2_MODUL_inst|PS2_ASCII_TABLE:PS2_ASCII_TABLE_inst|ascii_table[9][4]                                                        ; Merged with PS2_MODUL:PS2_MODUL_inst|PS2_ASCII_TABLE:PS2_ASCII_TABLE_inst|ascii_table[9][0]      ;
; PS2_MODUL:PS2_MODUL_inst|PS2_ASCII_TABLE:PS2_ASCII_TABLE_inst|ascii_table[9][5]                                                        ; Merged with PS2_MODUL:PS2_MODUL_inst|PS2_ASCII_TABLE:PS2_ASCII_TABLE_inst|ascii_table[9][0]      ;
; PS2_MODUL:PS2_MODUL_inst|PS2_ASCII_TABLE:PS2_ASCII_TABLE_inst|ascii_table[9][6]                                                        ; Merged with PS2_MODUL:PS2_MODUL_inst|PS2_ASCII_TABLE:PS2_ASCII_TABLE_inst|ascii_table[9][0]      ;
; PS2_MODUL:PS2_MODUL_inst|PS2_ASCII_TABLE:PS2_ASCII_TABLE_inst|ascii_table[9][7]                                                        ; Merged with PS2_MODUL:PS2_MODUL_inst|PS2_ASCII_TABLE:PS2_ASCII_TABLE_inst|ascii_table[9][0]      ;
; PS2_MODUL:PS2_MODUL_inst|PS2_ASCII_TABLE:PS2_ASCII_TABLE_inst|ascii_table[8][1]                                                        ; Merged with PS2_MODUL:PS2_MODUL_inst|PS2_ASCII_TABLE:PS2_ASCII_TABLE_inst|ascii_table[8][0]      ;
; PS2_MODUL:PS2_MODUL_inst|PS2_ASCII_TABLE:PS2_ASCII_TABLE_inst|ascii_table[8][2]                                                        ; Merged with PS2_MODUL:PS2_MODUL_inst|PS2_ASCII_TABLE:PS2_ASCII_TABLE_inst|ascii_table[8][0]      ;
; PS2_MODUL:PS2_MODUL_inst|PS2_ASCII_TABLE:PS2_ASCII_TABLE_inst|ascii_table[8][3]                                                        ; Merged with PS2_MODUL:PS2_MODUL_inst|PS2_ASCII_TABLE:PS2_ASCII_TABLE_inst|ascii_table[8][0]      ;
; PS2_MODUL:PS2_MODUL_inst|PS2_ASCII_TABLE:PS2_ASCII_TABLE_inst|ascii_table[8][4]                                                        ; Merged with PS2_MODUL:PS2_MODUL_inst|PS2_ASCII_TABLE:PS2_ASCII_TABLE_inst|ascii_table[8][0]      ;
; PS2_MODUL:PS2_MODUL_inst|PS2_ASCII_TABLE:PS2_ASCII_TABLE_inst|ascii_table[8][5]                                                        ; Merged with PS2_MODUL:PS2_MODUL_inst|PS2_ASCII_TABLE:PS2_ASCII_TABLE_inst|ascii_table[8][0]      ;
; PS2_MODUL:PS2_MODUL_inst|PS2_ASCII_TABLE:PS2_ASCII_TABLE_inst|ascii_table[8][6]                                                        ; Merged with PS2_MODUL:PS2_MODUL_inst|PS2_ASCII_TABLE:PS2_ASCII_TABLE_inst|ascii_table[8][0]      ;
; PS2_MODUL:PS2_MODUL_inst|PS2_ASCII_TABLE:PS2_ASCII_TABLE_inst|ascii_table[8][7]                                                        ; Merged with PS2_MODUL:PS2_MODUL_inst|PS2_ASCII_TABLE:PS2_ASCII_TABLE_inst|ascii_table[8][0]      ;
; PS2_MODUL:PS2_MODUL_inst|PS2_ASCII_TABLE:PS2_ASCII_TABLE_inst|ascii_table[7][1]                                                        ; Merged with PS2_MODUL:PS2_MODUL_inst|PS2_ASCII_TABLE:PS2_ASCII_TABLE_inst|ascii_table[7][0]      ;
; PS2_MODUL:PS2_MODUL_inst|PS2_ASCII_TABLE:PS2_ASCII_TABLE_inst|ascii_table[7][2]                                                        ; Merged with PS2_MODUL:PS2_MODUL_inst|PS2_ASCII_TABLE:PS2_ASCII_TABLE_inst|ascii_table[7][0]      ;
; PS2_MODUL:PS2_MODUL_inst|PS2_ASCII_TABLE:PS2_ASCII_TABLE_inst|ascii_table[7][3]                                                        ; Merged with PS2_MODUL:PS2_MODUL_inst|PS2_ASCII_TABLE:PS2_ASCII_TABLE_inst|ascii_table[7][0]      ;
; PS2_MODUL:PS2_MODUL_inst|PS2_ASCII_TABLE:PS2_ASCII_TABLE_inst|ascii_table[7][4]                                                        ; Merged with PS2_MODUL:PS2_MODUL_inst|PS2_ASCII_TABLE:PS2_ASCII_TABLE_inst|ascii_table[7][0]      ;
; PS2_MODUL:PS2_MODUL_inst|PS2_ASCII_TABLE:PS2_ASCII_TABLE_inst|ascii_table[7][5]                                                        ; Merged with PS2_MODUL:PS2_MODUL_inst|PS2_ASCII_TABLE:PS2_ASCII_TABLE_inst|ascii_table[7][0]      ;
; PS2_MODUL:PS2_MODUL_inst|PS2_ASCII_TABLE:PS2_ASCII_TABLE_inst|ascii_table[7][6]                                                        ; Merged with PS2_MODUL:PS2_MODUL_inst|PS2_ASCII_TABLE:PS2_ASCII_TABLE_inst|ascii_table[7][0]      ;
; PS2_MODUL:PS2_MODUL_inst|PS2_ASCII_TABLE:PS2_ASCII_TABLE_inst|ascii_table[7][7]                                                        ; Merged with PS2_MODUL:PS2_MODUL_inst|PS2_ASCII_TABLE:PS2_ASCII_TABLE_inst|ascii_table[7][0]      ;
; PS2_MODUL:PS2_MODUL_inst|PS2_ASCII_TABLE:PS2_ASCII_TABLE_inst|ascii_table[6][1]                                                        ; Merged with PS2_MODUL:PS2_MODUL_inst|PS2_ASCII_TABLE:PS2_ASCII_TABLE_inst|ascii_table[6][0]      ;
; PS2_MODUL:PS2_MODUL_inst|PS2_ASCII_TABLE:PS2_ASCII_TABLE_inst|ascii_table[6][2]                                                        ; Merged with PS2_MODUL:PS2_MODUL_inst|PS2_ASCII_TABLE:PS2_ASCII_TABLE_inst|ascii_table[6][0]      ;
; PS2_MODUL:PS2_MODUL_inst|PS2_ASCII_TABLE:PS2_ASCII_TABLE_inst|ascii_table[6][3]                                                        ; Merged with PS2_MODUL:PS2_MODUL_inst|PS2_ASCII_TABLE:PS2_ASCII_TABLE_inst|ascii_table[6][0]      ;
; PS2_MODUL:PS2_MODUL_inst|PS2_ASCII_TABLE:PS2_ASCII_TABLE_inst|ascii_table[6][4]                                                        ; Merged with PS2_MODUL:PS2_MODUL_inst|PS2_ASCII_TABLE:PS2_ASCII_TABLE_inst|ascii_table[6][0]      ;
; PS2_MODUL:PS2_MODUL_inst|PS2_ASCII_TABLE:PS2_ASCII_TABLE_inst|ascii_table[6][5]                                                        ; Merged with PS2_MODUL:PS2_MODUL_inst|PS2_ASCII_TABLE:PS2_ASCII_TABLE_inst|ascii_table[6][0]      ;
; PS2_MODUL:PS2_MODUL_inst|PS2_ASCII_TABLE:PS2_ASCII_TABLE_inst|ascii_table[6][6]                                                        ; Merged with PS2_MODUL:PS2_MODUL_inst|PS2_ASCII_TABLE:PS2_ASCII_TABLE_inst|ascii_table[6][0]      ;
; PS2_MODUL:PS2_MODUL_inst|PS2_ASCII_TABLE:PS2_ASCII_TABLE_inst|ascii_table[6][7]                                                        ; Merged with PS2_MODUL:PS2_MODUL_inst|PS2_ASCII_TABLE:PS2_ASCII_TABLE_inst|ascii_table[6][0]      ;
; PS2_MODUL:PS2_MODUL_inst|PS2_ASCII_TABLE:PS2_ASCII_TABLE_inst|ascii_table[5][1]                                                        ; Merged with PS2_MODUL:PS2_MODUL_inst|PS2_ASCII_TABLE:PS2_ASCII_TABLE_inst|ascii_table[5][0]      ;
; PS2_MODUL:PS2_MODUL_inst|PS2_ASCII_TABLE:PS2_ASCII_TABLE_inst|ascii_table[5][2]                                                        ; Merged with PS2_MODUL:PS2_MODUL_inst|PS2_ASCII_TABLE:PS2_ASCII_TABLE_inst|ascii_table[5][0]      ;
; PS2_MODUL:PS2_MODUL_inst|PS2_ASCII_TABLE:PS2_ASCII_TABLE_inst|ascii_table[5][3]                                                        ; Merged with PS2_MODUL:PS2_MODUL_inst|PS2_ASCII_TABLE:PS2_ASCII_TABLE_inst|ascii_table[5][0]      ;
; PS2_MODUL:PS2_MODUL_inst|PS2_ASCII_TABLE:PS2_ASCII_TABLE_inst|ascii_table[5][4]                                                        ; Merged with PS2_MODUL:PS2_MODUL_inst|PS2_ASCII_TABLE:PS2_ASCII_TABLE_inst|ascii_table[5][0]      ;
; PS2_MODUL:PS2_MODUL_inst|PS2_ASCII_TABLE:PS2_ASCII_TABLE_inst|ascii_table[5][5]                                                        ; Merged with PS2_MODUL:PS2_MODUL_inst|PS2_ASCII_TABLE:PS2_ASCII_TABLE_inst|ascii_table[5][0]      ;
; PS2_MODUL:PS2_MODUL_inst|PS2_ASCII_TABLE:PS2_ASCII_TABLE_inst|ascii_table[5][6]                                                        ; Merged with PS2_MODUL:PS2_MODUL_inst|PS2_ASCII_TABLE:PS2_ASCII_TABLE_inst|ascii_table[5][0]      ;
; PS2_MODUL:PS2_MODUL_inst|PS2_ASCII_TABLE:PS2_ASCII_TABLE_inst|ascii_table[5][7]                                                        ; Merged with PS2_MODUL:PS2_MODUL_inst|PS2_ASCII_TABLE:PS2_ASCII_TABLE_inst|ascii_table[5][0]      ;
; PS2_MODUL:PS2_MODUL_inst|PS2_ASCII_TABLE:PS2_ASCII_TABLE_inst|ascii_table[4][1]                                                        ; Merged with PS2_MODUL:PS2_MODUL_inst|PS2_ASCII_TABLE:PS2_ASCII_TABLE_inst|ascii_table[4][0]      ;
; PS2_MODUL:PS2_MODUL_inst|PS2_ASCII_TABLE:PS2_ASCII_TABLE_inst|ascii_table[4][2]                                                        ; Merged with PS2_MODUL:PS2_MODUL_inst|PS2_ASCII_TABLE:PS2_ASCII_TABLE_inst|ascii_table[4][0]      ;
; PS2_MODUL:PS2_MODUL_inst|PS2_ASCII_TABLE:PS2_ASCII_TABLE_inst|ascii_table[4][3]                                                        ; Merged with PS2_MODUL:PS2_MODUL_inst|PS2_ASCII_TABLE:PS2_ASCII_TABLE_inst|ascii_table[4][0]      ;
; PS2_MODUL:PS2_MODUL_inst|PS2_ASCII_TABLE:PS2_ASCII_TABLE_inst|ascii_table[4][4]                                                        ; Merged with PS2_MODUL:PS2_MODUL_inst|PS2_ASCII_TABLE:PS2_ASCII_TABLE_inst|ascii_table[4][0]      ;
; PS2_MODUL:PS2_MODUL_inst|PS2_ASCII_TABLE:PS2_ASCII_TABLE_inst|ascii_table[4][5]                                                        ; Merged with PS2_MODUL:PS2_MODUL_inst|PS2_ASCII_TABLE:PS2_ASCII_TABLE_inst|ascii_table[4][0]      ;
; PS2_MODUL:PS2_MODUL_inst|PS2_ASCII_TABLE:PS2_ASCII_TABLE_inst|ascii_table[4][6]                                                        ; Merged with PS2_MODUL:PS2_MODUL_inst|PS2_ASCII_TABLE:PS2_ASCII_TABLE_inst|ascii_table[4][0]      ;
; PS2_MODUL:PS2_MODUL_inst|PS2_ASCII_TABLE:PS2_ASCII_TABLE_inst|ascii_table[4][7]                                                        ; Merged with PS2_MODUL:PS2_MODUL_inst|PS2_ASCII_TABLE:PS2_ASCII_TABLE_inst|ascii_table[4][0]      ;
; PS2_MODUL:PS2_MODUL_inst|PS2_ASCII_TABLE:PS2_ASCII_TABLE_inst|ascii_table[3][1]                                                        ; Merged with PS2_MODUL:PS2_MODUL_inst|PS2_ASCII_TABLE:PS2_ASCII_TABLE_inst|ascii_table[3][0]      ;
; PS2_MODUL:PS2_MODUL_inst|PS2_ASCII_TABLE:PS2_ASCII_TABLE_inst|ascii_table[3][2]                                                        ; Merged with PS2_MODUL:PS2_MODUL_inst|PS2_ASCII_TABLE:PS2_ASCII_TABLE_inst|ascii_table[3][0]      ;
; PS2_MODUL:PS2_MODUL_inst|PS2_ASCII_TABLE:PS2_ASCII_TABLE_inst|ascii_table[3][3]                                                        ; Merged with PS2_MODUL:PS2_MODUL_inst|PS2_ASCII_TABLE:PS2_ASCII_TABLE_inst|ascii_table[3][0]      ;
; PS2_MODUL:PS2_MODUL_inst|PS2_ASCII_TABLE:PS2_ASCII_TABLE_inst|ascii_table[3][4]                                                        ; Merged with PS2_MODUL:PS2_MODUL_inst|PS2_ASCII_TABLE:PS2_ASCII_TABLE_inst|ascii_table[3][0]      ;
; PS2_MODUL:PS2_MODUL_inst|PS2_ASCII_TABLE:PS2_ASCII_TABLE_inst|ascii_table[3][5]                                                        ; Merged with PS2_MODUL:PS2_MODUL_inst|PS2_ASCII_TABLE:PS2_ASCII_TABLE_inst|ascii_table[3][0]      ;
; PS2_MODUL:PS2_MODUL_inst|PS2_ASCII_TABLE:PS2_ASCII_TABLE_inst|ascii_table[3][6]                                                        ; Merged with PS2_MODUL:PS2_MODUL_inst|PS2_ASCII_TABLE:PS2_ASCII_TABLE_inst|ascii_table[3][0]      ;
; PS2_MODUL:PS2_MODUL_inst|PS2_ASCII_TABLE:PS2_ASCII_TABLE_inst|ascii_table[3][7]                                                        ; Merged with PS2_MODUL:PS2_MODUL_inst|PS2_ASCII_TABLE:PS2_ASCII_TABLE_inst|ascii_table[3][0]      ;
; PS2_MODUL:PS2_MODUL_inst|PS2_ASCII_TABLE:PS2_ASCII_TABLE_inst|ascii_table[2][1]                                                        ; Merged with PS2_MODUL:PS2_MODUL_inst|PS2_ASCII_TABLE:PS2_ASCII_TABLE_inst|ascii_table[2][0]      ;
; PS2_MODUL:PS2_MODUL_inst|PS2_ASCII_TABLE:PS2_ASCII_TABLE_inst|ascii_table[2][2]                                                        ; Merged with PS2_MODUL:PS2_MODUL_inst|PS2_ASCII_TABLE:PS2_ASCII_TABLE_inst|ascii_table[2][0]      ;
; PS2_MODUL:PS2_MODUL_inst|PS2_ASCII_TABLE:PS2_ASCII_TABLE_inst|ascii_table[2][3]                                                        ; Merged with PS2_MODUL:PS2_MODUL_inst|PS2_ASCII_TABLE:PS2_ASCII_TABLE_inst|ascii_table[2][0]      ;
; PS2_MODUL:PS2_MODUL_inst|PS2_ASCII_TABLE:PS2_ASCII_TABLE_inst|ascii_table[2][4]                                                        ; Merged with PS2_MODUL:PS2_MODUL_inst|PS2_ASCII_TABLE:PS2_ASCII_TABLE_inst|ascii_table[2][0]      ;
; PS2_MODUL:PS2_MODUL_inst|PS2_ASCII_TABLE:PS2_ASCII_TABLE_inst|ascii_table[2][5]                                                        ; Merged with PS2_MODUL:PS2_MODUL_inst|PS2_ASCII_TABLE:PS2_ASCII_TABLE_inst|ascii_table[2][0]      ;
; PS2_MODUL:PS2_MODUL_inst|PS2_ASCII_TABLE:PS2_ASCII_TABLE_inst|ascii_table[2][6]                                                        ; Merged with PS2_MODUL:PS2_MODUL_inst|PS2_ASCII_TABLE:PS2_ASCII_TABLE_inst|ascii_table[2][0]      ;
; PS2_MODUL:PS2_MODUL_inst|PS2_ASCII_TABLE:PS2_ASCII_TABLE_inst|ascii_table[2][7]                                                        ; Merged with PS2_MODUL:PS2_MODUL_inst|PS2_ASCII_TABLE:PS2_ASCII_TABLE_inst|ascii_table[2][0]      ;
; PS2_MODUL:PS2_MODUL_inst|PS2_ASCII_TABLE:PS2_ASCII_TABLE_inst|ascii_table[1][1]                                                        ; Merged with PS2_MODUL:PS2_MODUL_inst|PS2_ASCII_TABLE:PS2_ASCII_TABLE_inst|ascii_table[1][0]      ;
; PS2_MODUL:PS2_MODUL_inst|PS2_ASCII_TABLE:PS2_ASCII_TABLE_inst|ascii_table[1][2]                                                        ; Merged with PS2_MODUL:PS2_MODUL_inst|PS2_ASCII_TABLE:PS2_ASCII_TABLE_inst|ascii_table[1][0]      ;
; PS2_MODUL:PS2_MODUL_inst|PS2_ASCII_TABLE:PS2_ASCII_TABLE_inst|ascii_table[1][3]                                                        ; Merged with PS2_MODUL:PS2_MODUL_inst|PS2_ASCII_TABLE:PS2_ASCII_TABLE_inst|ascii_table[1][0]      ;
; PS2_MODUL:PS2_MODUL_inst|PS2_ASCII_TABLE:PS2_ASCII_TABLE_inst|ascii_table[1][4]                                                        ; Merged with PS2_MODUL:PS2_MODUL_inst|PS2_ASCII_TABLE:PS2_ASCII_TABLE_inst|ascii_table[1][0]      ;
; PS2_MODUL:PS2_MODUL_inst|PS2_ASCII_TABLE:PS2_ASCII_TABLE_inst|ascii_table[1][5]                                                        ; Merged with PS2_MODUL:PS2_MODUL_inst|PS2_ASCII_TABLE:PS2_ASCII_TABLE_inst|ascii_table[1][0]      ;
; PS2_MODUL:PS2_MODUL_inst|PS2_ASCII_TABLE:PS2_ASCII_TABLE_inst|ascii_table[1][6]                                                        ; Merged with PS2_MODUL:PS2_MODUL_inst|PS2_ASCII_TABLE:PS2_ASCII_TABLE_inst|ascii_table[1][0]      ;
; PS2_MODUL:PS2_MODUL_inst|PS2_ASCII_TABLE:PS2_ASCII_TABLE_inst|ascii_table[1][7]                                                        ; Merged with PS2_MODUL:PS2_MODUL_inst|PS2_ASCII_TABLE:PS2_ASCII_TABLE_inst|ascii_table[1][0]      ;
; PS2_MODUL:PS2_MODUL_inst|PS2_ASCII_TABLE:PS2_ASCII_TABLE_inst|ascii_rotation_temp[1..7]                                                ; Merged with PS2_MODUL:PS2_MODUL_inst|PS2_ASCII_TABLE:PS2_ASCII_TABLE_inst|ascii_rotation_temp[0] ;
; PS2_MODUL:PS2_MODUL_inst|PS2_ASCII_TABLE:PS2_ASCII_TABLE_inst|ascii_out[6,7]                                                           ; Merged with PS2_MODUL:PS2_MODUL_inst|PS2_ASCII_TABLE:PS2_ASCII_TABLE_inst|ascii_out[5]           ;
; screencard:screencard_inst|base_display_adr[0..7,12..14]                                                                               ; Merged with screencard:screencard_inst|adr_int[0]                                                ;
; screencard:screencard_inst|base_display_adr[8,9,11]                                                                                    ; Merged with screencard:screencard_inst|base_display_adr[10]                                      ;
; random:random_inst|random_byte_sig[1]                                                                                                  ; Merged with random:random_inst|random_byte[0]                                                    ;
; random:random_inst|random_byte_sig[2]                                                                                                  ; Merged with random:random_inst|random_byte[1]                                                    ;
; random:random_inst|random_byte_sig[3]                                                                                                  ; Merged with random:random_inst|random_byte[2]                                                    ;
; random:random_inst|random_byte_sig[4]                                                                                                  ; Merged with random:random_inst|random_byte[3]                                                    ;
; random:random_inst|random_byte_sig[5]                                                                                                  ; Merged with random:random_inst|random_byte[4]                                                    ;
; random:random_inst|random_byte_sig[6]                                                                                                  ; Merged with random:random_inst|random_byte[5]                                                    ;
; random:random_inst|random_byte_sig[7]                                                                                                  ; Merged with random:random_inst|random_byte[6]                                                    ;
; PS2_MODUL:PS2_MODUL_inst|PS2_TO_ASCII:PS2_TO_ASCII_inst|ascii[0]                                                                       ; Stuck at GND due to stuck port data_in                                                           ;
; PS2_MODUL:PS2_MODUL_inst|PS2_ASCII_TABLE:PS2_ASCII_TABLE_inst|ascii_sig[0]                                                             ; Stuck at GND due to stuck port data_in                                                           ;
; eeprom_manager:eeprom_manager_inst|eeprom_i2c_controller:eeprom_i2c_controller_inst|adr_ll[0..7]                                       ; Stuck at GND due to stuck port data_in                                                           ;
; screencard:screencard_inst|adr_int[0]                                                                                                  ; Stuck at GND due to stuck port data_in                                                           ;
; screencard:screencard_inst|base_display_adr[15]                                                                                        ; Stuck at VCC due to stuck port data_in                                                           ;
; eeprom_manager:eeprom_manager_inst|eeprom_i2c_controller:eeprom_i2c_controller_inst|ram[1][0]                                          ; Lost fanout                                                                                      ;
; eeprom_manager:eeprom_manager_inst|eeprom_i2c_controller:eeprom_i2c_controller_inst|ram[2][0]                                          ; Lost fanout                                                                                      ;
; eeprom_manager:eeprom_manager_inst|eeprom_i2c_controller:eeprom_i2c_controller_inst|ram[3][0]                                          ; Lost fanout                                                                                      ;
; eeprom_manager:eeprom_manager_inst|eeprom_i2c_controller:eeprom_i2c_controller_inst|ram[4][0]                                          ; Lost fanout                                                                                      ;
; eeprom_manager:eeprom_manager_inst|eeprom_i2c_controller:eeprom_i2c_controller_inst|ram[5][0]                                          ; Lost fanout                                                                                      ;
; eeprom_manager:eeprom_manager_inst|eeprom_i2c_controller:eeprom_i2c_controller_inst|ram[6][0]                                          ; Lost fanout                                                                                      ;
; eeprom_manager:eeprom_manager_inst|eeprom_i2c_controller:eeprom_i2c_controller_inst|ram[7][0]                                          ; Lost fanout                                                                                      ;
; eeprom_manager:eeprom_manager_inst|eeprom_i2c_controller:eeprom_i2c_controller_inst|ram[8][0]                                          ; Lost fanout                                                                                      ;
; eeprom_manager:eeprom_manager_inst|eeprom_i2c_controller:eeprom_i2c_controller_inst|ram[9][0]                                          ; Lost fanout                                                                                      ;
; eeprom_manager:eeprom_manager_inst|eeprom_i2c_controller:eeprom_i2c_controller_inst|ram[10][0]                                         ; Lost fanout                                                                                      ;
; eeprom_manager:eeprom_manager_inst|eeprom_i2c_controller:eeprom_i2c_controller_inst|ram[11][0]                                         ; Lost fanout                                                                                      ;
; eeprom_manager:eeprom_manager_inst|eeprom_i2c_controller:eeprom_i2c_controller_inst|ram[12][0]                                         ; Lost fanout                                                                                      ;
; eeprom_manager:eeprom_manager_inst|eeprom_i2c_controller:eeprom_i2c_controller_inst|ram[13][0]                                         ; Lost fanout                                                                                      ;
; eeprom_manager:eeprom_manager_inst|eeprom_i2c_controller:eeprom_i2c_controller_inst|ram[14][0]                                         ; Lost fanout                                                                                      ;
; eeprom_manager:eeprom_manager_inst|eeprom_i2c_controller:eeprom_i2c_controller_inst|ram[15][0]                                         ; Lost fanout                                                                                      ;
; eeprom_manager:eeprom_manager_inst|eeprom_i2c_controller:eeprom_i2c_controller_inst|ram[16][0]                                         ; Lost fanout                                                                                      ;
; eeprom_manager:eeprom_manager_inst|eeprom_i2c_controller:eeprom_i2c_controller_inst|ram[17][0]                                         ; Lost fanout                                                                                      ;
; eeprom_manager:eeprom_manager_inst|eeprom_i2c_controller:eeprom_i2c_controller_inst|ram[18][0]                                         ; Lost fanout                                                                                      ;
; eeprom_manager:eeprom_manager_inst|eeprom_i2c_controller:eeprom_i2c_controller_inst|ram[19][0]                                         ; Lost fanout                                                                                      ;
; eeprom_manager:eeprom_manager_inst|eeprom_i2c_controller:eeprom_i2c_controller_inst|ram[20][0]                                         ; Lost fanout                                                                                      ;
; eeprom_manager:eeprom_manager_inst|eeprom_i2c_controller:eeprom_i2c_controller_inst|ram[21][0]                                         ; Lost fanout                                                                                      ;
; eeprom_manager:eeprom_manager_inst|eeprom_i2c_controller:eeprom_i2c_controller_inst|ram[22][0]                                         ; Lost fanout                                                                                      ;
; eeprom_manager:eeprom_manager_inst|eeprom_i2c_controller:eeprom_i2c_controller_inst|ram[23][0]                                         ; Lost fanout                                                                                      ;
; eeprom_manager:eeprom_manager_inst|eeprom_i2c_controller:eeprom_i2c_controller_inst|ram[24][0]                                         ; Lost fanout                                                                                      ;
; eeprom_manager:eeprom_manager_inst|eeprom_i2c_controller:eeprom_i2c_controller_inst|ram[25][0]                                         ; Lost fanout                                                                                      ;
; eeprom_manager:eeprom_manager_inst|eeprom_i2c_controller:eeprom_i2c_controller_inst|ram[26][0]                                         ; Lost fanout                                                                                      ;
; eeprom_manager:eeprom_manager_inst|eeprom_i2c_controller:eeprom_i2c_controller_inst|ram[27][0]                                         ; Lost fanout                                                                                      ;
; eeprom_manager:eeprom_manager_inst|eeprom_i2c_controller:eeprom_i2c_controller_inst|ram[28][0]                                         ; Lost fanout                                                                                      ;
; eeprom_manager:eeprom_manager_inst|eeprom_i2c_controller:eeprom_i2c_controller_inst|ram[29][0]                                         ; Lost fanout                                                                                      ;
; eeprom_manager:eeprom_manager_inst|eeprom_i2c_controller:eeprom_i2c_controller_inst|ram[30][0]                                         ; Lost fanout                                                                                      ;
; eeprom_manager:eeprom_manager_inst|eeprom_i2c_controller:eeprom_i2c_controller_inst|ram[31][0]                                         ; Lost fanout                                                                                      ;
; eeprom_manager:eeprom_manager_inst|eeprom_i2c_controller:eeprom_i2c_controller_inst|ram[32][0]                                         ; Lost fanout                                                                                      ;
; eeprom_manager:eeprom_manager_inst|eeprom_i2c_controller:eeprom_i2c_controller_inst|ram[33][0]                                         ; Lost fanout                                                                                      ;
; eeprom_manager:eeprom_manager_inst|eeprom_i2c_controller:eeprom_i2c_controller_inst|ram[34][0]                                         ; Lost fanout                                                                                      ;
; eeprom_manager:eeprom_manager_inst|eeprom_i2c_controller:eeprom_i2c_controller_inst|ram[35][0]                                         ; Lost fanout                                                                                      ;
; eeprom_manager:eeprom_manager_inst|eeprom_i2c_controller:eeprom_i2c_controller_inst|ram[36][0]                                         ; Lost fanout                                                                                      ;
; eeprom_manager:eeprom_manager_inst|eeprom_i2c_controller:eeprom_i2c_controller_inst|ram[37][0]                                         ; Lost fanout                                                                                      ;
; eeprom_manager:eeprom_manager_inst|eeprom_i2c_controller:eeprom_i2c_controller_inst|ram[38][0]                                         ; Lost fanout                                                                                      ;
; eeprom_manager:eeprom_manager_inst|eeprom_i2c_controller:eeprom_i2c_controller_inst|ram[39][0]                                         ; Lost fanout                                                                                      ;
; eeprom_manager:eeprom_manager_inst|eeprom_i2c_controller:eeprom_i2c_controller_inst|ram[40][0]                                         ; Lost fanout                                                                                      ;
; eeprom_manager:eeprom_manager_inst|eeprom_i2c_controller:eeprom_i2c_controller_inst|ram[41][0]                                         ; Lost fanout                                                                                      ;
; eeprom_manager:eeprom_manager_inst|eeprom_i2c_controller:eeprom_i2c_controller_inst|ram[42][0]                                         ; Lost fanout                                                                                      ;
; eeprom_manager:eeprom_manager_inst|eeprom_i2c_controller:eeprom_i2c_controller_inst|ram[43][0]                                         ; Lost fanout                                                                                      ;
; eeprom_manager:eeprom_manager_inst|eeprom_i2c_controller:eeprom_i2c_controller_inst|ram[44][0]                                         ; Lost fanout                                                                                      ;
; eeprom_manager:eeprom_manager_inst|eeprom_i2c_controller:eeprom_i2c_controller_inst|ram[45][0]                                         ; Lost fanout                                                                                      ;
; eeprom_manager:eeprom_manager_inst|eeprom_i2c_controller:eeprom_i2c_controller_inst|ram[46][0]                                         ; Lost fanout                                                                                      ;
; eeprom_manager:eeprom_manager_inst|eeprom_i2c_controller:eeprom_i2c_controller_inst|ram[47][0]                                         ; Lost fanout                                                                                      ;
; eeprom_manager:eeprom_manager_inst|eeprom_i2c_controller:eeprom_i2c_controller_inst|ram[48][0]                                         ; Lost fanout                                                                                      ;
; eeprom_manager:eeprom_manager_inst|eeprom_i2c_controller:eeprom_i2c_controller_inst|ram[49][0]                                         ; Lost fanout                                                                                      ;
; eeprom_manager:eeprom_manager_inst|eeprom_i2c_controller:eeprom_i2c_controller_inst|ram[50][0]                                         ; Lost fanout                                                                                      ;
; eeprom_manager:eeprom_manager_inst|eeprom_i2c_controller:eeprom_i2c_controller_inst|ram[51][0]                                         ; Lost fanout                                                                                      ;
; eeprom_manager:eeprom_manager_inst|eeprom_i2c_controller:eeprom_i2c_controller_inst|ram[52][0]                                         ; Lost fanout                                                                                      ;
; eeprom_manager:eeprom_manager_inst|eeprom_i2c_controller:eeprom_i2c_controller_inst|ram[53][0]                                         ; Lost fanout                                                                                      ;
; eeprom_manager:eeprom_manager_inst|eeprom_i2c_controller:eeprom_i2c_controller_inst|ram[54][0]                                         ; Lost fanout                                                                                      ;
; eeprom_manager:eeprom_manager_inst|eeprom_i2c_controller:eeprom_i2c_controller_inst|ram[55][0]                                         ; Lost fanout                                                                                      ;
; eeprom_manager:eeprom_manager_inst|eeprom_i2c_controller:eeprom_i2c_controller_inst|ram[56][0]                                         ; Lost fanout                                                                                      ;
; eeprom_manager:eeprom_manager_inst|eeprom_i2c_controller:eeprom_i2c_controller_inst|ram[57][0]                                         ; Lost fanout                                                                                      ;
; eeprom_manager:eeprom_manager_inst|eeprom_i2c_controller:eeprom_i2c_controller_inst|ram[58][0]                                         ; Lost fanout                                                                                      ;
; eeprom_manager:eeprom_manager_inst|eeprom_i2c_controller:eeprom_i2c_controller_inst|ram[59][0]                                         ; Lost fanout                                                                                      ;
; eeprom_manager:eeprom_manager_inst|eeprom_i2c_controller:eeprom_i2c_controller_inst|ram[60][0]                                         ; Lost fanout                                                                                      ;
; eeprom_manager:eeprom_manager_inst|eeprom_i2c_controller:eeprom_i2c_controller_inst|ram[61][0]                                         ; Lost fanout                                                                                      ;
; eeprom_manager:eeprom_manager_inst|eeprom_i2c_controller:eeprom_i2c_controller_inst|ram[62][0]                                         ; Lost fanout                                                                                      ;
; eeprom_manager:eeprom_manager_inst|eeprom_i2c_controller:eeprom_i2c_controller_inst|ram[63][0]                                         ; Lost fanout                                                                                      ;
; eeprom_manager:eeprom_manager_inst|eeprom_i2c_controller:eeprom_i2c_controller_inst|ram[64][0]                                         ; Lost fanout                                                                                      ;
; eeprom_manager:eeprom_manager_inst|eeprom_i2c_controller:eeprom_i2c_controller_inst|ram[65][0]                                         ; Lost fanout                                                                                      ;
; eeprom_manager:eeprom_manager_inst|eeprom_i2c_controller:eeprom_i2c_controller_inst|ram[66][0]                                         ; Lost fanout                                                                                      ;
; eeprom_manager:eeprom_manager_inst|eeprom_i2c_controller:eeprom_i2c_controller_inst|ram[67][0]                                         ; Lost fanout                                                                                      ;
; eeprom_manager:eeprom_manager_inst|eeprom_i2c_controller:eeprom_i2c_controller_inst|ram[68][0]                                         ; Lost fanout                                                                                      ;
; eeprom_manager:eeprom_manager_inst|eeprom_i2c_controller:eeprom_i2c_controller_inst|ram[69][0]                                         ; Lost fanout                                                                                      ;
; eeprom_manager:eeprom_manager_inst|eeprom_i2c_controller:eeprom_i2c_controller_inst|ram[70][0]                                         ; Lost fanout                                                                                      ;
; eeprom_manager:eeprom_manager_inst|eeprom_i2c_controller:eeprom_i2c_controller_inst|ram[71][0]                                         ; Lost fanout                                                                                      ;
; eeprom_manager:eeprom_manager_inst|eeprom_i2c_controller:eeprom_i2c_controller_inst|ram[72][0]                                         ; Lost fanout                                                                                      ;
; eeprom_manager:eeprom_manager_inst|eeprom_i2c_controller:eeprom_i2c_controller_inst|ram[73][0]                                         ; Lost fanout                                                                                      ;
; eeprom_manager:eeprom_manager_inst|eeprom_i2c_controller:eeprom_i2c_controller_inst|ram[74][0]                                         ; Lost fanout                                                                                      ;
; eeprom_manager:eeprom_manager_inst|eeprom_i2c_controller:eeprom_i2c_controller_inst|ram[75][0]                                         ; Lost fanout                                                                                      ;
; eeprom_manager:eeprom_manager_inst|eeprom_i2c_controller:eeprom_i2c_controller_inst|ram[76][0]                                         ; Lost fanout                                                                                      ;
; eeprom_manager:eeprom_manager_inst|eeprom_i2c_controller:eeprom_i2c_controller_inst|ram[77][0]                                         ; Lost fanout                                                                                      ;
; eeprom_manager:eeprom_manager_inst|eeprom_i2c_controller:eeprom_i2c_controller_inst|ram[78][0]                                         ; Lost fanout                                                                                      ;
; eeprom_manager:eeprom_manager_inst|eeprom_i2c_controller:eeprom_i2c_controller_inst|ram[79][0]                                         ; Lost fanout                                                                                      ;
; eeprom_manager:eeprom_manager_inst|eeprom_i2c_controller:eeprom_i2c_controller_inst|ram[80][0]                                         ; Lost fanout                                                                                      ;
; eeprom_manager:eeprom_manager_inst|eeprom_i2c_controller:eeprom_i2c_controller_inst|ram[81][0]                                         ; Lost fanout                                                                                      ;
; eeprom_manager:eeprom_manager_inst|eeprom_i2c_controller:eeprom_i2c_controller_inst|ram[82][0]                                         ; Lost fanout                                                                                      ;
; eeprom_manager:eeprom_manager_inst|eeprom_i2c_controller:eeprom_i2c_controller_inst|ram[83][0]                                         ; Lost fanout                                                                                      ;
; eeprom_manager:eeprom_manager_inst|eeprom_i2c_controller:eeprom_i2c_controller_inst|ram[84][0]                                         ; Lost fanout                                                                                      ;
; eeprom_manager:eeprom_manager_inst|eeprom_i2c_controller:eeprom_i2c_controller_inst|ram[85][0]                                         ; Lost fanout                                                                                      ;
; eeprom_manager:eeprom_manager_inst|eeprom_i2c_controller:eeprom_i2c_controller_inst|ram[86][0]                                         ; Lost fanout                                                                                      ;
; eeprom_manager:eeprom_manager_inst|eeprom_i2c_controller:eeprom_i2c_controller_inst|ram[87][0]                                         ; Lost fanout                                                                                      ;
; eeprom_manager:eeprom_manager_inst|eeprom_i2c_controller:eeprom_i2c_controller_inst|ram[88][0]                                         ; Lost fanout                                                                                      ;
; eeprom_manager:eeprom_manager_inst|eeprom_i2c_controller:eeprom_i2c_controller_inst|ram[89][0]                                         ; Lost fanout                                                                                      ;
; eeprom_manager:eeprom_manager_inst|eeprom_i2c_controller:eeprom_i2c_controller_inst|ram[90][0]                                         ; Lost fanout                                                                                      ;
; eeprom_manager:eeprom_manager_inst|eeprom_i2c_controller:eeprom_i2c_controller_inst|ram[91][0]                                         ; Lost fanout                                                                                      ;
; eeprom_manager:eeprom_manager_inst|eeprom_i2c_controller:eeprom_i2c_controller_inst|ram[92][0]                                         ; Lost fanout                                                                                      ;
; eeprom_manager:eeprom_manager_inst|eeprom_i2c_controller:eeprom_i2c_controller_inst|ram[93][0]                                         ; Lost fanout                                                                                      ;
; eeprom_manager:eeprom_manager_inst|eeprom_i2c_controller:eeprom_i2c_controller_inst|ram[94][0]                                         ; Lost fanout                                                                                      ;
; eeprom_manager:eeprom_manager_inst|eeprom_i2c_controller:eeprom_i2c_controller_inst|ram[95][0]                                         ; Lost fanout                                                                                      ;
; eeprom_manager:eeprom_manager_inst|eeprom_i2c_controller:eeprom_i2c_controller_inst|ram[96][0]                                         ; Lost fanout                                                                                      ;
; eeprom_manager:eeprom_manager_inst|eeprom_i2c_controller:eeprom_i2c_controller_inst|ram[97][0]                                         ; Lost fanout                                                                                      ;
; eeprom_manager:eeprom_manager_inst|eeprom_i2c_controller:eeprom_i2c_controller_inst|ram[98][0]                                         ; Lost fanout                                                                                      ;
; eeprom_manager:eeprom_manager_inst|eeprom_i2c_controller:eeprom_i2c_controller_inst|ram[99][0]                                         ; Lost fanout                                                                                      ;
; eeprom_manager:eeprom_manager_inst|eeprom_i2c_controller:eeprom_i2c_controller_inst|ram[100][0]                                        ; Lost fanout                                                                                      ;
; eeprom_manager:eeprom_manager_inst|eeprom_i2c_controller:eeprom_i2c_controller_inst|ram[101][0]                                        ; Lost fanout                                                                                      ;
; eeprom_manager:eeprom_manager_inst|eeprom_i2c_controller:eeprom_i2c_controller_inst|ram[102][0]                                        ; Lost fanout                                                                                      ;
; eeprom_manager:eeprom_manager_inst|eeprom_i2c_controller:eeprom_i2c_controller_inst|ram[103][0]                                        ; Lost fanout                                                                                      ;
; eeprom_manager:eeprom_manager_inst|eeprom_i2c_controller:eeprom_i2c_controller_inst|ram[104][0]                                        ; Lost fanout                                                                                      ;
; eeprom_manager:eeprom_manager_inst|eeprom_i2c_controller:eeprom_i2c_controller_inst|ram[105][0]                                        ; Lost fanout                                                                                      ;
; eeprom_manager:eeprom_manager_inst|eeprom_i2c_controller:eeprom_i2c_controller_inst|ram[106][0]                                        ; Lost fanout                                                                                      ;
; eeprom_manager:eeprom_manager_inst|eeprom_i2c_controller:eeprom_i2c_controller_inst|ram[107][0]                                        ; Lost fanout                                                                                      ;
; eeprom_manager:eeprom_manager_inst|eeprom_i2c_controller:eeprom_i2c_controller_inst|ram[108][0]                                        ; Lost fanout                                                                                      ;
; eeprom_manager:eeprom_manager_inst|eeprom_i2c_controller:eeprom_i2c_controller_inst|ram[109][0]                                        ; Lost fanout                                                                                      ;
; eeprom_manager:eeprom_manager_inst|eeprom_i2c_controller:eeprom_i2c_controller_inst|ram[110][0]                                        ; Lost fanout                                                                                      ;
; eeprom_manager:eeprom_manager_inst|eeprom_i2c_controller:eeprom_i2c_controller_inst|ram[111][0]                                        ; Lost fanout                                                                                      ;
; eeprom_manager:eeprom_manager_inst|eeprom_i2c_controller:eeprom_i2c_controller_inst|ram[112][0]                                        ; Lost fanout                                                                                      ;
; eeprom_manager:eeprom_manager_inst|eeprom_i2c_controller:eeprom_i2c_controller_inst|ram[113][0]                                        ; Lost fanout                                                                                      ;
; eeprom_manager:eeprom_manager_inst|eeprom_i2c_controller:eeprom_i2c_controller_inst|ram[114][0]                                        ; Lost fanout                                                                                      ;
; eeprom_manager:eeprom_manager_inst|eeprom_i2c_controller:eeprom_i2c_controller_inst|ram[115][0]                                        ; Lost fanout                                                                                      ;
; eeprom_manager:eeprom_manager_inst|eeprom_i2c_controller:eeprom_i2c_controller_inst|ram[116][0]                                        ; Lost fanout                                                                                      ;
; eeprom_manager:eeprom_manager_inst|eeprom_i2c_controller:eeprom_i2c_controller_inst|ram[117][0]                                        ; Lost fanout                                                                                      ;
; eeprom_manager:eeprom_manager_inst|eeprom_i2c_controller:eeprom_i2c_controller_inst|ram[118][0]                                        ; Lost fanout                                                                                      ;
; eeprom_manager:eeprom_manager_inst|eeprom_i2c_controller:eeprom_i2c_controller_inst|ram[119][0]                                        ; Lost fanout                                                                                      ;
; eeprom_manager:eeprom_manager_inst|eeprom_i2c_controller:eeprom_i2c_controller_inst|ram[120][0]                                        ; Lost fanout                                                                                      ;
; eeprom_manager:eeprom_manager_inst|eeprom_i2c_controller:eeprom_i2c_controller_inst|ram[121][0]                                        ; Lost fanout                                                                                      ;
; eeprom_manager:eeprom_manager_inst|eeprom_i2c_controller:eeprom_i2c_controller_inst|ram[122][0]                                        ; Lost fanout                                                                                      ;
; eeprom_manager:eeprom_manager_inst|eeprom_i2c_controller:eeprom_i2c_controller_inst|ram[123][0]                                        ; Lost fanout                                                                                      ;
; eeprom_manager:eeprom_manager_inst|eeprom_i2c_controller:eeprom_i2c_controller_inst|ram[124][0]                                        ; Lost fanout                                                                                      ;
; eeprom_manager:eeprom_manager_inst|eeprom_i2c_controller:eeprom_i2c_controller_inst|ram[125][0]                                        ; Lost fanout                                                                                      ;
; eeprom_manager:eeprom_manager_inst|eeprom_i2c_controller:eeprom_i2c_controller_inst|ram[126][0]                                        ; Lost fanout                                                                                      ;
; eeprom_manager:eeprom_manager_inst|eeprom_i2c_controller:eeprom_i2c_controller_inst|ram[127][0]                                        ; Lost fanout                                                                                      ;
; eeprom_manager:eeprom_manager_inst|eeprom_i2c_controller:eeprom_i2c_controller_inst|ram[128][0]                                        ; Lost fanout                                                                                      ;
; eeprom_manager:eeprom_manager_inst|eeprom_i2c_controller:eeprom_i2c_controller_inst|ram[129][0]                                        ; Lost fanout                                                                                      ;
; eeprom_manager:eeprom_manager_inst|eeprom_i2c_controller:eeprom_i2c_controller_inst|ram[130][0]                                        ; Lost fanout                                                                                      ;
; eeprom_manager:eeprom_manager_inst|eeprom_i2c_controller:eeprom_i2c_controller_inst|ram[131][0]                                        ; Lost fanout                                                                                      ;
; eeprom_manager:eeprom_manager_inst|eeprom_i2c_controller:eeprom_i2c_controller_inst|ram[132][0]                                        ; Lost fanout                                                                                      ;
; eeprom_manager:eeprom_manager_inst|eeprom_i2c_controller:eeprom_i2c_controller_inst|ram[133][0]                                        ; Lost fanout                                                                                      ;
; eeprom_manager:eeprom_manager_inst|eeprom_i2c_controller:eeprom_i2c_controller_inst|ram[134][0]                                        ; Lost fanout                                                                                      ;
; eeprom_manager:eeprom_manager_inst|eeprom_i2c_controller:eeprom_i2c_controller_inst|ram[135][0]                                        ; Lost fanout                                                                                      ;
; eeprom_manager:eeprom_manager_inst|eeprom_i2c_controller:eeprom_i2c_controller_inst|ram[136][0]                                        ; Lost fanout                                                                                      ;
; eeprom_manager:eeprom_manager_inst|eeprom_i2c_controller:eeprom_i2c_controller_inst|ram[137][0]                                        ; Lost fanout                                                                                      ;
; eeprom_manager:eeprom_manager_inst|eeprom_i2c_controller:eeprom_i2c_controller_inst|ram[138][0]                                        ; Lost fanout                                                                                      ;
; eeprom_manager:eeprom_manager_inst|eeprom_i2c_controller:eeprom_i2c_controller_inst|ram[139][0]                                        ; Lost fanout                                                                                      ;
; eeprom_manager:eeprom_manager_inst|eeprom_i2c_controller:eeprom_i2c_controller_inst|ram[140][0]                                        ; Lost fanout                                                                                      ;
; eeprom_manager:eeprom_manager_inst|eeprom_i2c_controller:eeprom_i2c_controller_inst|ram[141][0]                                        ; Lost fanout                                                                                      ;
; eeprom_manager:eeprom_manager_inst|eeprom_i2c_controller:eeprom_i2c_controller_inst|ram[142][0]                                        ; Lost fanout                                                                                      ;
; eeprom_manager:eeprom_manager_inst|eeprom_i2c_controller:eeprom_i2c_controller_inst|ram[143][0]                                        ; Lost fanout                                                                                      ;
; eeprom_manager:eeprom_manager_inst|eeprom_i2c_controller:eeprom_i2c_controller_inst|ram[144][0]                                        ; Lost fanout                                                                                      ;
; eeprom_manager:eeprom_manager_inst|eeprom_i2c_controller:eeprom_i2c_controller_inst|ram[145][0]                                        ; Lost fanout                                                                                      ;
; eeprom_manager:eeprom_manager_inst|eeprom_i2c_controller:eeprom_i2c_controller_inst|ram[146][0]                                        ; Lost fanout                                                                                      ;
; eeprom_manager:eeprom_manager_inst|eeprom_i2c_controller:eeprom_i2c_controller_inst|ram[147][0]                                        ; Lost fanout                                                                                      ;
; eeprom_manager:eeprom_manager_inst|eeprom_i2c_controller:eeprom_i2c_controller_inst|ram[148][0]                                        ; Lost fanout                                                                                      ;
; eeprom_manager:eeprom_manager_inst|eeprom_i2c_controller:eeprom_i2c_controller_inst|ram[149][0]                                        ; Lost fanout                                                                                      ;
; eeprom_manager:eeprom_manager_inst|eeprom_i2c_controller:eeprom_i2c_controller_inst|ram[150][0]                                        ; Lost fanout                                                                                      ;
; eeprom_manager:eeprom_manager_inst|eeprom_i2c_controller:eeprom_i2c_controller_inst|ram[151][0]                                        ; Lost fanout                                                                                      ;
; eeprom_manager:eeprom_manager_inst|eeprom_i2c_controller:eeprom_i2c_controller_inst|ram[152][0]                                        ; Lost fanout                                                                                      ;
; eeprom_manager:eeprom_manager_inst|eeprom_i2c_controller:eeprom_i2c_controller_inst|ram[153][0]                                        ; Lost fanout                                                                                      ;
; eeprom_manager:eeprom_manager_inst|eeprom_i2c_controller:eeprom_i2c_controller_inst|ram[154][0]                                        ; Lost fanout                                                                                      ;
; eeprom_manager:eeprom_manager_inst|eeprom_i2c_controller:eeprom_i2c_controller_inst|ram[155][0]                                        ; Lost fanout                                                                                      ;
; eeprom_manager:eeprom_manager_inst|eeprom_i2c_controller:eeprom_i2c_controller_inst|ram[156][0]                                        ; Lost fanout                                                                                      ;
; eeprom_manager:eeprom_manager_inst|eeprom_i2c_controller:eeprom_i2c_controller_inst|ram[157][0]                                        ; Lost fanout                                                                                      ;
; eeprom_manager:eeprom_manager_inst|eeprom_i2c_controller:eeprom_i2c_controller_inst|ram[158][0]                                        ; Lost fanout                                                                                      ;
; eeprom_manager:eeprom_manager_inst|eeprom_i2c_controller:eeprom_i2c_controller_inst|ram[159][0]                                        ; Lost fanout                                                                                      ;
; eeprom_manager:eeprom_manager_inst|eeprom_i2c_controller:eeprom_i2c_controller_inst|ram[160][0]                                        ; Lost fanout                                                                                      ;
; eeprom_manager:eeprom_manager_inst|eeprom_i2c_controller:eeprom_i2c_controller_inst|ram[161][0]                                        ; Lost fanout                                                                                      ;
; eeprom_manager:eeprom_manager_inst|eeprom_i2c_controller:eeprom_i2c_controller_inst|ram[162][0]                                        ; Lost fanout                                                                                      ;
; eeprom_manager:eeprom_manager_inst|eeprom_i2c_controller:eeprom_i2c_controller_inst|ram[163][0]                                        ; Lost fanout                                                                                      ;
; eeprom_manager:eeprom_manager_inst|eeprom_i2c_controller:eeprom_i2c_controller_inst|ram[164][0]                                        ; Lost fanout                                                                                      ;
; eeprom_manager:eeprom_manager_inst|eeprom_i2c_controller:eeprom_i2c_controller_inst|ram[165][0]                                        ; Lost fanout                                                                                      ;
; eeprom_manager:eeprom_manager_inst|eeprom_i2c_controller:eeprom_i2c_controller_inst|ram[166][0]                                        ; Lost fanout                                                                                      ;
; eeprom_manager:eeprom_manager_inst|eeprom_i2c_controller:eeprom_i2c_controller_inst|ram[167][0]                                        ; Lost fanout                                                                                      ;
; eeprom_manager:eeprom_manager_inst|eeprom_i2c_controller:eeprom_i2c_controller_inst|ram[168][0]                                        ; Lost fanout                                                                                      ;
; eeprom_manager:eeprom_manager_inst|eeprom_i2c_controller:eeprom_i2c_controller_inst|ram[169][0]                                        ; Lost fanout                                                                                      ;
; eeprom_manager:eeprom_manager_inst|eeprom_i2c_controller:eeprom_i2c_controller_inst|ram[170][0]                                        ; Lost fanout                                                                                      ;
; eeprom_manager:eeprom_manager_inst|eeprom_i2c_controller:eeprom_i2c_controller_inst|ram[171][0]                                        ; Lost fanout                                                                                      ;
; eeprom_manager:eeprom_manager_inst|eeprom_i2c_controller:eeprom_i2c_controller_inst|ram[172][0]                                        ; Lost fanout                                                                                      ;
; eeprom_manager:eeprom_manager_inst|eeprom_i2c_controller:eeprom_i2c_controller_inst|ram[173][0]                                        ; Lost fanout                                                                                      ;
; eeprom_manager:eeprom_manager_inst|eeprom_i2c_controller:eeprom_i2c_controller_inst|ram[174][0]                                        ; Lost fanout                                                                                      ;
; eeprom_manager:eeprom_manager_inst|eeprom_i2c_controller:eeprom_i2c_controller_inst|ram[175][0]                                        ; Lost fanout                                                                                      ;
; eeprom_manager:eeprom_manager_inst|eeprom_i2c_controller:eeprom_i2c_controller_inst|ram[176][0]                                        ; Lost fanout                                                                                      ;
; eeprom_manager:eeprom_manager_inst|eeprom_i2c_controller:eeprom_i2c_controller_inst|ram[177][0]                                        ; Lost fanout                                                                                      ;
; eeprom_manager:eeprom_manager_inst|eeprom_i2c_controller:eeprom_i2c_controller_inst|ram[178][0]                                        ; Lost fanout                                                                                      ;
; eeprom_manager:eeprom_manager_inst|eeprom_i2c_controller:eeprom_i2c_controller_inst|ram[179][0]                                        ; Lost fanout                                                                                      ;
; eeprom_manager:eeprom_manager_inst|eeprom_i2c_controller:eeprom_i2c_controller_inst|ram[180][0]                                        ; Lost fanout                                                                                      ;
; eeprom_manager:eeprom_manager_inst|eeprom_i2c_controller:eeprom_i2c_controller_inst|ram[181][0]                                        ; Lost fanout                                                                                      ;
; eeprom_manager:eeprom_manager_inst|eeprom_i2c_controller:eeprom_i2c_controller_inst|ram[182][0]                                        ; Lost fanout                                                                                      ;
; eeprom_manager:eeprom_manager_inst|eeprom_i2c_controller:eeprom_i2c_controller_inst|ram[183][0]                                        ; Lost fanout                                                                                      ;
; eeprom_manager:eeprom_manager_inst|eeprom_i2c_controller:eeprom_i2c_controller_inst|ram[184][0]                                        ; Lost fanout                                                                                      ;
; eeprom_manager:eeprom_manager_inst|eeprom_i2c_controller:eeprom_i2c_controller_inst|ram[185][0]                                        ; Lost fanout                                                                                      ;
; eeprom_manager:eeprom_manager_inst|eeprom_i2c_controller:eeprom_i2c_controller_inst|ram[186][0]                                        ; Lost fanout                                                                                      ;
; eeprom_manager:eeprom_manager_inst|eeprom_i2c_controller:eeprom_i2c_controller_inst|ram[187][0]                                        ; Lost fanout                                                                                      ;
; eeprom_manager:eeprom_manager_inst|eeprom_i2c_controller:eeprom_i2c_controller_inst|ram[188][0]                                        ; Lost fanout                                                                                      ;
; eeprom_manager:eeprom_manager_inst|eeprom_i2c_controller:eeprom_i2c_controller_inst|ram[189][0]                                        ; Lost fanout                                                                                      ;
; eeprom_manager:eeprom_manager_inst|eeprom_i2c_controller:eeprom_i2c_controller_inst|ram[190][0]                                        ; Lost fanout                                                                                      ;
; eeprom_manager:eeprom_manager_inst|eeprom_i2c_controller:eeprom_i2c_controller_inst|ram[191][0]                                        ; Lost fanout                                                                                      ;
; eeprom_manager:eeprom_manager_inst|eeprom_i2c_controller:eeprom_i2c_controller_inst|ram[192][0]                                        ; Lost fanout                                                                                      ;
; eeprom_manager:eeprom_manager_inst|eeprom_i2c_controller:eeprom_i2c_controller_inst|ram[193][0]                                        ; Lost fanout                                                                                      ;
; eeprom_manager:eeprom_manager_inst|eeprom_i2c_controller:eeprom_i2c_controller_inst|ram[194][0]                                        ; Lost fanout                                                                                      ;
; eeprom_manager:eeprom_manager_inst|eeprom_i2c_controller:eeprom_i2c_controller_inst|ram[195][0]                                        ; Lost fanout                                                                                      ;
; eeprom_manager:eeprom_manager_inst|eeprom_i2c_controller:eeprom_i2c_controller_inst|ram[196][0]                                        ; Lost fanout                                                                                      ;
; eeprom_manager:eeprom_manager_inst|eeprom_i2c_controller:eeprom_i2c_controller_inst|ram[197][0]                                        ; Lost fanout                                                                                      ;
; eeprom_manager:eeprom_manager_inst|eeprom_i2c_controller:eeprom_i2c_controller_inst|ram[198][0]                                        ; Lost fanout                                                                                      ;
; eeprom_manager:eeprom_manager_inst|eeprom_i2c_controller:eeprom_i2c_controller_inst|ram[199][0]                                        ; Lost fanout                                                                                      ;
; eeprom_manager:eeprom_manager_inst|eeprom_i2c_controller:eeprom_i2c_controller_inst|ram[200][0]                                        ; Lost fanout                                                                                      ;
; eeprom_manager:eeprom_manager_inst|eeprom_i2c_controller:eeprom_i2c_controller_inst|ram[201][0]                                        ; Lost fanout                                                                                      ;
; eeprom_manager:eeprom_manager_inst|eeprom_i2c_controller:eeprom_i2c_controller_inst|ram[202][0]                                        ; Lost fanout                                                                                      ;
; eeprom_manager:eeprom_manager_inst|eeprom_i2c_controller:eeprom_i2c_controller_inst|ram[203][0]                                        ; Lost fanout                                                                                      ;
; eeprom_manager:eeprom_manager_inst|eeprom_i2c_controller:eeprom_i2c_controller_inst|ram[204][0]                                        ; Lost fanout                                                                                      ;
; eeprom_manager:eeprom_manager_inst|eeprom_i2c_controller:eeprom_i2c_controller_inst|ram[205][0]                                        ; Lost fanout                                                                                      ;
; eeprom_manager:eeprom_manager_inst|eeprom_i2c_controller:eeprom_i2c_controller_inst|ram[206][0]                                        ; Lost fanout                                                                                      ;
; eeprom_manager:eeprom_manager_inst|eeprom_i2c_controller:eeprom_i2c_controller_inst|ram[207][0]                                        ; Lost fanout                                                                                      ;
; eeprom_manager:eeprom_manager_inst|eeprom_i2c_controller:eeprom_i2c_controller_inst|ram[208][0]                                        ; Lost fanout                                                                                      ;
; eeprom_manager:eeprom_manager_inst|eeprom_i2c_controller:eeprom_i2c_controller_inst|ram[209][0]                                        ; Lost fanout                                                                                      ;
; eeprom_manager:eeprom_manager_inst|eeprom_i2c_controller:eeprom_i2c_controller_inst|ram[210][0]                                        ; Lost fanout                                                                                      ;
; eeprom_manager:eeprom_manager_inst|eeprom_i2c_controller:eeprom_i2c_controller_inst|ram[211][0]                                        ; Lost fanout                                                                                      ;
; eeprom_manager:eeprom_manager_inst|eeprom_i2c_controller:eeprom_i2c_controller_inst|ram[212][0]                                        ; Lost fanout                                                                                      ;
; eeprom_manager:eeprom_manager_inst|eeprom_i2c_controller:eeprom_i2c_controller_inst|ram[213][0]                                        ; Lost fanout                                                                                      ;
; eeprom_manager:eeprom_manager_inst|eeprom_i2c_controller:eeprom_i2c_controller_inst|ram[214][0]                                        ; Lost fanout                                                                                      ;
; eeprom_manager:eeprom_manager_inst|eeprom_i2c_controller:eeprom_i2c_controller_inst|ram[215][0]                                        ; Lost fanout                                                                                      ;
; eeprom_manager:eeprom_manager_inst|eeprom_i2c_controller:eeprom_i2c_controller_inst|ram[216][0]                                        ; Lost fanout                                                                                      ;
; eeprom_manager:eeprom_manager_inst|eeprom_i2c_controller:eeprom_i2c_controller_inst|ram[217][0]                                        ; Lost fanout                                                                                      ;
; eeprom_manager:eeprom_manager_inst|eeprom_i2c_controller:eeprom_i2c_controller_inst|ram[218][0]                                        ; Lost fanout                                                                                      ;
; eeprom_manager:eeprom_manager_inst|eeprom_i2c_controller:eeprom_i2c_controller_inst|ram[219][0]                                        ; Lost fanout                                                                                      ;
; eeprom_manager:eeprom_manager_inst|eeprom_i2c_controller:eeprom_i2c_controller_inst|ram[220][0]                                        ; Lost fanout                                                                                      ;
; eeprom_manager:eeprom_manager_inst|eeprom_i2c_controller:eeprom_i2c_controller_inst|ram[221][0]                                        ; Lost fanout                                                                                      ;
; eeprom_manager:eeprom_manager_inst|eeprom_i2c_controller:eeprom_i2c_controller_inst|ram[222][0]                                        ; Lost fanout                                                                                      ;
; eeprom_manager:eeprom_manager_inst|eeprom_i2c_controller:eeprom_i2c_controller_inst|ram[223][0]                                        ; Lost fanout                                                                                      ;
; eeprom_manager:eeprom_manager_inst|eeprom_i2c_controller:eeprom_i2c_controller_inst|ram[224][0]                                        ; Lost fanout                                                                                      ;
; eeprom_manager:eeprom_manager_inst|eeprom_i2c_controller:eeprom_i2c_controller_inst|ram[225][0]                                        ; Lost fanout                                                                                      ;
; eeprom_manager:eeprom_manager_inst|eeprom_i2c_controller:eeprom_i2c_controller_inst|ram[226][0]                                        ; Lost fanout                                                                                      ;
; eeprom_manager:eeprom_manager_inst|eeprom_i2c_controller:eeprom_i2c_controller_inst|ram[227][0]                                        ; Lost fanout                                                                                      ;
; eeprom_manager:eeprom_manager_inst|eeprom_i2c_controller:eeprom_i2c_controller_inst|ram[228][0]                                        ; Lost fanout                                                                                      ;
; eeprom_manager:eeprom_manager_inst|eeprom_i2c_controller:eeprom_i2c_controller_inst|ram[229][0]                                        ; Lost fanout                                                                                      ;
; eeprom_manager:eeprom_manager_inst|eeprom_i2c_controller:eeprom_i2c_controller_inst|ram[230][0]                                        ; Lost fanout                                                                                      ;
; eeprom_manager:eeprom_manager_inst|eeprom_i2c_controller:eeprom_i2c_controller_inst|ram[231][0]                                        ; Lost fanout                                                                                      ;
; eeprom_manager:eeprom_manager_inst|eeprom_i2c_controller:eeprom_i2c_controller_inst|ram[232][0]                                        ; Lost fanout                                                                                      ;
; eeprom_manager:eeprom_manager_inst|eeprom_i2c_controller:eeprom_i2c_controller_inst|ram[233][0]                                        ; Lost fanout                                                                                      ;
; eeprom_manager:eeprom_manager_inst|eeprom_i2c_controller:eeprom_i2c_controller_inst|ram[234][0]                                        ; Lost fanout                                                                                      ;
; eeprom_manager:eeprom_manager_inst|eeprom_i2c_controller:eeprom_i2c_controller_inst|ram[235][0]                                        ; Lost fanout                                                                                      ;
; eeprom_manager:eeprom_manager_inst|eeprom_i2c_controller:eeprom_i2c_controller_inst|ram[236][0]                                        ; Lost fanout                                                                                      ;
; eeprom_manager:eeprom_manager_inst|eeprom_i2c_controller:eeprom_i2c_controller_inst|ram[237][0]                                        ; Lost fanout                                                                                      ;
; eeprom_manager:eeprom_manager_inst|eeprom_i2c_controller:eeprom_i2c_controller_inst|ram[238][0]                                        ; Lost fanout                                                                                      ;
; eeprom_manager:eeprom_manager_inst|eeprom_i2c_controller:eeprom_i2c_controller_inst|ram[239][0]                                        ; Lost fanout                                                                                      ;
; eeprom_manager:eeprom_manager_inst|eeprom_i2c_controller:eeprom_i2c_controller_inst|ram[240][0]                                        ; Lost fanout                                                                                      ;
; eeprom_manager:eeprom_manager_inst|eeprom_i2c_controller:eeprom_i2c_controller_inst|ram[241][0]                                        ; Lost fanout                                                                                      ;
; eeprom_manager:eeprom_manager_inst|eeprom_i2c_controller:eeprom_i2c_controller_inst|ram[242][0]                                        ; Lost fanout                                                                                      ;
; eeprom_manager:eeprom_manager_inst|eeprom_i2c_controller:eeprom_i2c_controller_inst|ram[243][0]                                        ; Lost fanout                                                                                      ;
; eeprom_manager:eeprom_manager_inst|eeprom_i2c_controller:eeprom_i2c_controller_inst|ram[244][0]                                        ; Lost fanout                                                                                      ;
; eeprom_manager:eeprom_manager_inst|eeprom_i2c_controller:eeprom_i2c_controller_inst|ram[245][0]                                        ; Lost fanout                                                                                      ;
; eeprom_manager:eeprom_manager_inst|eeprom_i2c_controller:eeprom_i2c_controller_inst|ram[246][0]                                        ; Lost fanout                                                                                      ;
; eeprom_manager:eeprom_manager_inst|eeprom_i2c_controller:eeprom_i2c_controller_inst|ram[247][0]                                        ; Lost fanout                                                                                      ;
; eeprom_manager:eeprom_manager_inst|eeprom_i2c_controller:eeprom_i2c_controller_inst|ram[248][0]                                        ; Lost fanout                                                                                      ;
; eeprom_manager:eeprom_manager_inst|eeprom_i2c_controller:eeprom_i2c_controller_inst|ram[249][0]                                        ; Lost fanout                                                                                      ;
; eeprom_manager:eeprom_manager_inst|eeprom_i2c_controller:eeprom_i2c_controller_inst|ram[250][0]                                        ; Lost fanout                                                                                      ;
; eeprom_manager:eeprom_manager_inst|eeprom_i2c_controller:eeprom_i2c_controller_inst|ram[251][0]                                        ; Lost fanout                                                                                      ;
; eeprom_manager:eeprom_manager_inst|eeprom_i2c_controller:eeprom_i2c_controller_inst|ram[252][0]                                        ; Lost fanout                                                                                      ;
; eeprom_manager:eeprom_manager_inst|eeprom_i2c_controller:eeprom_i2c_controller_inst|ram[253][0]                                        ; Lost fanout                                                                                      ;
; eeprom_manager:eeprom_manager_inst|eeprom_i2c_controller:eeprom_i2c_controller_inst|ram[254][0]                                        ; Lost fanout                                                                                      ;
; eeprom_manager:eeprom_manager_inst|eeprom_i2c_controller:eeprom_i2c_controller_inst|ram[255][0]                                        ; Lost fanout                                                                                      ;
; eeprom_manager:eeprom_manager_inst|eeprom_i2c_controller:eeprom_i2c_controller_inst|ram[1][1]                                          ; Lost fanout                                                                                      ;
; eeprom_manager:eeprom_manager_inst|eeprom_i2c_controller:eeprom_i2c_controller_inst|ram[2][1]                                          ; Lost fanout                                                                                      ;
; eeprom_manager:eeprom_manager_inst|eeprom_i2c_controller:eeprom_i2c_controller_inst|ram[3][1]                                          ; Lost fanout                                                                                      ;
; eeprom_manager:eeprom_manager_inst|eeprom_i2c_controller:eeprom_i2c_controller_inst|ram[4][1]                                          ; Lost fanout                                                                                      ;
; eeprom_manager:eeprom_manager_inst|eeprom_i2c_controller:eeprom_i2c_controller_inst|ram[5][1]                                          ; Lost fanout                                                                                      ;
; eeprom_manager:eeprom_manager_inst|eeprom_i2c_controller:eeprom_i2c_controller_inst|ram[6][1]                                          ; Lost fanout                                                                                      ;
; eeprom_manager:eeprom_manager_inst|eeprom_i2c_controller:eeprom_i2c_controller_inst|ram[7][1]                                          ; Lost fanout                                                                                      ;
; eeprom_manager:eeprom_manager_inst|eeprom_i2c_controller:eeprom_i2c_controller_inst|ram[8][1]                                          ; Lost fanout                                                                                      ;
; eeprom_manager:eeprom_manager_inst|eeprom_i2c_controller:eeprom_i2c_controller_inst|ram[9][1]                                          ; Lost fanout                                                                                      ;
; eeprom_manager:eeprom_manager_inst|eeprom_i2c_controller:eeprom_i2c_controller_inst|ram[10][1]                                         ; Lost fanout                                                                                      ;
; eeprom_manager:eeprom_manager_inst|eeprom_i2c_controller:eeprom_i2c_controller_inst|ram[11][1]                                         ; Lost fanout                                                                                      ;
; eeprom_manager:eeprom_manager_inst|eeprom_i2c_controller:eeprom_i2c_controller_inst|ram[12][1]                                         ; Lost fanout                                                                                      ;
; eeprom_manager:eeprom_manager_inst|eeprom_i2c_controller:eeprom_i2c_controller_inst|ram[13][1]                                         ; Lost fanout                                                                                      ;
; eeprom_manager:eeprom_manager_inst|eeprom_i2c_controller:eeprom_i2c_controller_inst|ram[14][1]                                         ; Lost fanout                                                                                      ;
; eeprom_manager:eeprom_manager_inst|eeprom_i2c_controller:eeprom_i2c_controller_inst|ram[15][1]                                         ; Lost fanout                                                                                      ;
; eeprom_manager:eeprom_manager_inst|eeprom_i2c_controller:eeprom_i2c_controller_inst|ram[16][1]                                         ; Lost fanout                                                                                      ;
; eeprom_manager:eeprom_manager_inst|eeprom_i2c_controller:eeprom_i2c_controller_inst|ram[17][1]                                         ; Lost fanout                                                                                      ;
; eeprom_manager:eeprom_manager_inst|eeprom_i2c_controller:eeprom_i2c_controller_inst|ram[18][1]                                         ; Lost fanout                                                                                      ;
; eeprom_manager:eeprom_manager_inst|eeprom_i2c_controller:eeprom_i2c_controller_inst|ram[19][1]                                         ; Lost fanout                                                                                      ;
; eeprom_manager:eeprom_manager_inst|eeprom_i2c_controller:eeprom_i2c_controller_inst|ram[20][1]                                         ; Lost fanout                                                                                      ;
; eeprom_manager:eeprom_manager_inst|eeprom_i2c_controller:eeprom_i2c_controller_inst|ram[21][1]                                         ; Lost fanout                                                                                      ;
; eeprom_manager:eeprom_manager_inst|eeprom_i2c_controller:eeprom_i2c_controller_inst|ram[22][1]                                         ; Lost fanout                                                                                      ;
; eeprom_manager:eeprom_manager_inst|eeprom_i2c_controller:eeprom_i2c_controller_inst|ram[23][1]                                         ; Lost fanout                                                                                      ;
; eeprom_manager:eeprom_manager_inst|eeprom_i2c_controller:eeprom_i2c_controller_inst|ram[24][1]                                         ; Lost fanout                                                                                      ;
; eeprom_manager:eeprom_manager_inst|eeprom_i2c_controller:eeprom_i2c_controller_inst|ram[25][1]                                         ; Lost fanout                                                                                      ;
; eeprom_manager:eeprom_manager_inst|eeprom_i2c_controller:eeprom_i2c_controller_inst|ram[26][1]                                         ; Lost fanout                                                                                      ;
; eeprom_manager:eeprom_manager_inst|eeprom_i2c_controller:eeprom_i2c_controller_inst|ram[27][1]                                         ; Lost fanout                                                                                      ;
; eeprom_manager:eeprom_manager_inst|eeprom_i2c_controller:eeprom_i2c_controller_inst|ram[28][1]                                         ; Lost fanout                                                                                      ;
; eeprom_manager:eeprom_manager_inst|eeprom_i2c_controller:eeprom_i2c_controller_inst|ram[29][1]                                         ; Lost fanout                                                                                      ;
; eeprom_manager:eeprom_manager_inst|eeprom_i2c_controller:eeprom_i2c_controller_inst|ram[30][1]                                         ; Lost fanout                                                                                      ;
; eeprom_manager:eeprom_manager_inst|eeprom_i2c_controller:eeprom_i2c_controller_inst|ram[31][1]                                         ; Lost fanout                                                                                      ;
; eeprom_manager:eeprom_manager_inst|eeprom_i2c_controller:eeprom_i2c_controller_inst|ram[32][1]                                         ; Lost fanout                                                                                      ;
; eeprom_manager:eeprom_manager_inst|eeprom_i2c_controller:eeprom_i2c_controller_inst|ram[33][1]                                         ; Lost fanout                                                                                      ;
; eeprom_manager:eeprom_manager_inst|eeprom_i2c_controller:eeprom_i2c_controller_inst|ram[34][1]                                         ; Lost fanout                                                                                      ;
; eeprom_manager:eeprom_manager_inst|eeprom_i2c_controller:eeprom_i2c_controller_inst|ram[35][1]                                         ; Lost fanout                                                                                      ;
; eeprom_manager:eeprom_manager_inst|eeprom_i2c_controller:eeprom_i2c_controller_inst|ram[36][1]                                         ; Lost fanout                                                                                      ;
; eeprom_manager:eeprom_manager_inst|eeprom_i2c_controller:eeprom_i2c_controller_inst|ram[37][1]                                         ; Lost fanout                                                                                      ;
; eeprom_manager:eeprom_manager_inst|eeprom_i2c_controller:eeprom_i2c_controller_inst|ram[38][1]                                         ; Lost fanout                                                                                      ;
; eeprom_manager:eeprom_manager_inst|eeprom_i2c_controller:eeprom_i2c_controller_inst|ram[39][1]                                         ; Lost fanout                                                                                      ;
; eeprom_manager:eeprom_manager_inst|eeprom_i2c_controller:eeprom_i2c_controller_inst|ram[40][1]                                         ; Lost fanout                                                                                      ;
; eeprom_manager:eeprom_manager_inst|eeprom_i2c_controller:eeprom_i2c_controller_inst|ram[41][1]                                         ; Lost fanout                                                                                      ;
; eeprom_manager:eeprom_manager_inst|eeprom_i2c_controller:eeprom_i2c_controller_inst|ram[42][1]                                         ; Lost fanout                                                                                      ;
; eeprom_manager:eeprom_manager_inst|eeprom_i2c_controller:eeprom_i2c_controller_inst|ram[43][1]                                         ; Lost fanout                                                                                      ;
; eeprom_manager:eeprom_manager_inst|eeprom_i2c_controller:eeprom_i2c_controller_inst|ram[44][1]                                         ; Lost fanout                                                                                      ;
; eeprom_manager:eeprom_manager_inst|eeprom_i2c_controller:eeprom_i2c_controller_inst|ram[45][1]                                         ; Lost fanout                                                                                      ;
; eeprom_manager:eeprom_manager_inst|eeprom_i2c_controller:eeprom_i2c_controller_inst|ram[46][1]                                         ; Lost fanout                                                                                      ;
; eeprom_manager:eeprom_manager_inst|eeprom_i2c_controller:eeprom_i2c_controller_inst|ram[47][1]                                         ; Lost fanout                                                                                      ;
; eeprom_manager:eeprom_manager_inst|eeprom_i2c_controller:eeprom_i2c_controller_inst|ram[48][1]                                         ; Lost fanout                                                                                      ;
; eeprom_manager:eeprom_manager_inst|eeprom_i2c_controller:eeprom_i2c_controller_inst|ram[49][1]                                         ; Lost fanout                                                                                      ;
; eeprom_manager:eeprom_manager_inst|eeprom_i2c_controller:eeprom_i2c_controller_inst|ram[50][1]                                         ; Lost fanout                                                                                      ;
; eeprom_manager:eeprom_manager_inst|eeprom_i2c_controller:eeprom_i2c_controller_inst|ram[51][1]                                         ; Lost fanout                                                                                      ;
; eeprom_manager:eeprom_manager_inst|eeprom_i2c_controller:eeprom_i2c_controller_inst|ram[52][1]                                         ; Lost fanout                                                                                      ;
; eeprom_manager:eeprom_manager_inst|eeprom_i2c_controller:eeprom_i2c_controller_inst|ram[53][1]                                         ; Lost fanout                                                                                      ;
; eeprom_manager:eeprom_manager_inst|eeprom_i2c_controller:eeprom_i2c_controller_inst|ram[54][1]                                         ; Lost fanout                                                                                      ;
; eeprom_manager:eeprom_manager_inst|eeprom_i2c_controller:eeprom_i2c_controller_inst|ram[55][1]                                         ; Lost fanout                                                                                      ;
; eeprom_manager:eeprom_manager_inst|eeprom_i2c_controller:eeprom_i2c_controller_inst|ram[56][1]                                         ; Lost fanout                                                                                      ;
; eeprom_manager:eeprom_manager_inst|eeprom_i2c_controller:eeprom_i2c_controller_inst|ram[57][1]                                         ; Lost fanout                                                                                      ;
; eeprom_manager:eeprom_manager_inst|eeprom_i2c_controller:eeprom_i2c_controller_inst|ram[58][1]                                         ; Lost fanout                                                                                      ;
; eeprom_manager:eeprom_manager_inst|eeprom_i2c_controller:eeprom_i2c_controller_inst|ram[59][1]                                         ; Lost fanout                                                                                      ;
; eeprom_manager:eeprom_manager_inst|eeprom_i2c_controller:eeprom_i2c_controller_inst|ram[60][1]                                         ; Lost fanout                                                                                      ;
; eeprom_manager:eeprom_manager_inst|eeprom_i2c_controller:eeprom_i2c_controller_inst|ram[61][1]                                         ; Lost fanout                                                                                      ;
; eeprom_manager:eeprom_manager_inst|eeprom_i2c_controller:eeprom_i2c_controller_inst|ram[62][1]                                         ; Lost fanout                                                                                      ;
; eeprom_manager:eeprom_manager_inst|eeprom_i2c_controller:eeprom_i2c_controller_inst|ram[63][1]                                         ; Lost fanout                                                                                      ;
; eeprom_manager:eeprom_manager_inst|eeprom_i2c_controller:eeprom_i2c_controller_inst|ram[64][1]                                         ; Lost fanout                                                                                      ;
; eeprom_manager:eeprom_manager_inst|eeprom_i2c_controller:eeprom_i2c_controller_inst|ram[65][1]                                         ; Lost fanout                                                                                      ;
; eeprom_manager:eeprom_manager_inst|eeprom_i2c_controller:eeprom_i2c_controller_inst|ram[66][1]                                         ; Lost fanout                                                                                      ;
; eeprom_manager:eeprom_manager_inst|eeprom_i2c_controller:eeprom_i2c_controller_inst|ram[67][1]                                         ; Lost fanout                                                                                      ;
; eeprom_manager:eeprom_manager_inst|eeprom_i2c_controller:eeprom_i2c_controller_inst|ram[68][1]                                         ; Lost fanout                                                                                      ;
; eeprom_manager:eeprom_manager_inst|eeprom_i2c_controller:eeprom_i2c_controller_inst|ram[69][1]                                         ; Lost fanout                                                                                      ;
; eeprom_manager:eeprom_manager_inst|eeprom_i2c_controller:eeprom_i2c_controller_inst|ram[70][1]                                         ; Lost fanout                                                                                      ;
; eeprom_manager:eeprom_manager_inst|eeprom_i2c_controller:eeprom_i2c_controller_inst|ram[71][1]                                         ; Lost fanout                                                                                      ;
; eeprom_manager:eeprom_manager_inst|eeprom_i2c_controller:eeprom_i2c_controller_inst|ram[72][1]                                         ; Lost fanout                                                                                      ;
; eeprom_manager:eeprom_manager_inst|eeprom_i2c_controller:eeprom_i2c_controller_inst|ram[73][1]                                         ; Lost fanout                                                                                      ;
; eeprom_manager:eeprom_manager_inst|eeprom_i2c_controller:eeprom_i2c_controller_inst|ram[74][1]                                         ; Lost fanout                                                                                      ;
; eeprom_manager:eeprom_manager_inst|eeprom_i2c_controller:eeprom_i2c_controller_inst|ram[75][1]                                         ; Lost fanout                                                                                      ;
; eeprom_manager:eeprom_manager_inst|eeprom_i2c_controller:eeprom_i2c_controller_inst|ram[76][1]                                         ; Lost fanout                                                                                      ;
; eeprom_manager:eeprom_manager_inst|eeprom_i2c_controller:eeprom_i2c_controller_inst|ram[77][1]                                         ; Lost fanout                                                                                      ;
; eeprom_manager:eeprom_manager_inst|eeprom_i2c_controller:eeprom_i2c_controller_inst|ram[78][1]                                         ; Lost fanout                                                                                      ;
; eeprom_manager:eeprom_manager_inst|eeprom_i2c_controller:eeprom_i2c_controller_inst|ram[79][1]                                         ; Lost fanout                                                                                      ;
; eeprom_manager:eeprom_manager_inst|eeprom_i2c_controller:eeprom_i2c_controller_inst|ram[80][1]                                         ; Lost fanout                                                                                      ;
; eeprom_manager:eeprom_manager_inst|eeprom_i2c_controller:eeprom_i2c_controller_inst|ram[81][1]                                         ; Lost fanout                                                                                      ;
; eeprom_manager:eeprom_manager_inst|eeprom_i2c_controller:eeprom_i2c_controller_inst|ram[82][1]                                         ; Lost fanout                                                                                      ;
; eeprom_manager:eeprom_manager_inst|eeprom_i2c_controller:eeprom_i2c_controller_inst|ram[83][1]                                         ; Lost fanout                                                                                      ;
; eeprom_manager:eeprom_manager_inst|eeprom_i2c_controller:eeprom_i2c_controller_inst|ram[84][1]                                         ; Lost fanout                                                                                      ;
; eeprom_manager:eeprom_manager_inst|eeprom_i2c_controller:eeprom_i2c_controller_inst|ram[85][1]                                         ; Lost fanout                                                                                      ;
; eeprom_manager:eeprom_manager_inst|eeprom_i2c_controller:eeprom_i2c_controller_inst|ram[86][1]                                         ; Lost fanout                                                                                      ;
; eeprom_manager:eeprom_manager_inst|eeprom_i2c_controller:eeprom_i2c_controller_inst|ram[87][1]                                         ; Lost fanout                                                                                      ;
; eeprom_manager:eeprom_manager_inst|eeprom_i2c_controller:eeprom_i2c_controller_inst|ram[88][1]                                         ; Lost fanout                                                                                      ;
; eeprom_manager:eeprom_manager_inst|eeprom_i2c_controller:eeprom_i2c_controller_inst|ram[89][1]                                         ; Lost fanout                                                                                      ;
; eeprom_manager:eeprom_manager_inst|eeprom_i2c_controller:eeprom_i2c_controller_inst|ram[90][1]                                         ; Lost fanout                                                                                      ;
; eeprom_manager:eeprom_manager_inst|eeprom_i2c_controller:eeprom_i2c_controller_inst|ram[91][1]                                         ; Lost fanout                                                                                      ;
; eeprom_manager:eeprom_manager_inst|eeprom_i2c_controller:eeprom_i2c_controller_inst|ram[92][1]                                         ; Lost fanout                                                                                      ;
; eeprom_manager:eeprom_manager_inst|eeprom_i2c_controller:eeprom_i2c_controller_inst|ram[93][1]                                         ; Lost fanout                                                                                      ;
; eeprom_manager:eeprom_manager_inst|eeprom_i2c_controller:eeprom_i2c_controller_inst|ram[94][1]                                         ; Lost fanout                                                                                      ;
; eeprom_manager:eeprom_manager_inst|eeprom_i2c_controller:eeprom_i2c_controller_inst|ram[95][1]                                         ; Lost fanout                                                                                      ;
; eeprom_manager:eeprom_manager_inst|eeprom_i2c_controller:eeprom_i2c_controller_inst|ram[96][1]                                         ; Lost fanout                                                                                      ;
; eeprom_manager:eeprom_manager_inst|eeprom_i2c_controller:eeprom_i2c_controller_inst|ram[97][1]                                         ; Lost fanout                                                                                      ;
; eeprom_manager:eeprom_manager_inst|eeprom_i2c_controller:eeprom_i2c_controller_inst|ram[98][1]                                         ; Lost fanout                                                                                      ;
; eeprom_manager:eeprom_manager_inst|eeprom_i2c_controller:eeprom_i2c_controller_inst|ram[99][1]                                         ; Lost fanout                                                                                      ;
; eeprom_manager:eeprom_manager_inst|eeprom_i2c_controller:eeprom_i2c_controller_inst|ram[100][1]                                        ; Lost fanout                                                                                      ;
; eeprom_manager:eeprom_manager_inst|eeprom_i2c_controller:eeprom_i2c_controller_inst|ram[101][1]                                        ; Lost fanout                                                                                      ;
; eeprom_manager:eeprom_manager_inst|eeprom_i2c_controller:eeprom_i2c_controller_inst|ram[102][1]                                        ; Lost fanout                                                                                      ;
; eeprom_manager:eeprom_manager_inst|eeprom_i2c_controller:eeprom_i2c_controller_inst|ram[103][1]                                        ; Lost fanout                                                                                      ;
; eeprom_manager:eeprom_manager_inst|eeprom_i2c_controller:eeprom_i2c_controller_inst|ram[104][1]                                        ; Lost fanout                                                                                      ;
; eeprom_manager:eeprom_manager_inst|eeprom_i2c_controller:eeprom_i2c_controller_inst|ram[105][1]                                        ; Lost fanout                                                                                      ;
; eeprom_manager:eeprom_manager_inst|eeprom_i2c_controller:eeprom_i2c_controller_inst|ram[106][1]                                        ; Lost fanout                                                                                      ;
; eeprom_manager:eeprom_manager_inst|eeprom_i2c_controller:eeprom_i2c_controller_inst|ram[107][1]                                        ; Lost fanout                                                                                      ;
; eeprom_manager:eeprom_manager_inst|eeprom_i2c_controller:eeprom_i2c_controller_inst|ram[108][1]                                        ; Lost fanout                                                                                      ;
; eeprom_manager:eeprom_manager_inst|eeprom_i2c_controller:eeprom_i2c_controller_inst|ram[109][1]                                        ; Lost fanout                                                                                      ;
; eeprom_manager:eeprom_manager_inst|eeprom_i2c_controller:eeprom_i2c_controller_inst|ram[110][1]                                        ; Lost fanout                                                                                      ;
; eeprom_manager:eeprom_manager_inst|eeprom_i2c_controller:eeprom_i2c_controller_inst|ram[111][1]                                        ; Lost fanout                                                                                      ;
; eeprom_manager:eeprom_manager_inst|eeprom_i2c_controller:eeprom_i2c_controller_inst|ram[112][1]                                        ; Lost fanout                                                                                      ;
; eeprom_manager:eeprom_manager_inst|eeprom_i2c_controller:eeprom_i2c_controller_inst|ram[113][1]                                        ; Lost fanout                                                                                      ;
; eeprom_manager:eeprom_manager_inst|eeprom_i2c_controller:eeprom_i2c_controller_inst|ram[114][1]                                        ; Lost fanout                                                                                      ;
; eeprom_manager:eeprom_manager_inst|eeprom_i2c_controller:eeprom_i2c_controller_inst|ram[115][1]                                        ; Lost fanout                                                                                      ;
; eeprom_manager:eeprom_manager_inst|eeprom_i2c_controller:eeprom_i2c_controller_inst|ram[116][1]                                        ; Lost fanout                                                                                      ;
; eeprom_manager:eeprom_manager_inst|eeprom_i2c_controller:eeprom_i2c_controller_inst|ram[117][1]                                        ; Lost fanout                                                                                      ;
; eeprom_manager:eeprom_manager_inst|eeprom_i2c_controller:eeprom_i2c_controller_inst|ram[118][1]                                        ; Lost fanout                                                                                      ;
; eeprom_manager:eeprom_manager_inst|eeprom_i2c_controller:eeprom_i2c_controller_inst|ram[119][1]                                        ; Lost fanout                                                                                      ;
; eeprom_manager:eeprom_manager_inst|eeprom_i2c_controller:eeprom_i2c_controller_inst|ram[120][1]                                        ; Lost fanout                                                                                      ;
; eeprom_manager:eeprom_manager_inst|eeprom_i2c_controller:eeprom_i2c_controller_inst|ram[121][1]                                        ; Lost fanout                                                                                      ;
; eeprom_manager:eeprom_manager_inst|eeprom_i2c_controller:eeprom_i2c_controller_inst|ram[122][1]                                        ; Lost fanout                                                                                      ;
; eeprom_manager:eeprom_manager_inst|eeprom_i2c_controller:eeprom_i2c_controller_inst|ram[123][1]                                        ; Lost fanout                                                                                      ;
; eeprom_manager:eeprom_manager_inst|eeprom_i2c_controller:eeprom_i2c_controller_inst|ram[124][1]                                        ; Lost fanout                                                                                      ;
; eeprom_manager:eeprom_manager_inst|eeprom_i2c_controller:eeprom_i2c_controller_inst|ram[125][1]                                        ; Lost fanout                                                                                      ;
; eeprom_manager:eeprom_manager_inst|eeprom_i2c_controller:eeprom_i2c_controller_inst|ram[126][1]                                        ; Lost fanout                                                                                      ;
; eeprom_manager:eeprom_manager_inst|eeprom_i2c_controller:eeprom_i2c_controller_inst|ram[127][1]                                        ; Lost fanout                                                                                      ;
; eeprom_manager:eeprom_manager_inst|eeprom_i2c_controller:eeprom_i2c_controller_inst|ram[128][1]                                        ; Lost fanout                                                                                      ;
; eeprom_manager:eeprom_manager_inst|eeprom_i2c_controller:eeprom_i2c_controller_inst|ram[129][1]                                        ; Lost fanout                                                                                      ;
; eeprom_manager:eeprom_manager_inst|eeprom_i2c_controller:eeprom_i2c_controller_inst|ram[130][1]                                        ; Lost fanout                                                                                      ;
; eeprom_manager:eeprom_manager_inst|eeprom_i2c_controller:eeprom_i2c_controller_inst|ram[131][1]                                        ; Lost fanout                                                                                      ;
; eeprom_manager:eeprom_manager_inst|eeprom_i2c_controller:eeprom_i2c_controller_inst|ram[132][1]                                        ; Lost fanout                                                                                      ;
; eeprom_manager:eeprom_manager_inst|eeprom_i2c_controller:eeprom_i2c_controller_inst|ram[133][1]                                        ; Lost fanout                                                                                      ;
; eeprom_manager:eeprom_manager_inst|eeprom_i2c_controller:eeprom_i2c_controller_inst|ram[134][1]                                        ; Lost fanout                                                                                      ;
; eeprom_manager:eeprom_manager_inst|eeprom_i2c_controller:eeprom_i2c_controller_inst|ram[135][1]                                        ; Lost fanout                                                                                      ;
; eeprom_manager:eeprom_manager_inst|eeprom_i2c_controller:eeprom_i2c_controller_inst|ram[136][1]                                        ; Lost fanout                                                                                      ;
; eeprom_manager:eeprom_manager_inst|eeprom_i2c_controller:eeprom_i2c_controller_inst|ram[137][1]                                        ; Lost fanout                                                                                      ;
; eeprom_manager:eeprom_manager_inst|eeprom_i2c_controller:eeprom_i2c_controller_inst|ram[138][1]                                        ; Lost fanout                                                                                      ;
; eeprom_manager:eeprom_manager_inst|eeprom_i2c_controller:eeprom_i2c_controller_inst|ram[139][1]                                        ; Lost fanout                                                                                      ;
; eeprom_manager:eeprom_manager_inst|eeprom_i2c_controller:eeprom_i2c_controller_inst|ram[140][1]                                        ; Lost fanout                                                                                      ;
; eeprom_manager:eeprom_manager_inst|eeprom_i2c_controller:eeprom_i2c_controller_inst|ram[141][1]                                        ; Lost fanout                                                                                      ;
; eeprom_manager:eeprom_manager_inst|eeprom_i2c_controller:eeprom_i2c_controller_inst|ram[142][1]                                        ; Lost fanout                                                                                      ;
; eeprom_manager:eeprom_manager_inst|eeprom_i2c_controller:eeprom_i2c_controller_inst|ram[143][1]                                        ; Lost fanout                                                                                      ;
; eeprom_manager:eeprom_manager_inst|eeprom_i2c_controller:eeprom_i2c_controller_inst|ram[144][1]                                        ; Lost fanout                                                                                      ;
; eeprom_manager:eeprom_manager_inst|eeprom_i2c_controller:eeprom_i2c_controller_inst|ram[145][1]                                        ; Lost fanout                                                                                      ;
; eeprom_manager:eeprom_manager_inst|eeprom_i2c_controller:eeprom_i2c_controller_inst|ram[146][1]                                        ; Lost fanout                                                                                      ;
; eeprom_manager:eeprom_manager_inst|eeprom_i2c_controller:eeprom_i2c_controller_inst|ram[147][1]                                        ; Lost fanout                                                                                      ;
; eeprom_manager:eeprom_manager_inst|eeprom_i2c_controller:eeprom_i2c_controller_inst|ram[148][1]                                        ; Lost fanout                                                                                      ;
; eeprom_manager:eeprom_manager_inst|eeprom_i2c_controller:eeprom_i2c_controller_inst|ram[149][1]                                        ; Lost fanout                                                                                      ;
; eeprom_manager:eeprom_manager_inst|eeprom_i2c_controller:eeprom_i2c_controller_inst|ram[150][1]                                        ; Lost fanout                                                                                      ;
; eeprom_manager:eeprom_manager_inst|eeprom_i2c_controller:eeprom_i2c_controller_inst|ram[151][1]                                        ; Lost fanout                                                                                      ;
; eeprom_manager:eeprom_manager_inst|eeprom_i2c_controller:eeprom_i2c_controller_inst|ram[152][1]                                        ; Lost fanout                                                                                      ;
; eeprom_manager:eeprom_manager_inst|eeprom_i2c_controller:eeprom_i2c_controller_inst|ram[153][1]                                        ; Lost fanout                                                                                      ;
; eeprom_manager:eeprom_manager_inst|eeprom_i2c_controller:eeprom_i2c_controller_inst|ram[154][1]                                        ; Lost fanout                                                                                      ;
; eeprom_manager:eeprom_manager_inst|eeprom_i2c_controller:eeprom_i2c_controller_inst|ram[155][1]                                        ; Lost fanout                                                                                      ;
; eeprom_manager:eeprom_manager_inst|eeprom_i2c_controller:eeprom_i2c_controller_inst|ram[156][1]                                        ; Lost fanout                                                                                      ;
; eeprom_manager:eeprom_manager_inst|eeprom_i2c_controller:eeprom_i2c_controller_inst|ram[157][1]                                        ; Lost fanout                                                                                      ;
; eeprom_manager:eeprom_manager_inst|eeprom_i2c_controller:eeprom_i2c_controller_inst|ram[158][1]                                        ; Lost fanout                                                                                      ;
; eeprom_manager:eeprom_manager_inst|eeprom_i2c_controller:eeprom_i2c_controller_inst|ram[159][1]                                        ; Lost fanout                                                                                      ;
; eeprom_manager:eeprom_manager_inst|eeprom_i2c_controller:eeprom_i2c_controller_inst|ram[160][1]                                        ; Lost fanout                                                                                      ;
; eeprom_manager:eeprom_manager_inst|eeprom_i2c_controller:eeprom_i2c_controller_inst|ram[161][1]                                        ; Lost fanout                                                                                      ;
; eeprom_manager:eeprom_manager_inst|eeprom_i2c_controller:eeprom_i2c_controller_inst|ram[162][1]                                        ; Lost fanout                                                                                      ;
; eeprom_manager:eeprom_manager_inst|eeprom_i2c_controller:eeprom_i2c_controller_inst|ram[163][1]                                        ; Lost fanout                                                                                      ;
; eeprom_manager:eeprom_manager_inst|eeprom_i2c_controller:eeprom_i2c_controller_inst|ram[164][1]                                        ; Lost fanout                                                                                      ;
; eeprom_manager:eeprom_manager_inst|eeprom_i2c_controller:eeprom_i2c_controller_inst|ram[165][1]                                        ; Lost fanout                                                                                      ;
; eeprom_manager:eeprom_manager_inst|eeprom_i2c_controller:eeprom_i2c_controller_inst|ram[166][1]                                        ; Lost fanout                                                                                      ;
; eeprom_manager:eeprom_manager_inst|eeprom_i2c_controller:eeprom_i2c_controller_inst|ram[167][1]                                        ; Lost fanout                                                                                      ;
; eeprom_manager:eeprom_manager_inst|eeprom_i2c_controller:eeprom_i2c_controller_inst|ram[168][1]                                        ; Lost fanout                                                                                      ;
; eeprom_manager:eeprom_manager_inst|eeprom_i2c_controller:eeprom_i2c_controller_inst|ram[169][1]                                        ; Lost fanout                                                                                      ;
; eeprom_manager:eeprom_manager_inst|eeprom_i2c_controller:eeprom_i2c_controller_inst|ram[170][1]                                        ; Lost fanout                                                                                      ;
; eeprom_manager:eeprom_manager_inst|eeprom_i2c_controller:eeprom_i2c_controller_inst|ram[171][1]                                        ; Lost fanout                                                                                      ;
; eeprom_manager:eeprom_manager_inst|eeprom_i2c_controller:eeprom_i2c_controller_inst|ram[172][1]                                        ; Lost fanout                                                                                      ;
; eeprom_manager:eeprom_manager_inst|eeprom_i2c_controller:eeprom_i2c_controller_inst|ram[173][1]                                        ; Lost fanout                                                                                      ;
; eeprom_manager:eeprom_manager_inst|eeprom_i2c_controller:eeprom_i2c_controller_inst|ram[174][1]                                        ; Lost fanout                                                                                      ;
; eeprom_manager:eeprom_manager_inst|eeprom_i2c_controller:eeprom_i2c_controller_inst|ram[175][1]                                        ; Lost fanout                                                                                      ;
; eeprom_manager:eeprom_manager_inst|eeprom_i2c_controller:eeprom_i2c_controller_inst|ram[176][1]                                        ; Lost fanout                                                                                      ;
; eeprom_manager:eeprom_manager_inst|eeprom_i2c_controller:eeprom_i2c_controller_inst|ram[177][1]                                        ; Lost fanout                                                                                      ;
; eeprom_manager:eeprom_manager_inst|eeprom_i2c_controller:eeprom_i2c_controller_inst|ram[178][1]                                        ; Lost fanout                                                                                      ;
; eeprom_manager:eeprom_manager_inst|eeprom_i2c_controller:eeprom_i2c_controller_inst|ram[179][1]                                        ; Lost fanout                                                                                      ;
; eeprom_manager:eeprom_manager_inst|eeprom_i2c_controller:eeprom_i2c_controller_inst|ram[180][1]                                        ; Lost fanout                                                                                      ;
; eeprom_manager:eeprom_manager_inst|eeprom_i2c_controller:eeprom_i2c_controller_inst|ram[181][1]                                        ; Lost fanout                                                                                      ;
; eeprom_manager:eeprom_manager_inst|eeprom_i2c_controller:eeprom_i2c_controller_inst|ram[182][1]                                        ; Lost fanout                                                                                      ;
; eeprom_manager:eeprom_manager_inst|eeprom_i2c_controller:eeprom_i2c_controller_inst|ram[183][1]                                        ; Lost fanout                                                                                      ;
; eeprom_manager:eeprom_manager_inst|eeprom_i2c_controller:eeprom_i2c_controller_inst|ram[184][1]                                        ; Lost fanout                                                                                      ;
; eeprom_manager:eeprom_manager_inst|eeprom_i2c_controller:eeprom_i2c_controller_inst|ram[185][1]                                        ; Lost fanout                                                                                      ;
; eeprom_manager:eeprom_manager_inst|eeprom_i2c_controller:eeprom_i2c_controller_inst|ram[186][1]                                        ; Lost fanout                                                                                      ;
; eeprom_manager:eeprom_manager_inst|eeprom_i2c_controller:eeprom_i2c_controller_inst|ram[187][1]                                        ; Lost fanout                                                                                      ;
; eeprom_manager:eeprom_manager_inst|eeprom_i2c_controller:eeprom_i2c_controller_inst|ram[188][1]                                        ; Lost fanout                                                                                      ;
; eeprom_manager:eeprom_manager_inst|eeprom_i2c_controller:eeprom_i2c_controller_inst|ram[189][1]                                        ; Lost fanout                                                                                      ;
; eeprom_manager:eeprom_manager_inst|eeprom_i2c_controller:eeprom_i2c_controller_inst|ram[190][1]                                        ; Lost fanout                                                                                      ;
; eeprom_manager:eeprom_manager_inst|eeprom_i2c_controller:eeprom_i2c_controller_inst|ram[191][1]                                        ; Lost fanout                                                                                      ;
; eeprom_manager:eeprom_manager_inst|eeprom_i2c_controller:eeprom_i2c_controller_inst|ram[192][1]                                        ; Lost fanout                                                                                      ;
; eeprom_manager:eeprom_manager_inst|eeprom_i2c_controller:eeprom_i2c_controller_inst|ram[193][1]                                        ; Lost fanout                                                                                      ;
; eeprom_manager:eeprom_manager_inst|eeprom_i2c_controller:eeprom_i2c_controller_inst|ram[194][1]                                        ; Lost fanout                                                                                      ;
; eeprom_manager:eeprom_manager_inst|eeprom_i2c_controller:eeprom_i2c_controller_inst|ram[195][1]                                        ; Lost fanout                                                                                      ;
; eeprom_manager:eeprom_manager_inst|eeprom_i2c_controller:eeprom_i2c_controller_inst|ram[196][1]                                        ; Lost fanout                                                                                      ;
; eeprom_manager:eeprom_manager_inst|eeprom_i2c_controller:eeprom_i2c_controller_inst|ram[197][1]                                        ; Lost fanout                                                                                      ;
; eeprom_manager:eeprom_manager_inst|eeprom_i2c_controller:eeprom_i2c_controller_inst|ram[198][1]                                        ; Lost fanout                                                                                      ;
; eeprom_manager:eeprom_manager_inst|eeprom_i2c_controller:eeprom_i2c_controller_inst|ram[199][1]                                        ; Lost fanout                                                                                      ;
; eeprom_manager:eeprom_manager_inst|eeprom_i2c_controller:eeprom_i2c_controller_inst|ram[200][1]                                        ; Lost fanout                                                                                      ;
; eeprom_manager:eeprom_manager_inst|eeprom_i2c_controller:eeprom_i2c_controller_inst|ram[201][1]                                        ; Lost fanout                                                                                      ;
; eeprom_manager:eeprom_manager_inst|eeprom_i2c_controller:eeprom_i2c_controller_inst|ram[202][1]                                        ; Lost fanout                                                                                      ;
; eeprom_manager:eeprom_manager_inst|eeprom_i2c_controller:eeprom_i2c_controller_inst|ram[203][1]                                        ; Lost fanout                                                                                      ;
; eeprom_manager:eeprom_manager_inst|eeprom_i2c_controller:eeprom_i2c_controller_inst|ram[204][1]                                        ; Lost fanout                                                                                      ;
; eeprom_manager:eeprom_manager_inst|eeprom_i2c_controller:eeprom_i2c_controller_inst|ram[205][1]                                        ; Lost fanout                                                                                      ;
; eeprom_manager:eeprom_manager_inst|eeprom_i2c_controller:eeprom_i2c_controller_inst|ram[206][1]                                        ; Lost fanout                                                                                      ;
; eeprom_manager:eeprom_manager_inst|eeprom_i2c_controller:eeprom_i2c_controller_inst|ram[207][1]                                        ; Lost fanout                                                                                      ;
; eeprom_manager:eeprom_manager_inst|eeprom_i2c_controller:eeprom_i2c_controller_inst|ram[208][1]                                        ; Lost fanout                                                                                      ;
; eeprom_manager:eeprom_manager_inst|eeprom_i2c_controller:eeprom_i2c_controller_inst|ram[209][1]                                        ; Lost fanout                                                                                      ;
; eeprom_manager:eeprom_manager_inst|eeprom_i2c_controller:eeprom_i2c_controller_inst|ram[210][1]                                        ; Lost fanout                                                                                      ;
; eeprom_manager:eeprom_manager_inst|eeprom_i2c_controller:eeprom_i2c_controller_inst|ram[211][1]                                        ; Lost fanout                                                                                      ;
; eeprom_manager:eeprom_manager_inst|eeprom_i2c_controller:eeprom_i2c_controller_inst|ram[212][1]                                        ; Lost fanout                                                                                      ;
; eeprom_manager:eeprom_manager_inst|eeprom_i2c_controller:eeprom_i2c_controller_inst|ram[213][1]                                        ; Lost fanout                                                                                      ;
; eeprom_manager:eeprom_manager_inst|eeprom_i2c_controller:eeprom_i2c_controller_inst|ram[214][1]                                        ; Lost fanout                                                                                      ;
; eeprom_manager:eeprom_manager_inst|eeprom_i2c_controller:eeprom_i2c_controller_inst|ram[215][1]                                        ; Lost fanout                                                                                      ;
; eeprom_manager:eeprom_manager_inst|eeprom_i2c_controller:eeprom_i2c_controller_inst|ram[216][1]                                        ; Lost fanout                                                                                      ;
; eeprom_manager:eeprom_manager_inst|eeprom_i2c_controller:eeprom_i2c_controller_inst|ram[217][1]                                        ; Lost fanout                                                                                      ;
; eeprom_manager:eeprom_manager_inst|eeprom_i2c_controller:eeprom_i2c_controller_inst|ram[218][1]                                        ; Lost fanout                                                                                      ;
; eeprom_manager:eeprom_manager_inst|eeprom_i2c_controller:eeprom_i2c_controller_inst|ram[219][1]                                        ; Lost fanout                                                                                      ;
; eeprom_manager:eeprom_manager_inst|eeprom_i2c_controller:eeprom_i2c_controller_inst|ram[220][1]                                        ; Lost fanout                                                                                      ;
; eeprom_manager:eeprom_manager_inst|eeprom_i2c_controller:eeprom_i2c_controller_inst|ram[221][1]                                        ; Lost fanout                                                                                      ;
; eeprom_manager:eeprom_manager_inst|eeprom_i2c_controller:eeprom_i2c_controller_inst|ram[222][1]                                        ; Lost fanout                                                                                      ;
; eeprom_manager:eeprom_manager_inst|eeprom_i2c_controller:eeprom_i2c_controller_inst|ram[223][1]                                        ; Lost fanout                                                                                      ;
; eeprom_manager:eeprom_manager_inst|eeprom_i2c_controller:eeprom_i2c_controller_inst|ram[224][1]                                        ; Lost fanout                                                                                      ;
; eeprom_manager:eeprom_manager_inst|eeprom_i2c_controller:eeprom_i2c_controller_inst|ram[225][1]                                        ; Lost fanout                                                                                      ;
; eeprom_manager:eeprom_manager_inst|eeprom_i2c_controller:eeprom_i2c_controller_inst|ram[226][1]                                        ; Lost fanout                                                                                      ;
; eeprom_manager:eeprom_manager_inst|eeprom_i2c_controller:eeprom_i2c_controller_inst|ram[227][1]                                        ; Lost fanout                                                                                      ;
; eeprom_manager:eeprom_manager_inst|eeprom_i2c_controller:eeprom_i2c_controller_inst|ram[228][1]                                        ; Lost fanout                                                                                      ;
; eeprom_manager:eeprom_manager_inst|eeprom_i2c_controller:eeprom_i2c_controller_inst|ram[229][1]                                        ; Lost fanout                                                                                      ;
; eeprom_manager:eeprom_manager_inst|eeprom_i2c_controller:eeprom_i2c_controller_inst|ram[230][1]                                        ; Lost fanout                                                                                      ;
; eeprom_manager:eeprom_manager_inst|eeprom_i2c_controller:eeprom_i2c_controller_inst|ram[231][1]                                        ; Lost fanout                                                                                      ;
; eeprom_manager:eeprom_manager_inst|eeprom_i2c_controller:eeprom_i2c_controller_inst|ram[232][1]                                        ; Lost fanout                                                                                      ;
; eeprom_manager:eeprom_manager_inst|eeprom_i2c_controller:eeprom_i2c_controller_inst|ram[233][1]                                        ; Lost fanout                                                                                      ;
; eeprom_manager:eeprom_manager_inst|eeprom_i2c_controller:eeprom_i2c_controller_inst|ram[234][1]                                        ; Lost fanout                                                                                      ;
; eeprom_manager:eeprom_manager_inst|eeprom_i2c_controller:eeprom_i2c_controller_inst|ram[235][1]                                        ; Lost fanout                                                                                      ;
; eeprom_manager:eeprom_manager_inst|eeprom_i2c_controller:eeprom_i2c_controller_inst|ram[236][1]                                        ; Lost fanout                                                                                      ;
; eeprom_manager:eeprom_manager_inst|eeprom_i2c_controller:eeprom_i2c_controller_inst|ram[237][1]                                        ; Lost fanout                                                                                      ;
; eeprom_manager:eeprom_manager_inst|eeprom_i2c_controller:eeprom_i2c_controller_inst|ram[238][1]                                        ; Lost fanout                                                                                      ;
; eeprom_manager:eeprom_manager_inst|eeprom_i2c_controller:eeprom_i2c_controller_inst|ram[239][1]                                        ; Lost fanout                                                                                      ;
; eeprom_manager:eeprom_manager_inst|eeprom_i2c_controller:eeprom_i2c_controller_inst|ram[240][1]                                        ; Lost fanout                                                                                      ;
; eeprom_manager:eeprom_manager_inst|eeprom_i2c_controller:eeprom_i2c_controller_inst|ram[241][1]                                        ; Lost fanout                                                                                      ;
; eeprom_manager:eeprom_manager_inst|eeprom_i2c_controller:eeprom_i2c_controller_inst|ram[242][1]                                        ; Lost fanout                                                                                      ;
; eeprom_manager:eeprom_manager_inst|eeprom_i2c_controller:eeprom_i2c_controller_inst|ram[243][1]                                        ; Lost fanout                                                                                      ;
; eeprom_manager:eeprom_manager_inst|eeprom_i2c_controller:eeprom_i2c_controller_inst|ram[244][1]                                        ; Lost fanout                                                                                      ;
; eeprom_manager:eeprom_manager_inst|eeprom_i2c_controller:eeprom_i2c_controller_inst|ram[245][1]                                        ; Lost fanout                                                                                      ;
; eeprom_manager:eeprom_manager_inst|eeprom_i2c_controller:eeprom_i2c_controller_inst|ram[246][1]                                        ; Lost fanout                                                                                      ;
; eeprom_manager:eeprom_manager_inst|eeprom_i2c_controller:eeprom_i2c_controller_inst|ram[247][1]                                        ; Lost fanout                                                                                      ;
; eeprom_manager:eeprom_manager_inst|eeprom_i2c_controller:eeprom_i2c_controller_inst|ram[248][1]                                        ; Lost fanout                                                                                      ;
; eeprom_manager:eeprom_manager_inst|eeprom_i2c_controller:eeprom_i2c_controller_inst|ram[249][1]                                        ; Lost fanout                                                                                      ;
; eeprom_manager:eeprom_manager_inst|eeprom_i2c_controller:eeprom_i2c_controller_inst|ram[250][1]                                        ; Lost fanout                                                                                      ;
; eeprom_manager:eeprom_manager_inst|eeprom_i2c_controller:eeprom_i2c_controller_inst|ram[251][1]                                        ; Lost fanout                                                                                      ;
; eeprom_manager:eeprom_manager_inst|eeprom_i2c_controller:eeprom_i2c_controller_inst|ram[252][1]                                        ; Lost fanout                                                                                      ;
; eeprom_manager:eeprom_manager_inst|eeprom_i2c_controller:eeprom_i2c_controller_inst|ram[253][1]                                        ; Lost fanout                                                                                      ;
; eeprom_manager:eeprom_manager_inst|eeprom_i2c_controller:eeprom_i2c_controller_inst|ram[254][1]                                        ; Lost fanout                                                                                      ;
; eeprom_manager:eeprom_manager_inst|eeprom_i2c_controller:eeprom_i2c_controller_inst|ram[255][1]                                        ; Lost fanout                                                                                      ;
; eeprom_manager:eeprom_manager_inst|eeprom_i2c_controller:eeprom_i2c_controller_inst|ram[1][2]                                          ; Lost fanout                                                                                      ;
; eeprom_manager:eeprom_manager_inst|eeprom_i2c_controller:eeprom_i2c_controller_inst|ram[2][2]                                          ; Lost fanout                                                                                      ;
; eeprom_manager:eeprom_manager_inst|eeprom_i2c_controller:eeprom_i2c_controller_inst|ram[3][2]                                          ; Lost fanout                                                                                      ;
; eeprom_manager:eeprom_manager_inst|eeprom_i2c_controller:eeprom_i2c_controller_inst|ram[4][2]                                          ; Lost fanout                                                                                      ;
; eeprom_manager:eeprom_manager_inst|eeprom_i2c_controller:eeprom_i2c_controller_inst|ram[5][2]                                          ; Lost fanout                                                                                      ;
; eeprom_manager:eeprom_manager_inst|eeprom_i2c_controller:eeprom_i2c_controller_inst|ram[6][2]                                          ; Lost fanout                                                                                      ;
; eeprom_manager:eeprom_manager_inst|eeprom_i2c_controller:eeprom_i2c_controller_inst|ram[7][2]                                          ; Lost fanout                                                                                      ;
; eeprom_manager:eeprom_manager_inst|eeprom_i2c_controller:eeprom_i2c_controller_inst|ram[8][2]                                          ; Lost fanout                                                                                      ;
; eeprom_manager:eeprom_manager_inst|eeprom_i2c_controller:eeprom_i2c_controller_inst|ram[9][2]                                          ; Lost fanout                                                                                      ;
; eeprom_manager:eeprom_manager_inst|eeprom_i2c_controller:eeprom_i2c_controller_inst|ram[10][2]                                         ; Lost fanout                                                                                      ;
; eeprom_manager:eeprom_manager_inst|eeprom_i2c_controller:eeprom_i2c_controller_inst|ram[11][2]                                         ; Lost fanout                                                                                      ;
; eeprom_manager:eeprom_manager_inst|eeprom_i2c_controller:eeprom_i2c_controller_inst|ram[12][2]                                         ; Lost fanout                                                                                      ;
; eeprom_manager:eeprom_manager_inst|eeprom_i2c_controller:eeprom_i2c_controller_inst|ram[13][2]                                         ; Lost fanout                                                                                      ;
; eeprom_manager:eeprom_manager_inst|eeprom_i2c_controller:eeprom_i2c_controller_inst|ram[14][2]                                         ; Lost fanout                                                                                      ;
; eeprom_manager:eeprom_manager_inst|eeprom_i2c_controller:eeprom_i2c_controller_inst|ram[15][2]                                         ; Lost fanout                                                                                      ;
; eeprom_manager:eeprom_manager_inst|eeprom_i2c_controller:eeprom_i2c_controller_inst|ram[16][2]                                         ; Lost fanout                                                                                      ;
; eeprom_manager:eeprom_manager_inst|eeprom_i2c_controller:eeprom_i2c_controller_inst|ram[17][2]                                         ; Lost fanout                                                                                      ;
; eeprom_manager:eeprom_manager_inst|eeprom_i2c_controller:eeprom_i2c_controller_inst|ram[18][2]                                         ; Lost fanout                                                                                      ;
; eeprom_manager:eeprom_manager_inst|eeprom_i2c_controller:eeprom_i2c_controller_inst|ram[19][2]                                         ; Lost fanout                                                                                      ;
; eeprom_manager:eeprom_manager_inst|eeprom_i2c_controller:eeprom_i2c_controller_inst|ram[20][2]                                         ; Lost fanout                                                                                      ;
; eeprom_manager:eeprom_manager_inst|eeprom_i2c_controller:eeprom_i2c_controller_inst|ram[21][2]                                         ; Lost fanout                                                                                      ;
; eeprom_manager:eeprom_manager_inst|eeprom_i2c_controller:eeprom_i2c_controller_inst|ram[22][2]                                         ; Lost fanout                                                                                      ;
; eeprom_manager:eeprom_manager_inst|eeprom_i2c_controller:eeprom_i2c_controller_inst|ram[23][2]                                         ; Lost fanout                                                                                      ;
; eeprom_manager:eeprom_manager_inst|eeprom_i2c_controller:eeprom_i2c_controller_inst|ram[24][2]                                         ; Lost fanout                                                                                      ;
; eeprom_manager:eeprom_manager_inst|eeprom_i2c_controller:eeprom_i2c_controller_inst|ram[25][2]                                         ; Lost fanout                                                                                      ;
; eeprom_manager:eeprom_manager_inst|eeprom_i2c_controller:eeprom_i2c_controller_inst|ram[26][2]                                         ; Lost fanout                                                                                      ;
; eeprom_manager:eeprom_manager_inst|eeprom_i2c_controller:eeprom_i2c_controller_inst|ram[27][2]                                         ; Lost fanout                                                                                      ;
; eeprom_manager:eeprom_manager_inst|eeprom_i2c_controller:eeprom_i2c_controller_inst|ram[28][2]                                         ; Lost fanout                                                                                      ;
; eeprom_manager:eeprom_manager_inst|eeprom_i2c_controller:eeprom_i2c_controller_inst|ram[29][2]                                         ; Lost fanout                                                                                      ;
; eeprom_manager:eeprom_manager_inst|eeprom_i2c_controller:eeprom_i2c_controller_inst|ram[30][2]                                         ; Lost fanout                                                                                      ;
; eeprom_manager:eeprom_manager_inst|eeprom_i2c_controller:eeprom_i2c_controller_inst|ram[31][2]                                         ; Lost fanout                                                                                      ;
; eeprom_manager:eeprom_manager_inst|eeprom_i2c_controller:eeprom_i2c_controller_inst|ram[32][2]                                         ; Lost fanout                                                                                      ;
; eeprom_manager:eeprom_manager_inst|eeprom_i2c_controller:eeprom_i2c_controller_inst|ram[33][2]                                         ; Lost fanout                                                                                      ;
; eeprom_manager:eeprom_manager_inst|eeprom_i2c_controller:eeprom_i2c_controller_inst|ram[34][2]                                         ; Lost fanout                                                                                      ;
; eeprom_manager:eeprom_manager_inst|eeprom_i2c_controller:eeprom_i2c_controller_inst|ram[35][2]                                         ; Lost fanout                                                                                      ;
; eeprom_manager:eeprom_manager_inst|eeprom_i2c_controller:eeprom_i2c_controller_inst|ram[36][2]                                         ; Lost fanout                                                                                      ;
; eeprom_manager:eeprom_manager_inst|eeprom_i2c_controller:eeprom_i2c_controller_inst|ram[37][2]                                         ; Lost fanout                                                                                      ;
; eeprom_manager:eeprom_manager_inst|eeprom_i2c_controller:eeprom_i2c_controller_inst|ram[38][2]                                         ; Lost fanout                                                                                      ;
; eeprom_manager:eeprom_manager_inst|eeprom_i2c_controller:eeprom_i2c_controller_inst|ram[39][2]                                         ; Lost fanout                                                                                      ;
; eeprom_manager:eeprom_manager_inst|eeprom_i2c_controller:eeprom_i2c_controller_inst|ram[40][2]                                         ; Lost fanout                                                                                      ;
; eeprom_manager:eeprom_manager_inst|eeprom_i2c_controller:eeprom_i2c_controller_inst|ram[41][2]                                         ; Lost fanout                                                                                      ;
; eeprom_manager:eeprom_manager_inst|eeprom_i2c_controller:eeprom_i2c_controller_inst|ram[42][2]                                         ; Lost fanout                                                                                      ;
; eeprom_manager:eeprom_manager_inst|eeprom_i2c_controller:eeprom_i2c_controller_inst|ram[43][2]                                         ; Lost fanout                                                                                      ;
; eeprom_manager:eeprom_manager_inst|eeprom_i2c_controller:eeprom_i2c_controller_inst|ram[44][2]                                         ; Lost fanout                                                                                      ;
; eeprom_manager:eeprom_manager_inst|eeprom_i2c_controller:eeprom_i2c_controller_inst|ram[45][2]                                         ; Lost fanout                                                                                      ;
; eeprom_manager:eeprom_manager_inst|eeprom_i2c_controller:eeprom_i2c_controller_inst|ram[46][2]                                         ; Lost fanout                                                                                      ;
; eeprom_manager:eeprom_manager_inst|eeprom_i2c_controller:eeprom_i2c_controller_inst|ram[47][2]                                         ; Lost fanout                                                                                      ;
; eeprom_manager:eeprom_manager_inst|eeprom_i2c_controller:eeprom_i2c_controller_inst|ram[48][2]                                         ; Lost fanout                                                                                      ;
; eeprom_manager:eeprom_manager_inst|eeprom_i2c_controller:eeprom_i2c_controller_inst|ram[49][2]                                         ; Lost fanout                                                                                      ;
; eeprom_manager:eeprom_manager_inst|eeprom_i2c_controller:eeprom_i2c_controller_inst|ram[50][2]                                         ; Lost fanout                                                                                      ;
; eeprom_manager:eeprom_manager_inst|eeprom_i2c_controller:eeprom_i2c_controller_inst|ram[51][2]                                         ; Lost fanout                                                                                      ;
; eeprom_manager:eeprom_manager_inst|eeprom_i2c_controller:eeprom_i2c_controller_inst|ram[52][2]                                         ; Lost fanout                                                                                      ;
; eeprom_manager:eeprom_manager_inst|eeprom_i2c_controller:eeprom_i2c_controller_inst|ram[53][2]                                         ; Lost fanout                                                                                      ;
; eeprom_manager:eeprom_manager_inst|eeprom_i2c_controller:eeprom_i2c_controller_inst|ram[54][2]                                         ; Lost fanout                                                                                      ;
; eeprom_manager:eeprom_manager_inst|eeprom_i2c_controller:eeprom_i2c_controller_inst|ram[55][2]                                         ; Lost fanout                                                                                      ;
; eeprom_manager:eeprom_manager_inst|eeprom_i2c_controller:eeprom_i2c_controller_inst|ram[56][2]                                         ; Lost fanout                                                                                      ;
; eeprom_manager:eeprom_manager_inst|eeprom_i2c_controller:eeprom_i2c_controller_inst|ram[57][2]                                         ; Lost fanout                                                                                      ;
; eeprom_manager:eeprom_manager_inst|eeprom_i2c_controller:eeprom_i2c_controller_inst|ram[58][2]                                         ; Lost fanout                                                                                      ;
; eeprom_manager:eeprom_manager_inst|eeprom_i2c_controller:eeprom_i2c_controller_inst|ram[59][2]                                         ; Lost fanout                                                                                      ;
; eeprom_manager:eeprom_manager_inst|eeprom_i2c_controller:eeprom_i2c_controller_inst|ram[60][2]                                         ; Lost fanout                                                                                      ;
; eeprom_manager:eeprom_manager_inst|eeprom_i2c_controller:eeprom_i2c_controller_inst|ram[61][2]                                         ; Lost fanout                                                                                      ;
; eeprom_manager:eeprom_manager_inst|eeprom_i2c_controller:eeprom_i2c_controller_inst|ram[62][2]                                         ; Lost fanout                                                                                      ;
; eeprom_manager:eeprom_manager_inst|eeprom_i2c_controller:eeprom_i2c_controller_inst|ram[63][2]                                         ; Lost fanout                                                                                      ;
; eeprom_manager:eeprom_manager_inst|eeprom_i2c_controller:eeprom_i2c_controller_inst|ram[64][2]                                         ; Lost fanout                                                                                      ;
; eeprom_manager:eeprom_manager_inst|eeprom_i2c_controller:eeprom_i2c_controller_inst|ram[65][2]                                         ; Lost fanout                                                                                      ;
; eeprom_manager:eeprom_manager_inst|eeprom_i2c_controller:eeprom_i2c_controller_inst|ram[66][2]                                         ; Lost fanout                                                                                      ;
; eeprom_manager:eeprom_manager_inst|eeprom_i2c_controller:eeprom_i2c_controller_inst|ram[67][2]                                         ; Lost fanout                                                                                      ;
; eeprom_manager:eeprom_manager_inst|eeprom_i2c_controller:eeprom_i2c_controller_inst|ram[68][2]                                         ; Lost fanout                                                                                      ;
; eeprom_manager:eeprom_manager_inst|eeprom_i2c_controller:eeprom_i2c_controller_inst|ram[69][2]                                         ; Lost fanout                                                                                      ;
; eeprom_manager:eeprom_manager_inst|eeprom_i2c_controller:eeprom_i2c_controller_inst|ram[70][2]                                         ; Lost fanout                                                                                      ;
; eeprom_manager:eeprom_manager_inst|eeprom_i2c_controller:eeprom_i2c_controller_inst|ram[71][2]                                         ; Lost fanout                                                                                      ;
; eeprom_manager:eeprom_manager_inst|eeprom_i2c_controller:eeprom_i2c_controller_inst|ram[72][2]                                         ; Lost fanout                                                                                      ;
; eeprom_manager:eeprom_manager_inst|eeprom_i2c_controller:eeprom_i2c_controller_inst|ram[73][2]                                         ; Lost fanout                                                                                      ;
; eeprom_manager:eeprom_manager_inst|eeprom_i2c_controller:eeprom_i2c_controller_inst|ram[74][2]                                         ; Lost fanout                                                                                      ;
; eeprom_manager:eeprom_manager_inst|eeprom_i2c_controller:eeprom_i2c_controller_inst|ram[75][2]                                         ; Lost fanout                                                                                      ;
; eeprom_manager:eeprom_manager_inst|eeprom_i2c_controller:eeprom_i2c_controller_inst|ram[76][2]                                         ; Lost fanout                                                                                      ;
; eeprom_manager:eeprom_manager_inst|eeprom_i2c_controller:eeprom_i2c_controller_inst|ram[77][2]                                         ; Lost fanout                                                                                      ;
; eeprom_manager:eeprom_manager_inst|eeprom_i2c_controller:eeprom_i2c_controller_inst|ram[78][2]                                         ; Lost fanout                                                                                      ;
; eeprom_manager:eeprom_manager_inst|eeprom_i2c_controller:eeprom_i2c_controller_inst|ram[79][2]                                         ; Lost fanout                                                                                      ;
; eeprom_manager:eeprom_manager_inst|eeprom_i2c_controller:eeprom_i2c_controller_inst|ram[80][2]                                         ; Lost fanout                                                                                      ;
; eeprom_manager:eeprom_manager_inst|eeprom_i2c_controller:eeprom_i2c_controller_inst|ram[81][2]                                         ; Lost fanout                                                                                      ;
; eeprom_manager:eeprom_manager_inst|eeprom_i2c_controller:eeprom_i2c_controller_inst|ram[82][2]                                         ; Lost fanout                                                                                      ;
; eeprom_manager:eeprom_manager_inst|eeprom_i2c_controller:eeprom_i2c_controller_inst|ram[83][2]                                         ; Lost fanout                                                                                      ;
; eeprom_manager:eeprom_manager_inst|eeprom_i2c_controller:eeprom_i2c_controller_inst|ram[84][2]                                         ; Lost fanout                                                                                      ;
; eeprom_manager:eeprom_manager_inst|eeprom_i2c_controller:eeprom_i2c_controller_inst|ram[85][2]                                         ; Lost fanout                                                                                      ;
; eeprom_manager:eeprom_manager_inst|eeprom_i2c_controller:eeprom_i2c_controller_inst|ram[86][2]                                         ; Lost fanout                                                                                      ;
; eeprom_manager:eeprom_manager_inst|eeprom_i2c_controller:eeprom_i2c_controller_inst|ram[87][2]                                         ; Lost fanout                                                                                      ;
; eeprom_manager:eeprom_manager_inst|eeprom_i2c_controller:eeprom_i2c_controller_inst|ram[88][2]                                         ; Lost fanout                                                                                      ;
; eeprom_manager:eeprom_manager_inst|eeprom_i2c_controller:eeprom_i2c_controller_inst|ram[89][2]                                         ; Lost fanout                                                                                      ;
; eeprom_manager:eeprom_manager_inst|eeprom_i2c_controller:eeprom_i2c_controller_inst|ram[90][2]                                         ; Lost fanout                                                                                      ;
; eeprom_manager:eeprom_manager_inst|eeprom_i2c_controller:eeprom_i2c_controller_inst|ram[91][2]                                         ; Lost fanout                                                                                      ;
; eeprom_manager:eeprom_manager_inst|eeprom_i2c_controller:eeprom_i2c_controller_inst|ram[92][2]                                         ; Lost fanout                                                                                      ;
; eeprom_manager:eeprom_manager_inst|eeprom_i2c_controller:eeprom_i2c_controller_inst|ram[93][2]                                         ; Lost fanout                                                                                      ;
; eeprom_manager:eeprom_manager_inst|eeprom_i2c_controller:eeprom_i2c_controller_inst|ram[94][2]                                         ; Lost fanout                                                                                      ;
; eeprom_manager:eeprom_manager_inst|eeprom_i2c_controller:eeprom_i2c_controller_inst|ram[95][2]                                         ; Lost fanout                                                                                      ;
; eeprom_manager:eeprom_manager_inst|eeprom_i2c_controller:eeprom_i2c_controller_inst|ram[96][2]                                         ; Lost fanout                                                                                      ;
; eeprom_manager:eeprom_manager_inst|eeprom_i2c_controller:eeprom_i2c_controller_inst|ram[97][2]                                         ; Lost fanout                                                                                      ;
; eeprom_manager:eeprom_manager_inst|eeprom_i2c_controller:eeprom_i2c_controller_inst|ram[98][2]                                         ; Lost fanout                                                                                      ;
; eeprom_manager:eeprom_manager_inst|eeprom_i2c_controller:eeprom_i2c_controller_inst|ram[99][2]                                         ; Lost fanout                                                                                      ;
; eeprom_manager:eeprom_manager_inst|eeprom_i2c_controller:eeprom_i2c_controller_inst|ram[100][2]                                        ; Lost fanout                                                                                      ;
; eeprom_manager:eeprom_manager_inst|eeprom_i2c_controller:eeprom_i2c_controller_inst|ram[101][2]                                        ; Lost fanout                                                                                      ;
; eeprom_manager:eeprom_manager_inst|eeprom_i2c_controller:eeprom_i2c_controller_inst|ram[102][2]                                        ; Lost fanout                                                                                      ;
; eeprom_manager:eeprom_manager_inst|eeprom_i2c_controller:eeprom_i2c_controller_inst|ram[103][2]                                        ; Lost fanout                                                                                      ;
; eeprom_manager:eeprom_manager_inst|eeprom_i2c_controller:eeprom_i2c_controller_inst|ram[104][2]                                        ; Lost fanout                                                                                      ;
; eeprom_manager:eeprom_manager_inst|eeprom_i2c_controller:eeprom_i2c_controller_inst|ram[105][2]                                        ; Lost fanout                                                                                      ;
; eeprom_manager:eeprom_manager_inst|eeprom_i2c_controller:eeprom_i2c_controller_inst|ram[106][2]                                        ; Lost fanout                                                                                      ;
; eeprom_manager:eeprom_manager_inst|eeprom_i2c_controller:eeprom_i2c_controller_inst|ram[107][2]                                        ; Lost fanout                                                                                      ;
; eeprom_manager:eeprom_manager_inst|eeprom_i2c_controller:eeprom_i2c_controller_inst|ram[108][2]                                        ; Lost fanout                                                                                      ;
; eeprom_manager:eeprom_manager_inst|eeprom_i2c_controller:eeprom_i2c_controller_inst|ram[109][2]                                        ; Lost fanout                                                                                      ;
; eeprom_manager:eeprom_manager_inst|eeprom_i2c_controller:eeprom_i2c_controller_inst|ram[110][2]                                        ; Lost fanout                                                                                      ;
; eeprom_manager:eeprom_manager_inst|eeprom_i2c_controller:eeprom_i2c_controller_inst|ram[111][2]                                        ; Lost fanout                                                                                      ;
; eeprom_manager:eeprom_manager_inst|eeprom_i2c_controller:eeprom_i2c_controller_inst|ram[112][2]                                        ; Lost fanout                                                                                      ;
; eeprom_manager:eeprom_manager_inst|eeprom_i2c_controller:eeprom_i2c_controller_inst|ram[113][2]                                        ; Lost fanout                                                                                      ;
; eeprom_manager:eeprom_manager_inst|eeprom_i2c_controller:eeprom_i2c_controller_inst|ram[114][2]                                        ; Lost fanout                                                                                      ;
; eeprom_manager:eeprom_manager_inst|eeprom_i2c_controller:eeprom_i2c_controller_inst|ram[115][2]                                        ; Lost fanout                                                                                      ;
; eeprom_manager:eeprom_manager_inst|eeprom_i2c_controller:eeprom_i2c_controller_inst|ram[116][2]                                        ; Lost fanout                                                                                      ;
; eeprom_manager:eeprom_manager_inst|eeprom_i2c_controller:eeprom_i2c_controller_inst|ram[117][2]                                        ; Lost fanout                                                                                      ;
; eeprom_manager:eeprom_manager_inst|eeprom_i2c_controller:eeprom_i2c_controller_inst|ram[118][2]                                        ; Lost fanout                                                                                      ;
; eeprom_manager:eeprom_manager_inst|eeprom_i2c_controller:eeprom_i2c_controller_inst|ram[119][2]                                        ; Lost fanout                                                                                      ;
; eeprom_manager:eeprom_manager_inst|eeprom_i2c_controller:eeprom_i2c_controller_inst|ram[120][2]                                        ; Lost fanout                                                                                      ;
; eeprom_manager:eeprom_manager_inst|eeprom_i2c_controller:eeprom_i2c_controller_inst|ram[121][2]                                        ; Lost fanout                                                                                      ;
; eeprom_manager:eeprom_manager_inst|eeprom_i2c_controller:eeprom_i2c_controller_inst|ram[122][2]                                        ; Lost fanout                                                                                      ;
; eeprom_manager:eeprom_manager_inst|eeprom_i2c_controller:eeprom_i2c_controller_inst|ram[123][2]                                        ; Lost fanout                                                                                      ;
; eeprom_manager:eeprom_manager_inst|eeprom_i2c_controller:eeprom_i2c_controller_inst|ram[124][2]                                        ; Lost fanout                                                                                      ;
; eeprom_manager:eeprom_manager_inst|eeprom_i2c_controller:eeprom_i2c_controller_inst|ram[125][2]                                        ; Lost fanout                                                                                      ;
; eeprom_manager:eeprom_manager_inst|eeprom_i2c_controller:eeprom_i2c_controller_inst|ram[126][2]                                        ; Lost fanout                                                                                      ;
; eeprom_manager:eeprom_manager_inst|eeprom_i2c_controller:eeprom_i2c_controller_inst|ram[127][2]                                        ; Lost fanout                                                                                      ;
; eeprom_manager:eeprom_manager_inst|eeprom_i2c_controller:eeprom_i2c_controller_inst|ram[128][2]                                        ; Lost fanout                                                                                      ;
; eeprom_manager:eeprom_manager_inst|eeprom_i2c_controller:eeprom_i2c_controller_inst|ram[129][2]                                        ; Lost fanout                                                                                      ;
; eeprom_manager:eeprom_manager_inst|eeprom_i2c_controller:eeprom_i2c_controller_inst|ram[130][2]                                        ; Lost fanout                                                                                      ;
; eeprom_manager:eeprom_manager_inst|eeprom_i2c_controller:eeprom_i2c_controller_inst|ram[131][2]                                        ; Lost fanout                                                                                      ;
; eeprom_manager:eeprom_manager_inst|eeprom_i2c_controller:eeprom_i2c_controller_inst|ram[132][2]                                        ; Lost fanout                                                                                      ;
; eeprom_manager:eeprom_manager_inst|eeprom_i2c_controller:eeprom_i2c_controller_inst|ram[133][2]                                        ; Lost fanout                                                                                      ;
; eeprom_manager:eeprom_manager_inst|eeprom_i2c_controller:eeprom_i2c_controller_inst|ram[134][2]                                        ; Lost fanout                                                                                      ;
; eeprom_manager:eeprom_manager_inst|eeprom_i2c_controller:eeprom_i2c_controller_inst|ram[135][2]                                        ; Lost fanout                                                                                      ;
; eeprom_manager:eeprom_manager_inst|eeprom_i2c_controller:eeprom_i2c_controller_inst|ram[136][2]                                        ; Lost fanout                                                                                      ;
; eeprom_manager:eeprom_manager_inst|eeprom_i2c_controller:eeprom_i2c_controller_inst|ram[137][2]                                        ; Lost fanout                                                                                      ;
; eeprom_manager:eeprom_manager_inst|eeprom_i2c_controller:eeprom_i2c_controller_inst|ram[138][2]                                        ; Lost fanout                                                                                      ;
; eeprom_manager:eeprom_manager_inst|eeprom_i2c_controller:eeprom_i2c_controller_inst|ram[139][2]                                        ; Lost fanout                                                                                      ;
; eeprom_manager:eeprom_manager_inst|eeprom_i2c_controller:eeprom_i2c_controller_inst|ram[140][2]                                        ; Lost fanout                                                                                      ;
; eeprom_manager:eeprom_manager_inst|eeprom_i2c_controller:eeprom_i2c_controller_inst|ram[141][2]                                        ; Lost fanout                                                                                      ;
; eeprom_manager:eeprom_manager_inst|eeprom_i2c_controller:eeprom_i2c_controller_inst|ram[142][2]                                        ; Lost fanout                                                                                      ;
; eeprom_manager:eeprom_manager_inst|eeprom_i2c_controller:eeprom_i2c_controller_inst|ram[143][2]                                        ; Lost fanout                                                                                      ;
; eeprom_manager:eeprom_manager_inst|eeprom_i2c_controller:eeprom_i2c_controller_inst|ram[144][2]                                        ; Lost fanout                                                                                      ;
; eeprom_manager:eeprom_manager_inst|eeprom_i2c_controller:eeprom_i2c_controller_inst|ram[145][2]                                        ; Lost fanout                                                                                      ;
; eeprom_manager:eeprom_manager_inst|eeprom_i2c_controller:eeprom_i2c_controller_inst|ram[146][2]                                        ; Lost fanout                                                                                      ;
; eeprom_manager:eeprom_manager_inst|eeprom_i2c_controller:eeprom_i2c_controller_inst|ram[147][2]                                        ; Lost fanout                                                                                      ;
; eeprom_manager:eeprom_manager_inst|eeprom_i2c_controller:eeprom_i2c_controller_inst|ram[148][2]                                        ; Lost fanout                                                                                      ;
; eeprom_manager:eeprom_manager_inst|eeprom_i2c_controller:eeprom_i2c_controller_inst|ram[149][2]                                        ; Lost fanout                                                                                      ;
; eeprom_manager:eeprom_manager_inst|eeprom_i2c_controller:eeprom_i2c_controller_inst|ram[150][2]                                        ; Lost fanout                                                                                      ;
; eeprom_manager:eeprom_manager_inst|eeprom_i2c_controller:eeprom_i2c_controller_inst|ram[151][2]                                        ; Lost fanout                                                                                      ;
; eeprom_manager:eeprom_manager_inst|eeprom_i2c_controller:eeprom_i2c_controller_inst|ram[152][2]                                        ; Lost fanout                                                                                      ;
; eeprom_manager:eeprom_manager_inst|eeprom_i2c_controller:eeprom_i2c_controller_inst|ram[153][2]                                        ; Lost fanout                                                                                      ;
; eeprom_manager:eeprom_manager_inst|eeprom_i2c_controller:eeprom_i2c_controller_inst|ram[154][2]                                        ; Lost fanout                                                                                      ;
; eeprom_manager:eeprom_manager_inst|eeprom_i2c_controller:eeprom_i2c_controller_inst|ram[155][2]                                        ; Lost fanout                                                                                      ;
; eeprom_manager:eeprom_manager_inst|eeprom_i2c_controller:eeprom_i2c_controller_inst|ram[156][2]                                        ; Lost fanout                                                                                      ;
; eeprom_manager:eeprom_manager_inst|eeprom_i2c_controller:eeprom_i2c_controller_inst|ram[157][2]                                        ; Lost fanout                                                                                      ;
; eeprom_manager:eeprom_manager_inst|eeprom_i2c_controller:eeprom_i2c_controller_inst|ram[158][2]                                        ; Lost fanout                                                                                      ;
; eeprom_manager:eeprom_manager_inst|eeprom_i2c_controller:eeprom_i2c_controller_inst|ram[159][2]                                        ; Lost fanout                                                                                      ;
; eeprom_manager:eeprom_manager_inst|eeprom_i2c_controller:eeprom_i2c_controller_inst|ram[160][2]                                        ; Lost fanout                                                                                      ;
; eeprom_manager:eeprom_manager_inst|eeprom_i2c_controller:eeprom_i2c_controller_inst|ram[161][2]                                        ; Lost fanout                                                                                      ;
; eeprom_manager:eeprom_manager_inst|eeprom_i2c_controller:eeprom_i2c_controller_inst|ram[162][2]                                        ; Lost fanout                                                                                      ;
; eeprom_manager:eeprom_manager_inst|eeprom_i2c_controller:eeprom_i2c_controller_inst|ram[163][2]                                        ; Lost fanout                                                                                      ;
; eeprom_manager:eeprom_manager_inst|eeprom_i2c_controller:eeprom_i2c_controller_inst|ram[164][2]                                        ; Lost fanout                                                                                      ;
; eeprom_manager:eeprom_manager_inst|eeprom_i2c_controller:eeprom_i2c_controller_inst|ram[165][2]                                        ; Lost fanout                                                                                      ;
; eeprom_manager:eeprom_manager_inst|eeprom_i2c_controller:eeprom_i2c_controller_inst|ram[166][2]                                        ; Lost fanout                                                                                      ;
; eeprom_manager:eeprom_manager_inst|eeprom_i2c_controller:eeprom_i2c_controller_inst|ram[167][2]                                        ; Lost fanout                                                                                      ;
; eeprom_manager:eeprom_manager_inst|eeprom_i2c_controller:eeprom_i2c_controller_inst|ram[168][2]                                        ; Lost fanout                                                                                      ;
; eeprom_manager:eeprom_manager_inst|eeprom_i2c_controller:eeprom_i2c_controller_inst|ram[169][2]                                        ; Lost fanout                                                                                      ;
; eeprom_manager:eeprom_manager_inst|eeprom_i2c_controller:eeprom_i2c_controller_inst|ram[170][2]                                        ; Lost fanout                                                                                      ;
; eeprom_manager:eeprom_manager_inst|eeprom_i2c_controller:eeprom_i2c_controller_inst|ram[171][2]                                        ; Lost fanout                                                                                      ;
; eeprom_manager:eeprom_manager_inst|eeprom_i2c_controller:eeprom_i2c_controller_inst|ram[172][2]                                        ; Lost fanout                                                                                      ;
; eeprom_manager:eeprom_manager_inst|eeprom_i2c_controller:eeprom_i2c_controller_inst|ram[173][2]                                        ; Lost fanout                                                                                      ;
; eeprom_manager:eeprom_manager_inst|eeprom_i2c_controller:eeprom_i2c_controller_inst|ram[174][2]                                        ; Lost fanout                                                                                      ;
; eeprom_manager:eeprom_manager_inst|eeprom_i2c_controller:eeprom_i2c_controller_inst|ram[175][2]                                        ; Lost fanout                                                                                      ;
; eeprom_manager:eeprom_manager_inst|eeprom_i2c_controller:eeprom_i2c_controller_inst|ram[176][2]                                        ; Lost fanout                                                                                      ;
; eeprom_manager:eeprom_manager_inst|eeprom_i2c_controller:eeprom_i2c_controller_inst|ram[177][2]                                        ; Lost fanout                                                                                      ;
; eeprom_manager:eeprom_manager_inst|eeprom_i2c_controller:eeprom_i2c_controller_inst|ram[178][2]                                        ; Lost fanout                                                                                      ;
; eeprom_manager:eeprom_manager_inst|eeprom_i2c_controller:eeprom_i2c_controller_inst|ram[179][2]                                        ; Lost fanout                                                                                      ;
; eeprom_manager:eeprom_manager_inst|eeprom_i2c_controller:eeprom_i2c_controller_inst|ram[180][2]                                        ; Lost fanout                                                                                      ;
; eeprom_manager:eeprom_manager_inst|eeprom_i2c_controller:eeprom_i2c_controller_inst|ram[181][2]                                        ; Lost fanout                                                                                      ;
; eeprom_manager:eeprom_manager_inst|eeprom_i2c_controller:eeprom_i2c_controller_inst|ram[182][2]                                        ; Lost fanout                                                                                      ;
; eeprom_manager:eeprom_manager_inst|eeprom_i2c_controller:eeprom_i2c_controller_inst|ram[183][2]                                        ; Lost fanout                                                                                      ;
; eeprom_manager:eeprom_manager_inst|eeprom_i2c_controller:eeprom_i2c_controller_inst|ram[184][2]                                        ; Lost fanout                                                                                      ;
; eeprom_manager:eeprom_manager_inst|eeprom_i2c_controller:eeprom_i2c_controller_inst|ram[185][2]                                        ; Lost fanout                                                                                      ;
; eeprom_manager:eeprom_manager_inst|eeprom_i2c_controller:eeprom_i2c_controller_inst|ram[186][2]                                        ; Lost fanout                                                                                      ;
; eeprom_manager:eeprom_manager_inst|eeprom_i2c_controller:eeprom_i2c_controller_inst|ram[187][2]                                        ; Lost fanout                                                                                      ;
; eeprom_manager:eeprom_manager_inst|eeprom_i2c_controller:eeprom_i2c_controller_inst|ram[188][2]                                        ; Lost fanout                                                                                      ;
; eeprom_manager:eeprom_manager_inst|eeprom_i2c_controller:eeprom_i2c_controller_inst|ram[189][2]                                        ; Lost fanout                                                                                      ;
; eeprom_manager:eeprom_manager_inst|eeprom_i2c_controller:eeprom_i2c_controller_inst|ram[190][2]                                        ; Lost fanout                                                                                      ;
; eeprom_manager:eeprom_manager_inst|eeprom_i2c_controller:eeprom_i2c_controller_inst|ram[191][2]                                        ; Lost fanout                                                                                      ;
; eeprom_manager:eeprom_manager_inst|eeprom_i2c_controller:eeprom_i2c_controller_inst|ram[192][2]                                        ; Lost fanout                                                                                      ;
; eeprom_manager:eeprom_manager_inst|eeprom_i2c_controller:eeprom_i2c_controller_inst|ram[193][2]                                        ; Lost fanout                                                                                      ;
; eeprom_manager:eeprom_manager_inst|eeprom_i2c_controller:eeprom_i2c_controller_inst|ram[194][2]                                        ; Lost fanout                                                                                      ;
; eeprom_manager:eeprom_manager_inst|eeprom_i2c_controller:eeprom_i2c_controller_inst|ram[195][2]                                        ; Lost fanout                                                                                      ;
; eeprom_manager:eeprom_manager_inst|eeprom_i2c_controller:eeprom_i2c_controller_inst|ram[196][2]                                        ; Lost fanout                                                                                      ;
; eeprom_manager:eeprom_manager_inst|eeprom_i2c_controller:eeprom_i2c_controller_inst|ram[197][2]                                        ; Lost fanout                                                                                      ;
; eeprom_manager:eeprom_manager_inst|eeprom_i2c_controller:eeprom_i2c_controller_inst|ram[198][2]                                        ; Lost fanout                                                                                      ;
; eeprom_manager:eeprom_manager_inst|eeprom_i2c_controller:eeprom_i2c_controller_inst|ram[199][2]                                        ; Lost fanout                                                                                      ;
; eeprom_manager:eeprom_manager_inst|eeprom_i2c_controller:eeprom_i2c_controller_inst|ram[200][2]                                        ; Lost fanout                                                                                      ;
; eeprom_manager:eeprom_manager_inst|eeprom_i2c_controller:eeprom_i2c_controller_inst|ram[201][2]                                        ; Lost fanout                                                                                      ;
; eeprom_manager:eeprom_manager_inst|eeprom_i2c_controller:eeprom_i2c_controller_inst|ram[202][2]                                        ; Lost fanout                                                                                      ;
; eeprom_manager:eeprom_manager_inst|eeprom_i2c_controller:eeprom_i2c_controller_inst|ram[203][2]                                        ; Lost fanout                                                                                      ;
; eeprom_manager:eeprom_manager_inst|eeprom_i2c_controller:eeprom_i2c_controller_inst|ram[204][2]                                        ; Lost fanout                                                                                      ;
; eeprom_manager:eeprom_manager_inst|eeprom_i2c_controller:eeprom_i2c_controller_inst|ram[205][2]                                        ; Lost fanout                                                                                      ;
; eeprom_manager:eeprom_manager_inst|eeprom_i2c_controller:eeprom_i2c_controller_inst|ram[206][2]                                        ; Lost fanout                                                                                      ;
; eeprom_manager:eeprom_manager_inst|eeprom_i2c_controller:eeprom_i2c_controller_inst|ram[207][2]                                        ; Lost fanout                                                                                      ;
; eeprom_manager:eeprom_manager_inst|eeprom_i2c_controller:eeprom_i2c_controller_inst|ram[208][2]                                        ; Lost fanout                                                                                      ;
; eeprom_manager:eeprom_manager_inst|eeprom_i2c_controller:eeprom_i2c_controller_inst|ram[209][2]                                        ; Lost fanout                                                                                      ;
; eeprom_manager:eeprom_manager_inst|eeprom_i2c_controller:eeprom_i2c_controller_inst|ram[210][2]                                        ; Lost fanout                                                                                      ;
; eeprom_manager:eeprom_manager_inst|eeprom_i2c_controller:eeprom_i2c_controller_inst|ram[211][2]                                        ; Lost fanout                                                                                      ;
; eeprom_manager:eeprom_manager_inst|eeprom_i2c_controller:eeprom_i2c_controller_inst|ram[212][2]                                        ; Lost fanout                                                                                      ;
; eeprom_manager:eeprom_manager_inst|eeprom_i2c_controller:eeprom_i2c_controller_inst|ram[213][2]                                        ; Lost fanout                                                                                      ;
; eeprom_manager:eeprom_manager_inst|eeprom_i2c_controller:eeprom_i2c_controller_inst|ram[214][2]                                        ; Lost fanout                                                                                      ;
; eeprom_manager:eeprom_manager_inst|eeprom_i2c_controller:eeprom_i2c_controller_inst|ram[215][2]                                        ; Lost fanout                                                                                      ;
; eeprom_manager:eeprom_manager_inst|eeprom_i2c_controller:eeprom_i2c_controller_inst|ram[216][2]                                        ; Lost fanout                                                                                      ;
; eeprom_manager:eeprom_manager_inst|eeprom_i2c_controller:eeprom_i2c_controller_inst|ram[217][2]                                        ; Lost fanout                                                                                      ;
; eeprom_manager:eeprom_manager_inst|eeprom_i2c_controller:eeprom_i2c_controller_inst|ram[218][2]                                        ; Lost fanout                                                                                      ;
; eeprom_manager:eeprom_manager_inst|eeprom_i2c_controller:eeprom_i2c_controller_inst|ram[219][2]                                        ; Lost fanout                                                                                      ;
; eeprom_manager:eeprom_manager_inst|eeprom_i2c_controller:eeprom_i2c_controller_inst|ram[220][2]                                        ; Lost fanout                                                                                      ;
; eeprom_manager:eeprom_manager_inst|eeprom_i2c_controller:eeprom_i2c_controller_inst|ram[221][2]                                        ; Lost fanout                                                                                      ;
; eeprom_manager:eeprom_manager_inst|eeprom_i2c_controller:eeprom_i2c_controller_inst|ram[222][2]                                        ; Lost fanout                                                                                      ;
; eeprom_manager:eeprom_manager_inst|eeprom_i2c_controller:eeprom_i2c_controller_inst|ram[223][2]                                        ; Lost fanout                                                                                      ;
; eeprom_manager:eeprom_manager_inst|eeprom_i2c_controller:eeprom_i2c_controller_inst|ram[224][2]                                        ; Lost fanout                                                                                      ;
; eeprom_manager:eeprom_manager_inst|eeprom_i2c_controller:eeprom_i2c_controller_inst|ram[225][2]                                        ; Lost fanout                                                                                      ;
; eeprom_manager:eeprom_manager_inst|eeprom_i2c_controller:eeprom_i2c_controller_inst|ram[226][2]                                        ; Lost fanout                                                                                      ;
; eeprom_manager:eeprom_manager_inst|eeprom_i2c_controller:eeprom_i2c_controller_inst|ram[227][2]                                        ; Lost fanout                                                                                      ;
; eeprom_manager:eeprom_manager_inst|eeprom_i2c_controller:eeprom_i2c_controller_inst|ram[228][2]                                        ; Lost fanout                                                                                      ;
; eeprom_manager:eeprom_manager_inst|eeprom_i2c_controller:eeprom_i2c_controller_inst|ram[229][2]                                        ; Lost fanout                                                                                      ;
; eeprom_manager:eeprom_manager_inst|eeprom_i2c_controller:eeprom_i2c_controller_inst|ram[230][2]                                        ; Lost fanout                                                                                      ;
; eeprom_manager:eeprom_manager_inst|eeprom_i2c_controller:eeprom_i2c_controller_inst|ram[231][2]                                        ; Lost fanout                                                                                      ;
; eeprom_manager:eeprom_manager_inst|eeprom_i2c_controller:eeprom_i2c_controller_inst|ram[232][2]                                        ; Lost fanout                                                                                      ;
; eeprom_manager:eeprom_manager_inst|eeprom_i2c_controller:eeprom_i2c_controller_inst|ram[233][2]                                        ; Lost fanout                                                                                      ;
; eeprom_manager:eeprom_manager_inst|eeprom_i2c_controller:eeprom_i2c_controller_inst|ram[234][2]                                        ; Lost fanout                                                                                      ;
; eeprom_manager:eeprom_manager_inst|eeprom_i2c_controller:eeprom_i2c_controller_inst|ram[235][2]                                        ; Lost fanout                                                                                      ;
; eeprom_manager:eeprom_manager_inst|eeprom_i2c_controller:eeprom_i2c_controller_inst|ram[236][2]                                        ; Lost fanout                                                                                      ;
; eeprom_manager:eeprom_manager_inst|eeprom_i2c_controller:eeprom_i2c_controller_inst|ram[237][2]                                        ; Lost fanout                                                                                      ;
; eeprom_manager:eeprom_manager_inst|eeprom_i2c_controller:eeprom_i2c_controller_inst|ram[238][2]                                        ; Lost fanout                                                                                      ;
; eeprom_manager:eeprom_manager_inst|eeprom_i2c_controller:eeprom_i2c_controller_inst|ram[239][2]                                        ; Lost fanout                                                                                      ;
; eeprom_manager:eeprom_manager_inst|eeprom_i2c_controller:eeprom_i2c_controller_inst|ram[240][2]                                        ; Lost fanout                                                                                      ;
; eeprom_manager:eeprom_manager_inst|eeprom_i2c_controller:eeprom_i2c_controller_inst|ram[241][2]                                        ; Lost fanout                                                                                      ;
; eeprom_manager:eeprom_manager_inst|eeprom_i2c_controller:eeprom_i2c_controller_inst|ram[242][2]                                        ; Lost fanout                                                                                      ;
; eeprom_manager:eeprom_manager_inst|eeprom_i2c_controller:eeprom_i2c_controller_inst|ram[243][2]                                        ; Lost fanout                                                                                      ;
; eeprom_manager:eeprom_manager_inst|eeprom_i2c_controller:eeprom_i2c_controller_inst|ram[244][2]                                        ; Lost fanout                                                                                      ;
; eeprom_manager:eeprom_manager_inst|eeprom_i2c_controller:eeprom_i2c_controller_inst|ram[245][2]                                        ; Lost fanout                                                                                      ;
; eeprom_manager:eeprom_manager_inst|eeprom_i2c_controller:eeprom_i2c_controller_inst|ram[246][2]                                        ; Lost fanout                                                                                      ;
; eeprom_manager:eeprom_manager_inst|eeprom_i2c_controller:eeprom_i2c_controller_inst|ram[247][2]                                        ; Lost fanout                                                                                      ;
; eeprom_manager:eeprom_manager_inst|eeprom_i2c_controller:eeprom_i2c_controller_inst|ram[248][2]                                        ; Lost fanout                                                                                      ;
; eeprom_manager:eeprom_manager_inst|eeprom_i2c_controller:eeprom_i2c_controller_inst|ram[249][2]                                        ; Lost fanout                                                                                      ;
; eeprom_manager:eeprom_manager_inst|eeprom_i2c_controller:eeprom_i2c_controller_inst|ram[250][2]                                        ; Lost fanout                                                                                      ;
; eeprom_manager:eeprom_manager_inst|eeprom_i2c_controller:eeprom_i2c_controller_inst|ram[251][2]                                        ; Lost fanout                                                                                      ;
; eeprom_manager:eeprom_manager_inst|eeprom_i2c_controller:eeprom_i2c_controller_inst|ram[252][2]                                        ; Lost fanout                                                                                      ;
; eeprom_manager:eeprom_manager_inst|eeprom_i2c_controller:eeprom_i2c_controller_inst|ram[253][2]                                        ; Lost fanout                                                                                      ;
; eeprom_manager:eeprom_manager_inst|eeprom_i2c_controller:eeprom_i2c_controller_inst|ram[254][2]                                        ; Lost fanout                                                                                      ;
; eeprom_manager:eeprom_manager_inst|eeprom_i2c_controller:eeprom_i2c_controller_inst|ram[255][2]                                        ; Lost fanout                                                                                      ;
; eeprom_manager:eeprom_manager_inst|eeprom_i2c_controller:eeprom_i2c_controller_inst|ram[1][3]                                          ; Lost fanout                                                                                      ;
; eeprom_manager:eeprom_manager_inst|eeprom_i2c_controller:eeprom_i2c_controller_inst|ram[2][3]                                          ; Lost fanout                                                                                      ;
; eeprom_manager:eeprom_manager_inst|eeprom_i2c_controller:eeprom_i2c_controller_inst|ram[3][3]                                          ; Lost fanout                                                                                      ;
; eeprom_manager:eeprom_manager_inst|eeprom_i2c_controller:eeprom_i2c_controller_inst|ram[4][3]                                          ; Lost fanout                                                                                      ;
; eeprom_manager:eeprom_manager_inst|eeprom_i2c_controller:eeprom_i2c_controller_inst|ram[5][3]                                          ; Lost fanout                                                                                      ;
; eeprom_manager:eeprom_manager_inst|eeprom_i2c_controller:eeprom_i2c_controller_inst|ram[6][3]                                          ; Lost fanout                                                                                      ;
; eeprom_manager:eeprom_manager_inst|eeprom_i2c_controller:eeprom_i2c_controller_inst|ram[7][3]                                          ; Lost fanout                                                                                      ;
; eeprom_manager:eeprom_manager_inst|eeprom_i2c_controller:eeprom_i2c_controller_inst|ram[8][3]                                          ; Lost fanout                                                                                      ;
; eeprom_manager:eeprom_manager_inst|eeprom_i2c_controller:eeprom_i2c_controller_inst|ram[9][3]                                          ; Lost fanout                                                                                      ;
; eeprom_manager:eeprom_manager_inst|eeprom_i2c_controller:eeprom_i2c_controller_inst|ram[10][3]                                         ; Lost fanout                                                                                      ;
; eeprom_manager:eeprom_manager_inst|eeprom_i2c_controller:eeprom_i2c_controller_inst|ram[11][3]                                         ; Lost fanout                                                                                      ;
; eeprom_manager:eeprom_manager_inst|eeprom_i2c_controller:eeprom_i2c_controller_inst|ram[12][3]                                         ; Lost fanout                                                                                      ;
; eeprom_manager:eeprom_manager_inst|eeprom_i2c_controller:eeprom_i2c_controller_inst|ram[13][3]                                         ; Lost fanout                                                                                      ;
; eeprom_manager:eeprom_manager_inst|eeprom_i2c_controller:eeprom_i2c_controller_inst|ram[14][3]                                         ; Lost fanout                                                                                      ;
; eeprom_manager:eeprom_manager_inst|eeprom_i2c_controller:eeprom_i2c_controller_inst|ram[15][3]                                         ; Lost fanout                                                                                      ;
; eeprom_manager:eeprom_manager_inst|eeprom_i2c_controller:eeprom_i2c_controller_inst|ram[16][3]                                         ; Lost fanout                                                                                      ;
; eeprom_manager:eeprom_manager_inst|eeprom_i2c_controller:eeprom_i2c_controller_inst|ram[17][3]                                         ; Lost fanout                                                                                      ;
; eeprom_manager:eeprom_manager_inst|eeprom_i2c_controller:eeprom_i2c_controller_inst|ram[18][3]                                         ; Lost fanout                                                                                      ;
; eeprom_manager:eeprom_manager_inst|eeprom_i2c_controller:eeprom_i2c_controller_inst|ram[19][3]                                         ; Lost fanout                                                                                      ;
; eeprom_manager:eeprom_manager_inst|eeprom_i2c_controller:eeprom_i2c_controller_inst|ram[20][3]                                         ; Lost fanout                                                                                      ;
; eeprom_manager:eeprom_manager_inst|eeprom_i2c_controller:eeprom_i2c_controller_inst|ram[21][3]                                         ; Lost fanout                                                                                      ;
; eeprom_manager:eeprom_manager_inst|eeprom_i2c_controller:eeprom_i2c_controller_inst|ram[22][3]                                         ; Lost fanout                                                                                      ;
; eeprom_manager:eeprom_manager_inst|eeprom_i2c_controller:eeprom_i2c_controller_inst|ram[23][3]                                         ; Lost fanout                                                                                      ;
; eeprom_manager:eeprom_manager_inst|eeprom_i2c_controller:eeprom_i2c_controller_inst|ram[24][3]                                         ; Lost fanout                                                                                      ;
; eeprom_manager:eeprom_manager_inst|eeprom_i2c_controller:eeprom_i2c_controller_inst|ram[25][3]                                         ; Lost fanout                                                                                      ;
; eeprom_manager:eeprom_manager_inst|eeprom_i2c_controller:eeprom_i2c_controller_inst|ram[26][3]                                         ; Lost fanout                                                                                      ;
; eeprom_manager:eeprom_manager_inst|eeprom_i2c_controller:eeprom_i2c_controller_inst|ram[27][3]                                         ; Lost fanout                                                                                      ;
; eeprom_manager:eeprom_manager_inst|eeprom_i2c_controller:eeprom_i2c_controller_inst|ram[28][3]                                         ; Lost fanout                                                                                      ;
; eeprom_manager:eeprom_manager_inst|eeprom_i2c_controller:eeprom_i2c_controller_inst|ram[29][3]                                         ; Lost fanout                                                                                      ;
; eeprom_manager:eeprom_manager_inst|eeprom_i2c_controller:eeprom_i2c_controller_inst|ram[30][3]                                         ; Lost fanout                                                                                      ;
; eeprom_manager:eeprom_manager_inst|eeprom_i2c_controller:eeprom_i2c_controller_inst|ram[31][3]                                         ; Lost fanout                                                                                      ;
; eeprom_manager:eeprom_manager_inst|eeprom_i2c_controller:eeprom_i2c_controller_inst|ram[32][3]                                         ; Lost fanout                                                                                      ;
; eeprom_manager:eeprom_manager_inst|eeprom_i2c_controller:eeprom_i2c_controller_inst|ram[33][3]                                         ; Lost fanout                                                                                      ;
; eeprom_manager:eeprom_manager_inst|eeprom_i2c_controller:eeprom_i2c_controller_inst|ram[34][3]                                         ; Lost fanout                                                                                      ;
; eeprom_manager:eeprom_manager_inst|eeprom_i2c_controller:eeprom_i2c_controller_inst|ram[35][3]                                         ; Lost fanout                                                                                      ;
; eeprom_manager:eeprom_manager_inst|eeprom_i2c_controller:eeprom_i2c_controller_inst|ram[36][3]                                         ; Lost fanout                                                                                      ;
; eeprom_manager:eeprom_manager_inst|eeprom_i2c_controller:eeprom_i2c_controller_inst|ram[37][3]                                         ; Lost fanout                                                                                      ;
; eeprom_manager:eeprom_manager_inst|eeprom_i2c_controller:eeprom_i2c_controller_inst|ram[38][3]                                         ; Lost fanout                                                                                      ;
; eeprom_manager:eeprom_manager_inst|eeprom_i2c_controller:eeprom_i2c_controller_inst|ram[39][3]                                         ; Lost fanout                                                                                      ;
; eeprom_manager:eeprom_manager_inst|eeprom_i2c_controller:eeprom_i2c_controller_inst|ram[40][3]                                         ; Lost fanout                                                                                      ;
; eeprom_manager:eeprom_manager_inst|eeprom_i2c_controller:eeprom_i2c_controller_inst|ram[41][3]                                         ; Lost fanout                                                                                      ;
; eeprom_manager:eeprom_manager_inst|eeprom_i2c_controller:eeprom_i2c_controller_inst|ram[42][3]                                         ; Lost fanout                                                                                      ;
; eeprom_manager:eeprom_manager_inst|eeprom_i2c_controller:eeprom_i2c_controller_inst|ram[43][3]                                         ; Lost fanout                                                                                      ;
; eeprom_manager:eeprom_manager_inst|eeprom_i2c_controller:eeprom_i2c_controller_inst|ram[44][3]                                         ; Lost fanout                                                                                      ;
; eeprom_manager:eeprom_manager_inst|eeprom_i2c_controller:eeprom_i2c_controller_inst|ram[45][3]                                         ; Lost fanout                                                                                      ;
; eeprom_manager:eeprom_manager_inst|eeprom_i2c_controller:eeprom_i2c_controller_inst|ram[46][3]                                         ; Lost fanout                                                                                      ;
; eeprom_manager:eeprom_manager_inst|eeprom_i2c_controller:eeprom_i2c_controller_inst|ram[47][3]                                         ; Lost fanout                                                                                      ;
; eeprom_manager:eeprom_manager_inst|eeprom_i2c_controller:eeprom_i2c_controller_inst|ram[48][3]                                         ; Lost fanout                                                                                      ;
; eeprom_manager:eeprom_manager_inst|eeprom_i2c_controller:eeprom_i2c_controller_inst|ram[49][3]                                         ; Lost fanout                                                                                      ;
; eeprom_manager:eeprom_manager_inst|eeprom_i2c_controller:eeprom_i2c_controller_inst|ram[50][3]                                         ; Lost fanout                                                                                      ;
; eeprom_manager:eeprom_manager_inst|eeprom_i2c_controller:eeprom_i2c_controller_inst|ram[51][3]                                         ; Lost fanout                                                                                      ;
; eeprom_manager:eeprom_manager_inst|eeprom_i2c_controller:eeprom_i2c_controller_inst|ram[52][3]                                         ; Lost fanout                                                                                      ;
; eeprom_manager:eeprom_manager_inst|eeprom_i2c_controller:eeprom_i2c_controller_inst|ram[53][3]                                         ; Lost fanout                                                                                      ;
; eeprom_manager:eeprom_manager_inst|eeprom_i2c_controller:eeprom_i2c_controller_inst|ram[54][3]                                         ; Lost fanout                                                                                      ;
; eeprom_manager:eeprom_manager_inst|eeprom_i2c_controller:eeprom_i2c_controller_inst|ram[55][3]                                         ; Lost fanout                                                                                      ;
; eeprom_manager:eeprom_manager_inst|eeprom_i2c_controller:eeprom_i2c_controller_inst|ram[56][3]                                         ; Lost fanout                                                                                      ;
; eeprom_manager:eeprom_manager_inst|eeprom_i2c_controller:eeprom_i2c_controller_inst|ram[57][3]                                         ; Lost fanout                                                                                      ;
; eeprom_manager:eeprom_manager_inst|eeprom_i2c_controller:eeprom_i2c_controller_inst|ram[58][3]                                         ; Lost fanout                                                                                      ;
; eeprom_manager:eeprom_manager_inst|eeprom_i2c_controller:eeprom_i2c_controller_inst|ram[59][3]                                         ; Lost fanout                                                                                      ;
; eeprom_manager:eeprom_manager_inst|eeprom_i2c_controller:eeprom_i2c_controller_inst|ram[60][3]                                         ; Lost fanout                                                                                      ;
; eeprom_manager:eeprom_manager_inst|eeprom_i2c_controller:eeprom_i2c_controller_inst|ram[61][3]                                         ; Lost fanout                                                                                      ;
; eeprom_manager:eeprom_manager_inst|eeprom_i2c_controller:eeprom_i2c_controller_inst|ram[62][3]                                         ; Lost fanout                                                                                      ;
; eeprom_manager:eeprom_manager_inst|eeprom_i2c_controller:eeprom_i2c_controller_inst|ram[63][3]                                         ; Lost fanout                                                                                      ;
; eeprom_manager:eeprom_manager_inst|eeprom_i2c_controller:eeprom_i2c_controller_inst|ram[64][3]                                         ; Lost fanout                                                                                      ;
; eeprom_manager:eeprom_manager_inst|eeprom_i2c_controller:eeprom_i2c_controller_inst|ram[65][3]                                         ; Lost fanout                                                                                      ;
; eeprom_manager:eeprom_manager_inst|eeprom_i2c_controller:eeprom_i2c_controller_inst|ram[66][3]                                         ; Lost fanout                                                                                      ;
; eeprom_manager:eeprom_manager_inst|eeprom_i2c_controller:eeprom_i2c_controller_inst|ram[67][3]                                         ; Lost fanout                                                                                      ;
; eeprom_manager:eeprom_manager_inst|eeprom_i2c_controller:eeprom_i2c_controller_inst|ram[68][3]                                         ; Lost fanout                                                                                      ;
; eeprom_manager:eeprom_manager_inst|eeprom_i2c_controller:eeprom_i2c_controller_inst|ram[69][3]                                         ; Lost fanout                                                                                      ;
; eeprom_manager:eeprom_manager_inst|eeprom_i2c_controller:eeprom_i2c_controller_inst|ram[70][3]                                         ; Lost fanout                                                                                      ;
; eeprom_manager:eeprom_manager_inst|eeprom_i2c_controller:eeprom_i2c_controller_inst|ram[71][3]                                         ; Lost fanout                                                                                      ;
; eeprom_manager:eeprom_manager_inst|eeprom_i2c_controller:eeprom_i2c_controller_inst|ram[72][3]                                         ; Lost fanout                                                                                      ;
; eeprom_manager:eeprom_manager_inst|eeprom_i2c_controller:eeprom_i2c_controller_inst|ram[73][3]                                         ; Lost fanout                                                                                      ;
; eeprom_manager:eeprom_manager_inst|eeprom_i2c_controller:eeprom_i2c_controller_inst|ram[74][3]                                         ; Lost fanout                                                                                      ;
; eeprom_manager:eeprom_manager_inst|eeprom_i2c_controller:eeprom_i2c_controller_inst|ram[75][3]                                         ; Lost fanout                                                                                      ;
; eeprom_manager:eeprom_manager_inst|eeprom_i2c_controller:eeprom_i2c_controller_inst|ram[76][3]                                         ; Lost fanout                                                                                      ;
; eeprom_manager:eeprom_manager_inst|eeprom_i2c_controller:eeprom_i2c_controller_inst|ram[77][3]                                         ; Lost fanout                                                                                      ;
; eeprom_manager:eeprom_manager_inst|eeprom_i2c_controller:eeprom_i2c_controller_inst|ram[78][3]                                         ; Lost fanout                                                                                      ;
; eeprom_manager:eeprom_manager_inst|eeprom_i2c_controller:eeprom_i2c_controller_inst|ram[79][3]                                         ; Lost fanout                                                                                      ;
; eeprom_manager:eeprom_manager_inst|eeprom_i2c_controller:eeprom_i2c_controller_inst|ram[80][3]                                         ; Lost fanout                                                                                      ;
; eeprom_manager:eeprom_manager_inst|eeprom_i2c_controller:eeprom_i2c_controller_inst|ram[81][3]                                         ; Lost fanout                                                                                      ;
; eeprom_manager:eeprom_manager_inst|eeprom_i2c_controller:eeprom_i2c_controller_inst|ram[82][3]                                         ; Lost fanout                                                                                      ;
; eeprom_manager:eeprom_manager_inst|eeprom_i2c_controller:eeprom_i2c_controller_inst|ram[83][3]                                         ; Lost fanout                                                                                      ;
; eeprom_manager:eeprom_manager_inst|eeprom_i2c_controller:eeprom_i2c_controller_inst|ram[84][3]                                         ; Lost fanout                                                                                      ;
; eeprom_manager:eeprom_manager_inst|eeprom_i2c_controller:eeprom_i2c_controller_inst|ram[85][3]                                         ; Lost fanout                                                                                      ;
; eeprom_manager:eeprom_manager_inst|eeprom_i2c_controller:eeprom_i2c_controller_inst|ram[86][3]                                         ; Lost fanout                                                                                      ;
; eeprom_manager:eeprom_manager_inst|eeprom_i2c_controller:eeprom_i2c_controller_inst|ram[87][3]                                         ; Lost fanout                                                                                      ;
; eeprom_manager:eeprom_manager_inst|eeprom_i2c_controller:eeprom_i2c_controller_inst|ram[88][3]                                         ; Lost fanout                                                                                      ;
; eeprom_manager:eeprom_manager_inst|eeprom_i2c_controller:eeprom_i2c_controller_inst|ram[89][3]                                         ; Lost fanout                                                                                      ;
; eeprom_manager:eeprom_manager_inst|eeprom_i2c_controller:eeprom_i2c_controller_inst|ram[90][3]                                         ; Lost fanout                                                                                      ;
; eeprom_manager:eeprom_manager_inst|eeprom_i2c_controller:eeprom_i2c_controller_inst|ram[91][3]                                         ; Lost fanout                                                                                      ;
; eeprom_manager:eeprom_manager_inst|eeprom_i2c_controller:eeprom_i2c_controller_inst|ram[92][3]                                         ; Lost fanout                                                                                      ;
; eeprom_manager:eeprom_manager_inst|eeprom_i2c_controller:eeprom_i2c_controller_inst|ram[93][3]                                         ; Lost fanout                                                                                      ;
; eeprom_manager:eeprom_manager_inst|eeprom_i2c_controller:eeprom_i2c_controller_inst|ram[94][3]                                         ; Lost fanout                                                                                      ;
; eeprom_manager:eeprom_manager_inst|eeprom_i2c_controller:eeprom_i2c_controller_inst|ram[95][3]                                         ; Lost fanout                                                                                      ;
; eeprom_manager:eeprom_manager_inst|eeprom_i2c_controller:eeprom_i2c_controller_inst|ram[96][3]                                         ; Lost fanout                                                                                      ;
; eeprom_manager:eeprom_manager_inst|eeprom_i2c_controller:eeprom_i2c_controller_inst|ram[97][3]                                         ; Lost fanout                                                                                      ;
; eeprom_manager:eeprom_manager_inst|eeprom_i2c_controller:eeprom_i2c_controller_inst|ram[98][3]                                         ; Lost fanout                                                                                      ;
; eeprom_manager:eeprom_manager_inst|eeprom_i2c_controller:eeprom_i2c_controller_inst|ram[99][3]                                         ; Lost fanout                                                                                      ;
; eeprom_manager:eeprom_manager_inst|eeprom_i2c_controller:eeprom_i2c_controller_inst|ram[100][3]                                        ; Lost fanout                                                                                      ;
; eeprom_manager:eeprom_manager_inst|eeprom_i2c_controller:eeprom_i2c_controller_inst|ram[101][3]                                        ; Lost fanout                                                                                      ;
; eeprom_manager:eeprom_manager_inst|eeprom_i2c_controller:eeprom_i2c_controller_inst|ram[102][3]                                        ; Lost fanout                                                                                      ;
; eeprom_manager:eeprom_manager_inst|eeprom_i2c_controller:eeprom_i2c_controller_inst|ram[103][3]                                        ; Lost fanout                                                                                      ;
; eeprom_manager:eeprom_manager_inst|eeprom_i2c_controller:eeprom_i2c_controller_inst|ram[104][3]                                        ; Lost fanout                                                                                      ;
; eeprom_manager:eeprom_manager_inst|eeprom_i2c_controller:eeprom_i2c_controller_inst|ram[105][3]                                        ; Lost fanout                                                                                      ;
; eeprom_manager:eeprom_manager_inst|eeprom_i2c_controller:eeprom_i2c_controller_inst|ram[106][3]                                        ; Lost fanout                                                                                      ;
; eeprom_manager:eeprom_manager_inst|eeprom_i2c_controller:eeprom_i2c_controller_inst|ram[107][3]                                        ; Lost fanout                                                                                      ;
; eeprom_manager:eeprom_manager_inst|eeprom_i2c_controller:eeprom_i2c_controller_inst|ram[108][3]                                        ; Lost fanout                                                                                      ;
; eeprom_manager:eeprom_manager_inst|eeprom_i2c_controller:eeprom_i2c_controller_inst|ram[109][3]                                        ; Lost fanout                                                                                      ;
; eeprom_manager:eeprom_manager_inst|eeprom_i2c_controller:eeprom_i2c_controller_inst|ram[110][3]                                        ; Lost fanout                                                                                      ;
; eeprom_manager:eeprom_manager_inst|eeprom_i2c_controller:eeprom_i2c_controller_inst|ram[111][3]                                        ; Lost fanout                                                                                      ;
; eeprom_manager:eeprom_manager_inst|eeprom_i2c_controller:eeprom_i2c_controller_inst|ram[112][3]                                        ; Lost fanout                                                                                      ;
; eeprom_manager:eeprom_manager_inst|eeprom_i2c_controller:eeprom_i2c_controller_inst|ram[113][3]                                        ; Lost fanout                                                                                      ;
; eeprom_manager:eeprom_manager_inst|eeprom_i2c_controller:eeprom_i2c_controller_inst|ram[114][3]                                        ; Lost fanout                                                                                      ;
; eeprom_manager:eeprom_manager_inst|eeprom_i2c_controller:eeprom_i2c_controller_inst|ram[115][3]                                        ; Lost fanout                                                                                      ;
; eeprom_manager:eeprom_manager_inst|eeprom_i2c_controller:eeprom_i2c_controller_inst|ram[116][3]                                        ; Lost fanout                                                                                      ;
; eeprom_manager:eeprom_manager_inst|eeprom_i2c_controller:eeprom_i2c_controller_inst|ram[117][3]                                        ; Lost fanout                                                                                      ;
; eeprom_manager:eeprom_manager_inst|eeprom_i2c_controller:eeprom_i2c_controller_inst|ram[118][3]                                        ; Lost fanout                                                                                      ;
; eeprom_manager:eeprom_manager_inst|eeprom_i2c_controller:eeprom_i2c_controller_inst|ram[119][3]                                        ; Lost fanout                                                                                      ;
; eeprom_manager:eeprom_manager_inst|eeprom_i2c_controller:eeprom_i2c_controller_inst|ram[120][3]                                        ; Lost fanout                                                                                      ;
; eeprom_manager:eeprom_manager_inst|eeprom_i2c_controller:eeprom_i2c_controller_inst|ram[121][3]                                        ; Lost fanout                                                                                      ;
; eeprom_manager:eeprom_manager_inst|eeprom_i2c_controller:eeprom_i2c_controller_inst|ram[122][3]                                        ; Lost fanout                                                                                      ;
; eeprom_manager:eeprom_manager_inst|eeprom_i2c_controller:eeprom_i2c_controller_inst|ram[123][3]                                        ; Lost fanout                                                                                      ;
; eeprom_manager:eeprom_manager_inst|eeprom_i2c_controller:eeprom_i2c_controller_inst|ram[124][3]                                        ; Lost fanout                                                                                      ;
; eeprom_manager:eeprom_manager_inst|eeprom_i2c_controller:eeprom_i2c_controller_inst|ram[125][3]                                        ; Lost fanout                                                                                      ;
; eeprom_manager:eeprom_manager_inst|eeprom_i2c_controller:eeprom_i2c_controller_inst|ram[126][3]                                        ; Lost fanout                                                                                      ;
; eeprom_manager:eeprom_manager_inst|eeprom_i2c_controller:eeprom_i2c_controller_inst|ram[127][3]                                        ; Lost fanout                                                                                      ;
; eeprom_manager:eeprom_manager_inst|eeprom_i2c_controller:eeprom_i2c_controller_inst|ram[128][3]                                        ; Lost fanout                                                                                      ;
; eeprom_manager:eeprom_manager_inst|eeprom_i2c_controller:eeprom_i2c_controller_inst|ram[129][3]                                        ; Lost fanout                                                                                      ;
; eeprom_manager:eeprom_manager_inst|eeprom_i2c_controller:eeprom_i2c_controller_inst|ram[130][3]                                        ; Lost fanout                                                                                      ;
; eeprom_manager:eeprom_manager_inst|eeprom_i2c_controller:eeprom_i2c_controller_inst|ram[131][3]                                        ; Lost fanout                                                                                      ;
; eeprom_manager:eeprom_manager_inst|eeprom_i2c_controller:eeprom_i2c_controller_inst|ram[132][3]                                        ; Lost fanout                                                                                      ;
; eeprom_manager:eeprom_manager_inst|eeprom_i2c_controller:eeprom_i2c_controller_inst|ram[133][3]                                        ; Lost fanout                                                                                      ;
; eeprom_manager:eeprom_manager_inst|eeprom_i2c_controller:eeprom_i2c_controller_inst|ram[134][3]                                        ; Lost fanout                                                                                      ;
; eeprom_manager:eeprom_manager_inst|eeprom_i2c_controller:eeprom_i2c_controller_inst|ram[135][3]                                        ; Lost fanout                                                                                      ;
; eeprom_manager:eeprom_manager_inst|eeprom_i2c_controller:eeprom_i2c_controller_inst|ram[136][3]                                        ; Lost fanout                                                                                      ;
; eeprom_manager:eeprom_manager_inst|eeprom_i2c_controller:eeprom_i2c_controller_inst|ram[137][3]                                        ; Lost fanout                                                                                      ;
; eeprom_manager:eeprom_manager_inst|eeprom_i2c_controller:eeprom_i2c_controller_inst|ram[138][3]                                        ; Lost fanout                                                                                      ;
; eeprom_manager:eeprom_manager_inst|eeprom_i2c_controller:eeprom_i2c_controller_inst|ram[139][3]                                        ; Lost fanout                                                                                      ;
; eeprom_manager:eeprom_manager_inst|eeprom_i2c_controller:eeprom_i2c_controller_inst|ram[140][3]                                        ; Lost fanout                                                                                      ;
; eeprom_manager:eeprom_manager_inst|eeprom_i2c_controller:eeprom_i2c_controller_inst|ram[141][3]                                        ; Lost fanout                                                                                      ;
; eeprom_manager:eeprom_manager_inst|eeprom_i2c_controller:eeprom_i2c_controller_inst|ram[142][3]                                        ; Lost fanout                                                                                      ;
; eeprom_manager:eeprom_manager_inst|eeprom_i2c_controller:eeprom_i2c_controller_inst|ram[143][3]                                        ; Lost fanout                                                                                      ;
; eeprom_manager:eeprom_manager_inst|eeprom_i2c_controller:eeprom_i2c_controller_inst|ram[144][3]                                        ; Lost fanout                                                                                      ;
; eeprom_manager:eeprom_manager_inst|eeprom_i2c_controller:eeprom_i2c_controller_inst|ram[145][3]                                        ; Lost fanout                                                                                      ;
; eeprom_manager:eeprom_manager_inst|eeprom_i2c_controller:eeprom_i2c_controller_inst|ram[146][3]                                        ; Lost fanout                                                                                      ;
; eeprom_manager:eeprom_manager_inst|eeprom_i2c_controller:eeprom_i2c_controller_inst|ram[147][3]                                        ; Lost fanout                                                                                      ;
; eeprom_manager:eeprom_manager_inst|eeprom_i2c_controller:eeprom_i2c_controller_inst|ram[148][3]                                        ; Lost fanout                                                                                      ;
; eeprom_manager:eeprom_manager_inst|eeprom_i2c_controller:eeprom_i2c_controller_inst|ram[149][3]                                        ; Lost fanout                                                                                      ;
; eeprom_manager:eeprom_manager_inst|eeprom_i2c_controller:eeprom_i2c_controller_inst|ram[150][3]                                        ; Lost fanout                                                                                      ;
; eeprom_manager:eeprom_manager_inst|eeprom_i2c_controller:eeprom_i2c_controller_inst|ram[151][3]                                        ; Lost fanout                                                                                      ;
; eeprom_manager:eeprom_manager_inst|eeprom_i2c_controller:eeprom_i2c_controller_inst|ram[152][3]                                        ; Lost fanout                                                                                      ;
; eeprom_manager:eeprom_manager_inst|eeprom_i2c_controller:eeprom_i2c_controller_inst|ram[153][3]                                        ; Lost fanout                                                                                      ;
; eeprom_manager:eeprom_manager_inst|eeprom_i2c_controller:eeprom_i2c_controller_inst|ram[154][3]                                        ; Lost fanout                                                                                      ;
; eeprom_manager:eeprom_manager_inst|eeprom_i2c_controller:eeprom_i2c_controller_inst|ram[155][3]                                        ; Lost fanout                                                                                      ;
; eeprom_manager:eeprom_manager_inst|eeprom_i2c_controller:eeprom_i2c_controller_inst|ram[156][3]                                        ; Lost fanout                                                                                      ;
; eeprom_manager:eeprom_manager_inst|eeprom_i2c_controller:eeprom_i2c_controller_inst|ram[157][3]                                        ; Lost fanout                                                                                      ;
; eeprom_manager:eeprom_manager_inst|eeprom_i2c_controller:eeprom_i2c_controller_inst|ram[158][3]                                        ; Lost fanout                                                                                      ;
; eeprom_manager:eeprom_manager_inst|eeprom_i2c_controller:eeprom_i2c_controller_inst|ram[159][3]                                        ; Lost fanout                                                                                      ;
; eeprom_manager:eeprom_manager_inst|eeprom_i2c_controller:eeprom_i2c_controller_inst|ram[160][3]                                        ; Lost fanout                                                                                      ;
; eeprom_manager:eeprom_manager_inst|eeprom_i2c_controller:eeprom_i2c_controller_inst|ram[161][3]                                        ; Lost fanout                                                                                      ;
; eeprom_manager:eeprom_manager_inst|eeprom_i2c_controller:eeprom_i2c_controller_inst|ram[162][3]                                        ; Lost fanout                                                                                      ;
; eeprom_manager:eeprom_manager_inst|eeprom_i2c_controller:eeprom_i2c_controller_inst|ram[163][3]                                        ; Lost fanout                                                                                      ;
; eeprom_manager:eeprom_manager_inst|eeprom_i2c_controller:eeprom_i2c_controller_inst|ram[164][3]                                        ; Lost fanout                                                                                      ;
; eeprom_manager:eeprom_manager_inst|eeprom_i2c_controller:eeprom_i2c_controller_inst|ram[165][3]                                        ; Lost fanout                                                                                      ;
; eeprom_manager:eeprom_manager_inst|eeprom_i2c_controller:eeprom_i2c_controller_inst|ram[166][3]                                        ; Lost fanout                                                                                      ;
; eeprom_manager:eeprom_manager_inst|eeprom_i2c_controller:eeprom_i2c_controller_inst|ram[167][3]                                        ; Lost fanout                                                                                      ;
; eeprom_manager:eeprom_manager_inst|eeprom_i2c_controller:eeprom_i2c_controller_inst|ram[168][3]                                        ; Lost fanout                                                                                      ;
; eeprom_manager:eeprom_manager_inst|eeprom_i2c_controller:eeprom_i2c_controller_inst|ram[169][3]                                        ; Lost fanout                                                                                      ;
; eeprom_manager:eeprom_manager_inst|eeprom_i2c_controller:eeprom_i2c_controller_inst|ram[170][3]                                        ; Lost fanout                                                                                      ;
; eeprom_manager:eeprom_manager_inst|eeprom_i2c_controller:eeprom_i2c_controller_inst|ram[171][3]                                        ; Lost fanout                                                                                      ;
; eeprom_manager:eeprom_manager_inst|eeprom_i2c_controller:eeprom_i2c_controller_inst|ram[172][3]                                        ; Lost fanout                                                                                      ;
; eeprom_manager:eeprom_manager_inst|eeprom_i2c_controller:eeprom_i2c_controller_inst|ram[173][3]                                        ; Lost fanout                                                                                      ;
; eeprom_manager:eeprom_manager_inst|eeprom_i2c_controller:eeprom_i2c_controller_inst|ram[174][3]                                        ; Lost fanout                                                                                      ;
; eeprom_manager:eeprom_manager_inst|eeprom_i2c_controller:eeprom_i2c_controller_inst|ram[175][3]                                        ; Lost fanout                                                                                      ;
; eeprom_manager:eeprom_manager_inst|eeprom_i2c_controller:eeprom_i2c_controller_inst|ram[176][3]                                        ; Lost fanout                                                                                      ;
; eeprom_manager:eeprom_manager_inst|eeprom_i2c_controller:eeprom_i2c_controller_inst|ram[177][3]                                        ; Lost fanout                                                                                      ;
; eeprom_manager:eeprom_manager_inst|eeprom_i2c_controller:eeprom_i2c_controller_inst|ram[178][3]                                        ; Lost fanout                                                                                      ;
; eeprom_manager:eeprom_manager_inst|eeprom_i2c_controller:eeprom_i2c_controller_inst|ram[179][3]                                        ; Lost fanout                                                                                      ;
; eeprom_manager:eeprom_manager_inst|eeprom_i2c_controller:eeprom_i2c_controller_inst|ram[180][3]                                        ; Lost fanout                                                                                      ;
; eeprom_manager:eeprom_manager_inst|eeprom_i2c_controller:eeprom_i2c_controller_inst|ram[181][3]                                        ; Lost fanout                                                                                      ;
; eeprom_manager:eeprom_manager_inst|eeprom_i2c_controller:eeprom_i2c_controller_inst|ram[182][3]                                        ; Lost fanout                                                                                      ;
; eeprom_manager:eeprom_manager_inst|eeprom_i2c_controller:eeprom_i2c_controller_inst|ram[183][3]                                        ; Lost fanout                                                                                      ;
; eeprom_manager:eeprom_manager_inst|eeprom_i2c_controller:eeprom_i2c_controller_inst|ram[184][3]                                        ; Lost fanout                                                                                      ;
; eeprom_manager:eeprom_manager_inst|eeprom_i2c_controller:eeprom_i2c_controller_inst|ram[185][3]                                        ; Lost fanout                                                                                      ;
; eeprom_manager:eeprom_manager_inst|eeprom_i2c_controller:eeprom_i2c_controller_inst|ram[186][3]                                        ; Lost fanout                                                                                      ;
; eeprom_manager:eeprom_manager_inst|eeprom_i2c_controller:eeprom_i2c_controller_inst|ram[187][3]                                        ; Lost fanout                                                                                      ;
; eeprom_manager:eeprom_manager_inst|eeprom_i2c_controller:eeprom_i2c_controller_inst|ram[188][3]                                        ; Lost fanout                                                                                      ;
; eeprom_manager:eeprom_manager_inst|eeprom_i2c_controller:eeprom_i2c_controller_inst|ram[189][3]                                        ; Lost fanout                                                                                      ;
; eeprom_manager:eeprom_manager_inst|eeprom_i2c_controller:eeprom_i2c_controller_inst|ram[190][3]                                        ; Lost fanout                                                                                      ;
; eeprom_manager:eeprom_manager_inst|eeprom_i2c_controller:eeprom_i2c_controller_inst|ram[191][3]                                        ; Lost fanout                                                                                      ;
; eeprom_manager:eeprom_manager_inst|eeprom_i2c_controller:eeprom_i2c_controller_inst|ram[192][3]                                        ; Lost fanout                                                                                      ;
; eeprom_manager:eeprom_manager_inst|eeprom_i2c_controller:eeprom_i2c_controller_inst|ram[193][3]                                        ; Lost fanout                                                                                      ;
; eeprom_manager:eeprom_manager_inst|eeprom_i2c_controller:eeprom_i2c_controller_inst|ram[194][3]                                        ; Lost fanout                                                                                      ;
; eeprom_manager:eeprom_manager_inst|eeprom_i2c_controller:eeprom_i2c_controller_inst|ram[195][3]                                        ; Lost fanout                                                                                      ;
; eeprom_manager:eeprom_manager_inst|eeprom_i2c_controller:eeprom_i2c_controller_inst|ram[196][3]                                        ; Lost fanout                                                                                      ;
; eeprom_manager:eeprom_manager_inst|eeprom_i2c_controller:eeprom_i2c_controller_inst|ram[197][3]                                        ; Lost fanout                                                                                      ;
; eeprom_manager:eeprom_manager_inst|eeprom_i2c_controller:eeprom_i2c_controller_inst|ram[198][3]                                        ; Lost fanout                                                                                      ;
; eeprom_manager:eeprom_manager_inst|eeprom_i2c_controller:eeprom_i2c_controller_inst|ram[199][3]                                        ; Lost fanout                                                                                      ;
; eeprom_manager:eeprom_manager_inst|eeprom_i2c_controller:eeprom_i2c_controller_inst|ram[200][3]                                        ; Lost fanout                                                                                      ;
; eeprom_manager:eeprom_manager_inst|eeprom_i2c_controller:eeprom_i2c_controller_inst|ram[201][3]                                        ; Lost fanout                                                                                      ;
; eeprom_manager:eeprom_manager_inst|eeprom_i2c_controller:eeprom_i2c_controller_inst|ram[202][3]                                        ; Lost fanout                                                                                      ;
; eeprom_manager:eeprom_manager_inst|eeprom_i2c_controller:eeprom_i2c_controller_inst|ram[203][3]                                        ; Lost fanout                                                                                      ;
; eeprom_manager:eeprom_manager_inst|eeprom_i2c_controller:eeprom_i2c_controller_inst|ram[204][3]                                        ; Lost fanout                                                                                      ;
; eeprom_manager:eeprom_manager_inst|eeprom_i2c_controller:eeprom_i2c_controller_inst|ram[205][3]                                        ; Lost fanout                                                                                      ;
; eeprom_manager:eeprom_manager_inst|eeprom_i2c_controller:eeprom_i2c_controller_inst|ram[206][3]                                        ; Lost fanout                                                                                      ;
; eeprom_manager:eeprom_manager_inst|eeprom_i2c_controller:eeprom_i2c_controller_inst|ram[207][3]                                        ; Lost fanout                                                                                      ;
; eeprom_manager:eeprom_manager_inst|eeprom_i2c_controller:eeprom_i2c_controller_inst|ram[208][3]                                        ; Lost fanout                                                                                      ;
; eeprom_manager:eeprom_manager_inst|eeprom_i2c_controller:eeprom_i2c_controller_inst|ram[209][3]                                        ; Lost fanout                                                                                      ;
; eeprom_manager:eeprom_manager_inst|eeprom_i2c_controller:eeprom_i2c_controller_inst|ram[210][3]                                        ; Lost fanout                                                                                      ;
; eeprom_manager:eeprom_manager_inst|eeprom_i2c_controller:eeprom_i2c_controller_inst|ram[211][3]                                        ; Lost fanout                                                                                      ;
; eeprom_manager:eeprom_manager_inst|eeprom_i2c_controller:eeprom_i2c_controller_inst|ram[212][3]                                        ; Lost fanout                                                                                      ;
; eeprom_manager:eeprom_manager_inst|eeprom_i2c_controller:eeprom_i2c_controller_inst|ram[213][3]                                        ; Lost fanout                                                                                      ;
; eeprom_manager:eeprom_manager_inst|eeprom_i2c_controller:eeprom_i2c_controller_inst|ram[214][3]                                        ; Lost fanout                                                                                      ;
; eeprom_manager:eeprom_manager_inst|eeprom_i2c_controller:eeprom_i2c_controller_inst|ram[215][3]                                        ; Lost fanout                                                                                      ;
; eeprom_manager:eeprom_manager_inst|eeprom_i2c_controller:eeprom_i2c_controller_inst|ram[216][3]                                        ; Lost fanout                                                                                      ;
; eeprom_manager:eeprom_manager_inst|eeprom_i2c_controller:eeprom_i2c_controller_inst|ram[217][3]                                        ; Lost fanout                                                                                      ;
; eeprom_manager:eeprom_manager_inst|eeprom_i2c_controller:eeprom_i2c_controller_inst|ram[218][3]                                        ; Lost fanout                                                                                      ;
; eeprom_manager:eeprom_manager_inst|eeprom_i2c_controller:eeprom_i2c_controller_inst|ram[219][3]                                        ; Lost fanout                                                                                      ;
; eeprom_manager:eeprom_manager_inst|eeprom_i2c_controller:eeprom_i2c_controller_inst|ram[220][3]                                        ; Lost fanout                                                                                      ;
; eeprom_manager:eeprom_manager_inst|eeprom_i2c_controller:eeprom_i2c_controller_inst|ram[221][3]                                        ; Lost fanout                                                                                      ;
; eeprom_manager:eeprom_manager_inst|eeprom_i2c_controller:eeprom_i2c_controller_inst|ram[222][3]                                        ; Lost fanout                                                                                      ;
; eeprom_manager:eeprom_manager_inst|eeprom_i2c_controller:eeprom_i2c_controller_inst|ram[223][3]                                        ; Lost fanout                                                                                      ;
; eeprom_manager:eeprom_manager_inst|eeprom_i2c_controller:eeprom_i2c_controller_inst|ram[224][3]                                        ; Lost fanout                                                                                      ;
; eeprom_manager:eeprom_manager_inst|eeprom_i2c_controller:eeprom_i2c_controller_inst|ram[225][3]                                        ; Lost fanout                                                                                      ;
; eeprom_manager:eeprom_manager_inst|eeprom_i2c_controller:eeprom_i2c_controller_inst|ram[226][3]                                        ; Lost fanout                                                                                      ;
; eeprom_manager:eeprom_manager_inst|eeprom_i2c_controller:eeprom_i2c_controller_inst|ram[227][3]                                        ; Lost fanout                                                                                      ;
; eeprom_manager:eeprom_manager_inst|eeprom_i2c_controller:eeprom_i2c_controller_inst|ram[228][3]                                        ; Lost fanout                                                                                      ;
; eeprom_manager:eeprom_manager_inst|eeprom_i2c_controller:eeprom_i2c_controller_inst|ram[229][3]                                        ; Lost fanout                                                                                      ;
; eeprom_manager:eeprom_manager_inst|eeprom_i2c_controller:eeprom_i2c_controller_inst|ram[230][3]                                        ; Lost fanout                                                                                      ;
; eeprom_manager:eeprom_manager_inst|eeprom_i2c_controller:eeprom_i2c_controller_inst|ram[231][3]                                        ; Lost fanout                                                                                      ;
; eeprom_manager:eeprom_manager_inst|eeprom_i2c_controller:eeprom_i2c_controller_inst|ram[232][3]                                        ; Lost fanout                                                                                      ;
; eeprom_manager:eeprom_manager_inst|eeprom_i2c_controller:eeprom_i2c_controller_inst|ram[233][3]                                        ; Lost fanout                                                                                      ;
; eeprom_manager:eeprom_manager_inst|eeprom_i2c_controller:eeprom_i2c_controller_inst|ram[234][3]                                        ; Lost fanout                                                                                      ;
; eeprom_manager:eeprom_manager_inst|eeprom_i2c_controller:eeprom_i2c_controller_inst|ram[235][3]                                        ; Lost fanout                                                                                      ;
; eeprom_manager:eeprom_manager_inst|eeprom_i2c_controller:eeprom_i2c_controller_inst|ram[236][3]                                        ; Lost fanout                                                                                      ;
; eeprom_manager:eeprom_manager_inst|eeprom_i2c_controller:eeprom_i2c_controller_inst|ram[237][3]                                        ; Lost fanout                                                                                      ;
; eeprom_manager:eeprom_manager_inst|eeprom_i2c_controller:eeprom_i2c_controller_inst|ram[238][3]                                        ; Lost fanout                                                                                      ;
; eeprom_manager:eeprom_manager_inst|eeprom_i2c_controller:eeprom_i2c_controller_inst|ram[239][3]                                        ; Lost fanout                                                                                      ;
; eeprom_manager:eeprom_manager_inst|eeprom_i2c_controller:eeprom_i2c_controller_inst|ram[240][3]                                        ; Lost fanout                                                                                      ;
; eeprom_manager:eeprom_manager_inst|eeprom_i2c_controller:eeprom_i2c_controller_inst|ram[241][3]                                        ; Lost fanout                                                                                      ;
; eeprom_manager:eeprom_manager_inst|eeprom_i2c_controller:eeprom_i2c_controller_inst|ram[242][3]                                        ; Lost fanout                                                                                      ;
; eeprom_manager:eeprom_manager_inst|eeprom_i2c_controller:eeprom_i2c_controller_inst|ram[243][3]                                        ; Lost fanout                                                                                      ;
; eeprom_manager:eeprom_manager_inst|eeprom_i2c_controller:eeprom_i2c_controller_inst|ram[244][3]                                        ; Lost fanout                                                                                      ;
; eeprom_manager:eeprom_manager_inst|eeprom_i2c_controller:eeprom_i2c_controller_inst|ram[245][3]                                        ; Lost fanout                                                                                      ;
; eeprom_manager:eeprom_manager_inst|eeprom_i2c_controller:eeprom_i2c_controller_inst|ram[246][3]                                        ; Lost fanout                                                                                      ;
; eeprom_manager:eeprom_manager_inst|eeprom_i2c_controller:eeprom_i2c_controller_inst|ram[247][3]                                        ; Lost fanout                                                                                      ;
; eeprom_manager:eeprom_manager_inst|eeprom_i2c_controller:eeprom_i2c_controller_inst|ram[248][3]                                        ; Lost fanout                                                                                      ;
; eeprom_manager:eeprom_manager_inst|eeprom_i2c_controller:eeprom_i2c_controller_inst|ram[249][3]                                        ; Lost fanout                                                                                      ;
; eeprom_manager:eeprom_manager_inst|eeprom_i2c_controller:eeprom_i2c_controller_inst|ram[250][3]                                        ; Lost fanout                                                                                      ;
; eeprom_manager:eeprom_manager_inst|eeprom_i2c_controller:eeprom_i2c_controller_inst|ram[251][3]                                        ; Lost fanout                                                                                      ;
; eeprom_manager:eeprom_manager_inst|eeprom_i2c_controller:eeprom_i2c_controller_inst|ram[252][3]                                        ; Lost fanout                                                                                      ;
; eeprom_manager:eeprom_manager_inst|eeprom_i2c_controller:eeprom_i2c_controller_inst|ram[253][3]                                        ; Lost fanout                                                                                      ;
; eeprom_manager:eeprom_manager_inst|eeprom_i2c_controller:eeprom_i2c_controller_inst|ram[254][3]                                        ; Lost fanout                                                                                      ;
; eeprom_manager:eeprom_manager_inst|eeprom_i2c_controller:eeprom_i2c_controller_inst|ram[255][3]                                        ; Lost fanout                                                                                      ;
; eeprom_manager:eeprom_manager_inst|eeprom_i2c_controller:eeprom_i2c_controller_inst|ram[1][4]                                          ; Lost fanout                                                                                      ;
; eeprom_manager:eeprom_manager_inst|eeprom_i2c_controller:eeprom_i2c_controller_inst|ram[2][4]                                          ; Lost fanout                                                                                      ;
; eeprom_manager:eeprom_manager_inst|eeprom_i2c_controller:eeprom_i2c_controller_inst|ram[3][4]                                          ; Lost fanout                                                                                      ;
; eeprom_manager:eeprom_manager_inst|eeprom_i2c_controller:eeprom_i2c_controller_inst|ram[4][4]                                          ; Lost fanout                                                                                      ;
; eeprom_manager:eeprom_manager_inst|eeprom_i2c_controller:eeprom_i2c_controller_inst|ram[5][4]                                          ; Lost fanout                                                                                      ;
; eeprom_manager:eeprom_manager_inst|eeprom_i2c_controller:eeprom_i2c_controller_inst|ram[6][4]                                          ; Lost fanout                                                                                      ;
; eeprom_manager:eeprom_manager_inst|eeprom_i2c_controller:eeprom_i2c_controller_inst|ram[7][4]                                          ; Lost fanout                                                                                      ;
; eeprom_manager:eeprom_manager_inst|eeprom_i2c_controller:eeprom_i2c_controller_inst|ram[8][4]                                          ; Lost fanout                                                                                      ;
; eeprom_manager:eeprom_manager_inst|eeprom_i2c_controller:eeprom_i2c_controller_inst|ram[9][4]                                          ; Lost fanout                                                                                      ;
; eeprom_manager:eeprom_manager_inst|eeprom_i2c_controller:eeprom_i2c_controller_inst|ram[10][4]                                         ; Lost fanout                                                                                      ;
; eeprom_manager:eeprom_manager_inst|eeprom_i2c_controller:eeprom_i2c_controller_inst|ram[11][4]                                         ; Lost fanout                                                                                      ;
; eeprom_manager:eeprom_manager_inst|eeprom_i2c_controller:eeprom_i2c_controller_inst|ram[12][4]                                         ; Lost fanout                                                                                      ;
; eeprom_manager:eeprom_manager_inst|eeprom_i2c_controller:eeprom_i2c_controller_inst|ram[13][4]                                         ; Lost fanout                                                                                      ;
; eeprom_manager:eeprom_manager_inst|eeprom_i2c_controller:eeprom_i2c_controller_inst|ram[14][4]                                         ; Lost fanout                                                                                      ;
; eeprom_manager:eeprom_manager_inst|eeprom_i2c_controller:eeprom_i2c_controller_inst|ram[15][4]                                         ; Lost fanout                                                                                      ;
; eeprom_manager:eeprom_manager_inst|eeprom_i2c_controller:eeprom_i2c_controller_inst|ram[16][4]                                         ; Lost fanout                                                                                      ;
; eeprom_manager:eeprom_manager_inst|eeprom_i2c_controller:eeprom_i2c_controller_inst|ram[17][4]                                         ; Lost fanout                                                                                      ;
; eeprom_manager:eeprom_manager_inst|eeprom_i2c_controller:eeprom_i2c_controller_inst|ram[18][4]                                         ; Lost fanout                                                                                      ;
; eeprom_manager:eeprom_manager_inst|eeprom_i2c_controller:eeprom_i2c_controller_inst|ram[19][4]                                         ; Lost fanout                                                                                      ;
; eeprom_manager:eeprom_manager_inst|eeprom_i2c_controller:eeprom_i2c_controller_inst|ram[20][4]                                         ; Lost fanout                                                                                      ;
; eeprom_manager:eeprom_manager_inst|eeprom_i2c_controller:eeprom_i2c_controller_inst|ram[21][4]                                         ; Lost fanout                                                                                      ;
; eeprom_manager:eeprom_manager_inst|eeprom_i2c_controller:eeprom_i2c_controller_inst|ram[22][4]                                         ; Lost fanout                                                                                      ;
; eeprom_manager:eeprom_manager_inst|eeprom_i2c_controller:eeprom_i2c_controller_inst|ram[23][4]                                         ; Lost fanout                                                                                      ;
; eeprom_manager:eeprom_manager_inst|eeprom_i2c_controller:eeprom_i2c_controller_inst|ram[24][4]                                         ; Lost fanout                                                                                      ;
; eeprom_manager:eeprom_manager_inst|eeprom_i2c_controller:eeprom_i2c_controller_inst|ram[25][4]                                         ; Lost fanout                                                                                      ;
; eeprom_manager:eeprom_manager_inst|eeprom_i2c_controller:eeprom_i2c_controller_inst|ram[26][4]                                         ; Lost fanout                                                                                      ;
; eeprom_manager:eeprom_manager_inst|eeprom_i2c_controller:eeprom_i2c_controller_inst|ram[27][4]                                         ; Lost fanout                                                                                      ;
; eeprom_manager:eeprom_manager_inst|eeprom_i2c_controller:eeprom_i2c_controller_inst|ram[28][4]                                         ; Lost fanout                                                                                      ;
; eeprom_manager:eeprom_manager_inst|eeprom_i2c_controller:eeprom_i2c_controller_inst|ram[29][4]                                         ; Lost fanout                                                                                      ;
; eeprom_manager:eeprom_manager_inst|eeprom_i2c_controller:eeprom_i2c_controller_inst|ram[30][4]                                         ; Lost fanout                                                                                      ;
; eeprom_manager:eeprom_manager_inst|eeprom_i2c_controller:eeprom_i2c_controller_inst|ram[31][4]                                         ; Lost fanout                                                                                      ;
; eeprom_manager:eeprom_manager_inst|eeprom_i2c_controller:eeprom_i2c_controller_inst|ram[32][4]                                         ; Lost fanout                                                                                      ;
; eeprom_manager:eeprom_manager_inst|eeprom_i2c_controller:eeprom_i2c_controller_inst|ram[33][4]                                         ; Lost fanout                                                                                      ;
; eeprom_manager:eeprom_manager_inst|eeprom_i2c_controller:eeprom_i2c_controller_inst|ram[34][4]                                         ; Lost fanout                                                                                      ;
; eeprom_manager:eeprom_manager_inst|eeprom_i2c_controller:eeprom_i2c_controller_inst|ram[35][4]                                         ; Lost fanout                                                                                      ;
; eeprom_manager:eeprom_manager_inst|eeprom_i2c_controller:eeprom_i2c_controller_inst|ram[36][4]                                         ; Lost fanout                                                                                      ;
; eeprom_manager:eeprom_manager_inst|eeprom_i2c_controller:eeprom_i2c_controller_inst|ram[37][4]                                         ; Lost fanout                                                                                      ;
; eeprom_manager:eeprom_manager_inst|eeprom_i2c_controller:eeprom_i2c_controller_inst|ram[38][4]                                         ; Lost fanout                                                                                      ;
; eeprom_manager:eeprom_manager_inst|eeprom_i2c_controller:eeprom_i2c_controller_inst|ram[39][4]                                         ; Lost fanout                                                                                      ;
; eeprom_manager:eeprom_manager_inst|eeprom_i2c_controller:eeprom_i2c_controller_inst|ram[40][4]                                         ; Lost fanout                                                                                      ;
; eeprom_manager:eeprom_manager_inst|eeprom_i2c_controller:eeprom_i2c_controller_inst|ram[41][4]                                         ; Lost fanout                                                                                      ;
; eeprom_manager:eeprom_manager_inst|eeprom_i2c_controller:eeprom_i2c_controller_inst|ram[42][4]                                         ; Lost fanout                                                                                      ;
; eeprom_manager:eeprom_manager_inst|eeprom_i2c_controller:eeprom_i2c_controller_inst|ram[43][4]                                         ; Lost fanout                                                                                      ;
; eeprom_manager:eeprom_manager_inst|eeprom_i2c_controller:eeprom_i2c_controller_inst|ram[44][4]                                         ; Lost fanout                                                                                      ;
; eeprom_manager:eeprom_manager_inst|eeprom_i2c_controller:eeprom_i2c_controller_inst|ram[45][4]                                         ; Lost fanout                                                                                      ;
; eeprom_manager:eeprom_manager_inst|eeprom_i2c_controller:eeprom_i2c_controller_inst|ram[46][4]                                         ; Lost fanout                                                                                      ;
; eeprom_manager:eeprom_manager_inst|eeprom_i2c_controller:eeprom_i2c_controller_inst|ram[47][4]                                         ; Lost fanout                                                                                      ;
; eeprom_manager:eeprom_manager_inst|eeprom_i2c_controller:eeprom_i2c_controller_inst|ram[48][4]                                         ; Lost fanout                                                                                      ;
; eeprom_manager:eeprom_manager_inst|eeprom_i2c_controller:eeprom_i2c_controller_inst|ram[49][4]                                         ; Lost fanout                                                                                      ;
; eeprom_manager:eeprom_manager_inst|eeprom_i2c_controller:eeprom_i2c_controller_inst|ram[50][4]                                         ; Lost fanout                                                                                      ;
; eeprom_manager:eeprom_manager_inst|eeprom_i2c_controller:eeprom_i2c_controller_inst|ram[51][4]                                         ; Lost fanout                                                                                      ;
; eeprom_manager:eeprom_manager_inst|eeprom_i2c_controller:eeprom_i2c_controller_inst|ram[52][4]                                         ; Lost fanout                                                                                      ;
; eeprom_manager:eeprom_manager_inst|eeprom_i2c_controller:eeprom_i2c_controller_inst|ram[53][4]                                         ; Lost fanout                                                                                      ;
; eeprom_manager:eeprom_manager_inst|eeprom_i2c_controller:eeprom_i2c_controller_inst|ram[54][4]                                         ; Lost fanout                                                                                      ;
; eeprom_manager:eeprom_manager_inst|eeprom_i2c_controller:eeprom_i2c_controller_inst|ram[55][4]                                         ; Lost fanout                                                                                      ;
; eeprom_manager:eeprom_manager_inst|eeprom_i2c_controller:eeprom_i2c_controller_inst|ram[56][4]                                         ; Lost fanout                                                                                      ;
; eeprom_manager:eeprom_manager_inst|eeprom_i2c_controller:eeprom_i2c_controller_inst|ram[57][4]                                         ; Lost fanout                                                                                      ;
; eeprom_manager:eeprom_manager_inst|eeprom_i2c_controller:eeprom_i2c_controller_inst|ram[58][4]                                         ; Lost fanout                                                                                      ;
; eeprom_manager:eeprom_manager_inst|eeprom_i2c_controller:eeprom_i2c_controller_inst|ram[59][4]                                         ; Lost fanout                                                                                      ;
; eeprom_manager:eeprom_manager_inst|eeprom_i2c_controller:eeprom_i2c_controller_inst|ram[60][4]                                         ; Lost fanout                                                                                      ;
; eeprom_manager:eeprom_manager_inst|eeprom_i2c_controller:eeprom_i2c_controller_inst|ram[61][4]                                         ; Lost fanout                                                                                      ;
; eeprom_manager:eeprom_manager_inst|eeprom_i2c_controller:eeprom_i2c_controller_inst|ram[62][4]                                         ; Lost fanout                                                                                      ;
; eeprom_manager:eeprom_manager_inst|eeprom_i2c_controller:eeprom_i2c_controller_inst|ram[63][4]                                         ; Lost fanout                                                                                      ;
; eeprom_manager:eeprom_manager_inst|eeprom_i2c_controller:eeprom_i2c_controller_inst|ram[64][4]                                         ; Lost fanout                                                                                      ;
; eeprom_manager:eeprom_manager_inst|eeprom_i2c_controller:eeprom_i2c_controller_inst|ram[65][4]                                         ; Lost fanout                                                                                      ;
; eeprom_manager:eeprom_manager_inst|eeprom_i2c_controller:eeprom_i2c_controller_inst|ram[66][4]                                         ; Lost fanout                                                                                      ;
; eeprom_manager:eeprom_manager_inst|eeprom_i2c_controller:eeprom_i2c_controller_inst|ram[67][4]                                         ; Lost fanout                                                                                      ;
; eeprom_manager:eeprom_manager_inst|eeprom_i2c_controller:eeprom_i2c_controller_inst|ram[68][4]                                         ; Lost fanout                                                                                      ;
; eeprom_manager:eeprom_manager_inst|eeprom_i2c_controller:eeprom_i2c_controller_inst|ram[69][4]                                         ; Lost fanout                                                                                      ;
; eeprom_manager:eeprom_manager_inst|eeprom_i2c_controller:eeprom_i2c_controller_inst|ram[70][4]                                         ; Lost fanout                                                                                      ;
; eeprom_manager:eeprom_manager_inst|eeprom_i2c_controller:eeprom_i2c_controller_inst|ram[71][4]                                         ; Lost fanout                                                                                      ;
; eeprom_manager:eeprom_manager_inst|eeprom_i2c_controller:eeprom_i2c_controller_inst|ram[72][4]                                         ; Lost fanout                                                                                      ;
; eeprom_manager:eeprom_manager_inst|eeprom_i2c_controller:eeprom_i2c_controller_inst|ram[73][4]                                         ; Lost fanout                                                                                      ;
; eeprom_manager:eeprom_manager_inst|eeprom_i2c_controller:eeprom_i2c_controller_inst|ram[74][4]                                         ; Lost fanout                                                                                      ;
; eeprom_manager:eeprom_manager_inst|eeprom_i2c_controller:eeprom_i2c_controller_inst|ram[75][4]                                         ; Lost fanout                                                                                      ;
; eeprom_manager:eeprom_manager_inst|eeprom_i2c_controller:eeprom_i2c_controller_inst|ram[76][4]                                         ; Lost fanout                                                                                      ;
; eeprom_manager:eeprom_manager_inst|eeprom_i2c_controller:eeprom_i2c_controller_inst|ram[77][4]                                         ; Lost fanout                                                                                      ;
; eeprom_manager:eeprom_manager_inst|eeprom_i2c_controller:eeprom_i2c_controller_inst|ram[78][4]                                         ; Lost fanout                                                                                      ;
; eeprom_manager:eeprom_manager_inst|eeprom_i2c_controller:eeprom_i2c_controller_inst|ram[79][4]                                         ; Lost fanout                                                                                      ;
; eeprom_manager:eeprom_manager_inst|eeprom_i2c_controller:eeprom_i2c_controller_inst|ram[80][4]                                         ; Lost fanout                                                                                      ;
; eeprom_manager:eeprom_manager_inst|eeprom_i2c_controller:eeprom_i2c_controller_inst|ram[81][4]                                         ; Lost fanout                                                                                      ;
; eeprom_manager:eeprom_manager_inst|eeprom_i2c_controller:eeprom_i2c_controller_inst|ram[82][4]                                         ; Lost fanout                                                                                      ;
; eeprom_manager:eeprom_manager_inst|eeprom_i2c_controller:eeprom_i2c_controller_inst|ram[83][4]                                         ; Lost fanout                                                                                      ;
; eeprom_manager:eeprom_manager_inst|eeprom_i2c_controller:eeprom_i2c_controller_inst|ram[84][4]                                         ; Lost fanout                                                                                      ;
; eeprom_manager:eeprom_manager_inst|eeprom_i2c_controller:eeprom_i2c_controller_inst|ram[85][4]                                         ; Lost fanout                                                                                      ;
; eeprom_manager:eeprom_manager_inst|eeprom_i2c_controller:eeprom_i2c_controller_inst|ram[86][4]                                         ; Lost fanout                                                                                      ;
; eeprom_manager:eeprom_manager_inst|eeprom_i2c_controller:eeprom_i2c_controller_inst|ram[87][4]                                         ; Lost fanout                                                                                      ;
; eeprom_manager:eeprom_manager_inst|eeprom_i2c_controller:eeprom_i2c_controller_inst|ram[88][4]                                         ; Lost fanout                                                                                      ;
; eeprom_manager:eeprom_manager_inst|eeprom_i2c_controller:eeprom_i2c_controller_inst|ram[89][4]                                         ; Lost fanout                                                                                      ;
; eeprom_manager:eeprom_manager_inst|eeprom_i2c_controller:eeprom_i2c_controller_inst|ram[90][4]                                         ; Lost fanout                                                                                      ;
; eeprom_manager:eeprom_manager_inst|eeprom_i2c_controller:eeprom_i2c_controller_inst|ram[91][4]                                         ; Lost fanout                                                                                      ;
; eeprom_manager:eeprom_manager_inst|eeprom_i2c_controller:eeprom_i2c_controller_inst|ram[92][4]                                         ; Lost fanout                                                                                      ;
; eeprom_manager:eeprom_manager_inst|eeprom_i2c_controller:eeprom_i2c_controller_inst|ram[93][4]                                         ; Lost fanout                                                                                      ;
; eeprom_manager:eeprom_manager_inst|eeprom_i2c_controller:eeprom_i2c_controller_inst|ram[94][4]                                         ; Lost fanout                                                                                      ;
; eeprom_manager:eeprom_manager_inst|eeprom_i2c_controller:eeprom_i2c_controller_inst|ram[95][4]                                         ; Lost fanout                                                                                      ;
; eeprom_manager:eeprom_manager_inst|eeprom_i2c_controller:eeprom_i2c_controller_inst|ram[96][4]                                         ; Lost fanout                                                                                      ;
; eeprom_manager:eeprom_manager_inst|eeprom_i2c_controller:eeprom_i2c_controller_inst|ram[97][4]                                         ; Lost fanout                                                                                      ;
; eeprom_manager:eeprom_manager_inst|eeprom_i2c_controller:eeprom_i2c_controller_inst|ram[98][4]                                         ; Lost fanout                                                                                      ;
; eeprom_manager:eeprom_manager_inst|eeprom_i2c_controller:eeprom_i2c_controller_inst|ram[99][4]                                         ; Lost fanout                                                                                      ;
; eeprom_manager:eeprom_manager_inst|eeprom_i2c_controller:eeprom_i2c_controller_inst|ram[100][4]                                        ; Lost fanout                                                                                      ;
; eeprom_manager:eeprom_manager_inst|eeprom_i2c_controller:eeprom_i2c_controller_inst|ram[101][4]                                        ; Lost fanout                                                                                      ;
; eeprom_manager:eeprom_manager_inst|eeprom_i2c_controller:eeprom_i2c_controller_inst|ram[102][4]                                        ; Lost fanout                                                                                      ;
; eeprom_manager:eeprom_manager_inst|eeprom_i2c_controller:eeprom_i2c_controller_inst|ram[103][4]                                        ; Lost fanout                                                                                      ;
; eeprom_manager:eeprom_manager_inst|eeprom_i2c_controller:eeprom_i2c_controller_inst|ram[104][4]                                        ; Lost fanout                                                                                      ;
; eeprom_manager:eeprom_manager_inst|eeprom_i2c_controller:eeprom_i2c_controller_inst|ram[105][4]                                        ; Lost fanout                                                                                      ;
; eeprom_manager:eeprom_manager_inst|eeprom_i2c_controller:eeprom_i2c_controller_inst|ram[106][4]                                        ; Lost fanout                                                                                      ;
; eeprom_manager:eeprom_manager_inst|eeprom_i2c_controller:eeprom_i2c_controller_inst|ram[107][4]                                        ; Lost fanout                                                                                      ;
; eeprom_manager:eeprom_manager_inst|eeprom_i2c_controller:eeprom_i2c_controller_inst|ram[108][4]                                        ; Lost fanout                                                                                      ;
; eeprom_manager:eeprom_manager_inst|eeprom_i2c_controller:eeprom_i2c_controller_inst|ram[109][4]                                        ; Lost fanout                                                                                      ;
; eeprom_manager:eeprom_manager_inst|eeprom_i2c_controller:eeprom_i2c_controller_inst|ram[110][4]                                        ; Lost fanout                                                                                      ;
; eeprom_manager:eeprom_manager_inst|eeprom_i2c_controller:eeprom_i2c_controller_inst|ram[111][4]                                        ; Lost fanout                                                                                      ;
; eeprom_manager:eeprom_manager_inst|eeprom_i2c_controller:eeprom_i2c_controller_inst|ram[112][4]                                        ; Lost fanout                                                                                      ;
; eeprom_manager:eeprom_manager_inst|eeprom_i2c_controller:eeprom_i2c_controller_inst|ram[113][4]                                        ; Lost fanout                                                                                      ;
; eeprom_manager:eeprom_manager_inst|eeprom_i2c_controller:eeprom_i2c_controller_inst|ram[114][4]                                        ; Lost fanout                                                                                      ;
; eeprom_manager:eeprom_manager_inst|eeprom_i2c_controller:eeprom_i2c_controller_inst|ram[115][4]                                        ; Lost fanout                                                                                      ;
; eeprom_manager:eeprom_manager_inst|eeprom_i2c_controller:eeprom_i2c_controller_inst|ram[116][4]                                        ; Lost fanout                                                                                      ;
; eeprom_manager:eeprom_manager_inst|eeprom_i2c_controller:eeprom_i2c_controller_inst|ram[117][4]                                        ; Lost fanout                                                                                      ;
; eeprom_manager:eeprom_manager_inst|eeprom_i2c_controller:eeprom_i2c_controller_inst|ram[118][4]                                        ; Lost fanout                                                                                      ;
; eeprom_manager:eeprom_manager_inst|eeprom_i2c_controller:eeprom_i2c_controller_inst|ram[119][4]                                        ; Lost fanout                                                                                      ;
; eeprom_manager:eeprom_manager_inst|eeprom_i2c_controller:eeprom_i2c_controller_inst|ram[120][4]                                        ; Lost fanout                                                                                      ;
; eeprom_manager:eeprom_manager_inst|eeprom_i2c_controller:eeprom_i2c_controller_inst|ram[121][4]                                        ; Lost fanout                                                                                      ;
; eeprom_manager:eeprom_manager_inst|eeprom_i2c_controller:eeprom_i2c_controller_inst|ram[122][4]                                        ; Lost fanout                                                                                      ;
; eeprom_manager:eeprom_manager_inst|eeprom_i2c_controller:eeprom_i2c_controller_inst|ram[123][4]                                        ; Lost fanout                                                                                      ;
; eeprom_manager:eeprom_manager_inst|eeprom_i2c_controller:eeprom_i2c_controller_inst|ram[124][4]                                        ; Lost fanout                                                                                      ;
; eeprom_manager:eeprom_manager_inst|eeprom_i2c_controller:eeprom_i2c_controller_inst|ram[125][4]                                        ; Lost fanout                                                                                      ;
; eeprom_manager:eeprom_manager_inst|eeprom_i2c_controller:eeprom_i2c_controller_inst|ram[126][4]                                        ; Lost fanout                                                                                      ;
; eeprom_manager:eeprom_manager_inst|eeprom_i2c_controller:eeprom_i2c_controller_inst|ram[127][4]                                        ; Lost fanout                                                                                      ;
; eeprom_manager:eeprom_manager_inst|eeprom_i2c_controller:eeprom_i2c_controller_inst|ram[128][4]                                        ; Lost fanout                                                                                      ;
; eeprom_manager:eeprom_manager_inst|eeprom_i2c_controller:eeprom_i2c_controller_inst|ram[129][4]                                        ; Lost fanout                                                                                      ;
; eeprom_manager:eeprom_manager_inst|eeprom_i2c_controller:eeprom_i2c_controller_inst|ram[130][4]                                        ; Lost fanout                                                                                      ;
; eeprom_manager:eeprom_manager_inst|eeprom_i2c_controller:eeprom_i2c_controller_inst|ram[131][4]                                        ; Lost fanout                                                                                      ;
; eeprom_manager:eeprom_manager_inst|eeprom_i2c_controller:eeprom_i2c_controller_inst|ram[132][4]                                        ; Lost fanout                                                                                      ;
; eeprom_manager:eeprom_manager_inst|eeprom_i2c_controller:eeprom_i2c_controller_inst|ram[133][4]                                        ; Lost fanout                                                                                      ;
; eeprom_manager:eeprom_manager_inst|eeprom_i2c_controller:eeprom_i2c_controller_inst|ram[134][4]                                        ; Lost fanout                                                                                      ;
; eeprom_manager:eeprom_manager_inst|eeprom_i2c_controller:eeprom_i2c_controller_inst|ram[135][4]                                        ; Lost fanout                                                                                      ;
; eeprom_manager:eeprom_manager_inst|eeprom_i2c_controller:eeprom_i2c_controller_inst|ram[136][4]                                        ; Lost fanout                                                                                      ;
; eeprom_manager:eeprom_manager_inst|eeprom_i2c_controller:eeprom_i2c_controller_inst|ram[137][4]                                        ; Lost fanout                                                                                      ;
; eeprom_manager:eeprom_manager_inst|eeprom_i2c_controller:eeprom_i2c_controller_inst|ram[138][4]                                        ; Lost fanout                                                                                      ;
; eeprom_manager:eeprom_manager_inst|eeprom_i2c_controller:eeprom_i2c_controller_inst|ram[139][4]                                        ; Lost fanout                                                                                      ;
; eeprom_manager:eeprom_manager_inst|eeprom_i2c_controller:eeprom_i2c_controller_inst|ram[140][4]                                        ; Lost fanout                                                                                      ;
; eeprom_manager:eeprom_manager_inst|eeprom_i2c_controller:eeprom_i2c_controller_inst|ram[141][4]                                        ; Lost fanout                                                                                      ;
; eeprom_manager:eeprom_manager_inst|eeprom_i2c_controller:eeprom_i2c_controller_inst|ram[142][4]                                        ; Lost fanout                                                                                      ;
; eeprom_manager:eeprom_manager_inst|eeprom_i2c_controller:eeprom_i2c_controller_inst|ram[143][4]                                        ; Lost fanout                                                                                      ;
; eeprom_manager:eeprom_manager_inst|eeprom_i2c_controller:eeprom_i2c_controller_inst|ram[144][4]                                        ; Lost fanout                                                                                      ;
; eeprom_manager:eeprom_manager_inst|eeprom_i2c_controller:eeprom_i2c_controller_inst|ram[145][4]                                        ; Lost fanout                                                                                      ;
; eeprom_manager:eeprom_manager_inst|eeprom_i2c_controller:eeprom_i2c_controller_inst|ram[146][4]                                        ; Lost fanout                                                                                      ;
; eeprom_manager:eeprom_manager_inst|eeprom_i2c_controller:eeprom_i2c_controller_inst|ram[147][4]                                        ; Lost fanout                                                                                      ;
; eeprom_manager:eeprom_manager_inst|eeprom_i2c_controller:eeprom_i2c_controller_inst|ram[148][4]                                        ; Lost fanout                                                                                      ;
; eeprom_manager:eeprom_manager_inst|eeprom_i2c_controller:eeprom_i2c_controller_inst|ram[149][4]                                        ; Lost fanout                                                                                      ;
; eeprom_manager:eeprom_manager_inst|eeprom_i2c_controller:eeprom_i2c_controller_inst|ram[150][4]                                        ; Lost fanout                                                                                      ;
; eeprom_manager:eeprom_manager_inst|eeprom_i2c_controller:eeprom_i2c_controller_inst|ram[151][4]                                        ; Lost fanout                                                                                      ;
; eeprom_manager:eeprom_manager_inst|eeprom_i2c_controller:eeprom_i2c_controller_inst|ram[152][4]                                        ; Lost fanout                                                                                      ;
; eeprom_manager:eeprom_manager_inst|eeprom_i2c_controller:eeprom_i2c_controller_inst|ram[153][4]                                        ; Lost fanout                                                                                      ;
; eeprom_manager:eeprom_manager_inst|eeprom_i2c_controller:eeprom_i2c_controller_inst|ram[154][4]                                        ; Lost fanout                                                                                      ;
; eeprom_manager:eeprom_manager_inst|eeprom_i2c_controller:eeprom_i2c_controller_inst|ram[155][4]                                        ; Lost fanout                                                                                      ;
; eeprom_manager:eeprom_manager_inst|eeprom_i2c_controller:eeprom_i2c_controller_inst|ram[156][4]                                        ; Lost fanout                                                                                      ;
; eeprom_manager:eeprom_manager_inst|eeprom_i2c_controller:eeprom_i2c_controller_inst|ram[157][4]                                        ; Lost fanout                                                                                      ;
; eeprom_manager:eeprom_manager_inst|eeprom_i2c_controller:eeprom_i2c_controller_inst|ram[158][4]                                        ; Lost fanout                                                                                      ;
; eeprom_manager:eeprom_manager_inst|eeprom_i2c_controller:eeprom_i2c_controller_inst|ram[159][4]                                        ; Lost fanout                                                                                      ;
; eeprom_manager:eeprom_manager_inst|eeprom_i2c_controller:eeprom_i2c_controller_inst|ram[160][4]                                        ; Lost fanout                                                                                      ;
; eeprom_manager:eeprom_manager_inst|eeprom_i2c_controller:eeprom_i2c_controller_inst|ram[161][4]                                        ; Lost fanout                                                                                      ;
; eeprom_manager:eeprom_manager_inst|eeprom_i2c_controller:eeprom_i2c_controller_inst|ram[162][4]                                        ; Lost fanout                                                                                      ;
; eeprom_manager:eeprom_manager_inst|eeprom_i2c_controller:eeprom_i2c_controller_inst|ram[163][4]                                        ; Lost fanout                                                                                      ;
; eeprom_manager:eeprom_manager_inst|eeprom_i2c_controller:eeprom_i2c_controller_inst|ram[164][4]                                        ; Lost fanout                                                                                      ;
; eeprom_manager:eeprom_manager_inst|eeprom_i2c_controller:eeprom_i2c_controller_inst|ram[165][4]                                        ; Lost fanout                                                                                      ;
; eeprom_manager:eeprom_manager_inst|eeprom_i2c_controller:eeprom_i2c_controller_inst|ram[166][4]                                        ; Lost fanout                                                                                      ;
; eeprom_manager:eeprom_manager_inst|eeprom_i2c_controller:eeprom_i2c_controller_inst|ram[167][4]                                        ; Lost fanout                                                                                      ;
; eeprom_manager:eeprom_manager_inst|eeprom_i2c_controller:eeprom_i2c_controller_inst|ram[168][4]                                        ; Lost fanout                                                                                      ;
; eeprom_manager:eeprom_manager_inst|eeprom_i2c_controller:eeprom_i2c_controller_inst|ram[169][4]                                        ; Lost fanout                                                                                      ;
; eeprom_manager:eeprom_manager_inst|eeprom_i2c_controller:eeprom_i2c_controller_inst|ram[170][4]                                        ; Lost fanout                                                                                      ;
; eeprom_manager:eeprom_manager_inst|eeprom_i2c_controller:eeprom_i2c_controller_inst|ram[171][4]                                        ; Lost fanout                                                                                      ;
; eeprom_manager:eeprom_manager_inst|eeprom_i2c_controller:eeprom_i2c_controller_inst|ram[172][4]                                        ; Lost fanout                                                                                      ;
; eeprom_manager:eeprom_manager_inst|eeprom_i2c_controller:eeprom_i2c_controller_inst|ram[173][4]                                        ; Lost fanout                                                                                      ;
; eeprom_manager:eeprom_manager_inst|eeprom_i2c_controller:eeprom_i2c_controller_inst|ram[174][4]                                        ; Lost fanout                                                                                      ;
; eeprom_manager:eeprom_manager_inst|eeprom_i2c_controller:eeprom_i2c_controller_inst|ram[175][4]                                        ; Lost fanout                                                                                      ;
; eeprom_manager:eeprom_manager_inst|eeprom_i2c_controller:eeprom_i2c_controller_inst|ram[176][4]                                        ; Lost fanout                                                                                      ;
; eeprom_manager:eeprom_manager_inst|eeprom_i2c_controller:eeprom_i2c_controller_inst|ram[177][4]                                        ; Lost fanout                                                                                      ;
; eeprom_manager:eeprom_manager_inst|eeprom_i2c_controller:eeprom_i2c_controller_inst|ram[178][4]                                        ; Lost fanout                                                                                      ;
; eeprom_manager:eeprom_manager_inst|eeprom_i2c_controller:eeprom_i2c_controller_inst|ram[179][4]                                        ; Lost fanout                                                                                      ;
; eeprom_manager:eeprom_manager_inst|eeprom_i2c_controller:eeprom_i2c_controller_inst|ram[180][4]                                        ; Lost fanout                                                                                      ;
; eeprom_manager:eeprom_manager_inst|eeprom_i2c_controller:eeprom_i2c_controller_inst|ram[181][4]                                        ; Lost fanout                                                                                      ;
; eeprom_manager:eeprom_manager_inst|eeprom_i2c_controller:eeprom_i2c_controller_inst|ram[182][4]                                        ; Lost fanout                                                                                      ;
; eeprom_manager:eeprom_manager_inst|eeprom_i2c_controller:eeprom_i2c_controller_inst|ram[183][4]                                        ; Lost fanout                                                                                      ;
; eeprom_manager:eeprom_manager_inst|eeprom_i2c_controller:eeprom_i2c_controller_inst|ram[184][4]                                        ; Lost fanout                                                                                      ;
; eeprom_manager:eeprom_manager_inst|eeprom_i2c_controller:eeprom_i2c_controller_inst|ram[185][4]                                        ; Lost fanout                                                                                      ;
; eeprom_manager:eeprom_manager_inst|eeprom_i2c_controller:eeprom_i2c_controller_inst|ram[186][4]                                        ; Lost fanout                                                                                      ;
; eeprom_manager:eeprom_manager_inst|eeprom_i2c_controller:eeprom_i2c_controller_inst|ram[187][4]                                        ; Lost fanout                                                                                      ;
; eeprom_manager:eeprom_manager_inst|eeprom_i2c_controller:eeprom_i2c_controller_inst|ram[188][4]                                        ; Lost fanout                                                                                      ;
; eeprom_manager:eeprom_manager_inst|eeprom_i2c_controller:eeprom_i2c_controller_inst|ram[189][4]                                        ; Lost fanout                                                                                      ;
; eeprom_manager:eeprom_manager_inst|eeprom_i2c_controller:eeprom_i2c_controller_inst|ram[190][4]                                        ; Lost fanout                                                                                      ;
; eeprom_manager:eeprom_manager_inst|eeprom_i2c_controller:eeprom_i2c_controller_inst|ram[191][4]                                        ; Lost fanout                                                                                      ;
; eeprom_manager:eeprom_manager_inst|eeprom_i2c_controller:eeprom_i2c_controller_inst|ram[192][4]                                        ; Lost fanout                                                                                      ;
; eeprom_manager:eeprom_manager_inst|eeprom_i2c_controller:eeprom_i2c_controller_inst|ram[193][4]                                        ; Lost fanout                                                                                      ;
; eeprom_manager:eeprom_manager_inst|eeprom_i2c_controller:eeprom_i2c_controller_inst|ram[194][4]                                        ; Lost fanout                                                                                      ;
; eeprom_manager:eeprom_manager_inst|eeprom_i2c_controller:eeprom_i2c_controller_inst|ram[195][4]                                        ; Lost fanout                                                                                      ;
; eeprom_manager:eeprom_manager_inst|eeprom_i2c_controller:eeprom_i2c_controller_inst|ram[196][4]                                        ; Lost fanout                                                                                      ;
; eeprom_manager:eeprom_manager_inst|eeprom_i2c_controller:eeprom_i2c_controller_inst|ram[197][4]                                        ; Lost fanout                                                                                      ;
; eeprom_manager:eeprom_manager_inst|eeprom_i2c_controller:eeprom_i2c_controller_inst|ram[198][4]                                        ; Lost fanout                                                                                      ;
; eeprom_manager:eeprom_manager_inst|eeprom_i2c_controller:eeprom_i2c_controller_inst|ram[199][4]                                        ; Lost fanout                                                                                      ;
; eeprom_manager:eeprom_manager_inst|eeprom_i2c_controller:eeprom_i2c_controller_inst|ram[200][4]                                        ; Lost fanout                                                                                      ;
; eeprom_manager:eeprom_manager_inst|eeprom_i2c_controller:eeprom_i2c_controller_inst|ram[201][4]                                        ; Lost fanout                                                                                      ;
; eeprom_manager:eeprom_manager_inst|eeprom_i2c_controller:eeprom_i2c_controller_inst|ram[202][4]                                        ; Lost fanout                                                                                      ;
; eeprom_manager:eeprom_manager_inst|eeprom_i2c_controller:eeprom_i2c_controller_inst|ram[203][4]                                        ; Lost fanout                                                                                      ;
; eeprom_manager:eeprom_manager_inst|eeprom_i2c_controller:eeprom_i2c_controller_inst|ram[204][4]                                        ; Lost fanout                                                                                      ;
; eeprom_manager:eeprom_manager_inst|eeprom_i2c_controller:eeprom_i2c_controller_inst|ram[205][4]                                        ; Lost fanout                                                                                      ;
; eeprom_manager:eeprom_manager_inst|eeprom_i2c_controller:eeprom_i2c_controller_inst|ram[206][4]                                        ; Lost fanout                                                                                      ;
; eeprom_manager:eeprom_manager_inst|eeprom_i2c_controller:eeprom_i2c_controller_inst|ram[207][4]                                        ; Lost fanout                                                                                      ;
; eeprom_manager:eeprom_manager_inst|eeprom_i2c_controller:eeprom_i2c_controller_inst|ram[208][4]                                        ; Lost fanout                                                                                      ;
; eeprom_manager:eeprom_manager_inst|eeprom_i2c_controller:eeprom_i2c_controller_inst|ram[209][4]                                        ; Lost fanout                                                                                      ;
; eeprom_manager:eeprom_manager_inst|eeprom_i2c_controller:eeprom_i2c_controller_inst|ram[210][4]                                        ; Lost fanout                                                                                      ;
; eeprom_manager:eeprom_manager_inst|eeprom_i2c_controller:eeprom_i2c_controller_inst|ram[211][4]                                        ; Lost fanout                                                                                      ;
; eeprom_manager:eeprom_manager_inst|eeprom_i2c_controller:eeprom_i2c_controller_inst|ram[212][4]                                        ; Lost fanout                                                                                      ;
; eeprom_manager:eeprom_manager_inst|eeprom_i2c_controller:eeprom_i2c_controller_inst|ram[213][4]                                        ; Lost fanout                                                                                      ;
; eeprom_manager:eeprom_manager_inst|eeprom_i2c_controller:eeprom_i2c_controller_inst|ram[214][4]                                        ; Lost fanout                                                                                      ;
; eeprom_manager:eeprom_manager_inst|eeprom_i2c_controller:eeprom_i2c_controller_inst|ram[215][4]                                        ; Lost fanout                                                                                      ;
; eeprom_manager:eeprom_manager_inst|eeprom_i2c_controller:eeprom_i2c_controller_inst|ram[216][4]                                        ; Lost fanout                                                                                      ;
; eeprom_manager:eeprom_manager_inst|eeprom_i2c_controller:eeprom_i2c_controller_inst|ram[217][4]                                        ; Lost fanout                                                                                      ;
; eeprom_manager:eeprom_manager_inst|eeprom_i2c_controller:eeprom_i2c_controller_inst|ram[218][4]                                        ; Lost fanout                                                                                      ;
; eeprom_manager:eeprom_manager_inst|eeprom_i2c_controller:eeprom_i2c_controller_inst|ram[219][4]                                        ; Lost fanout                                                                                      ;
; eeprom_manager:eeprom_manager_inst|eeprom_i2c_controller:eeprom_i2c_controller_inst|ram[220][4]                                        ; Lost fanout                                                                                      ;
; eeprom_manager:eeprom_manager_inst|eeprom_i2c_controller:eeprom_i2c_controller_inst|ram[221][4]                                        ; Lost fanout                                                                                      ;
; eeprom_manager:eeprom_manager_inst|eeprom_i2c_controller:eeprom_i2c_controller_inst|ram[222][4]                                        ; Lost fanout                                                                                      ;
; eeprom_manager:eeprom_manager_inst|eeprom_i2c_controller:eeprom_i2c_controller_inst|ram[223][4]                                        ; Lost fanout                                                                                      ;
; eeprom_manager:eeprom_manager_inst|eeprom_i2c_controller:eeprom_i2c_controller_inst|ram[224][4]                                        ; Lost fanout                                                                                      ;
; eeprom_manager:eeprom_manager_inst|eeprom_i2c_controller:eeprom_i2c_controller_inst|ram[225][4]                                        ; Lost fanout                                                                                      ;
; eeprom_manager:eeprom_manager_inst|eeprom_i2c_controller:eeprom_i2c_controller_inst|ram[226][4]                                        ; Lost fanout                                                                                      ;
; eeprom_manager:eeprom_manager_inst|eeprom_i2c_controller:eeprom_i2c_controller_inst|ram[227][4]                                        ; Lost fanout                                                                                      ;
; eeprom_manager:eeprom_manager_inst|eeprom_i2c_controller:eeprom_i2c_controller_inst|ram[228][4]                                        ; Lost fanout                                                                                      ;
; eeprom_manager:eeprom_manager_inst|eeprom_i2c_controller:eeprom_i2c_controller_inst|ram[229][4]                                        ; Lost fanout                                                                                      ;
; eeprom_manager:eeprom_manager_inst|eeprom_i2c_controller:eeprom_i2c_controller_inst|ram[230][4]                                        ; Lost fanout                                                                                      ;
; eeprom_manager:eeprom_manager_inst|eeprom_i2c_controller:eeprom_i2c_controller_inst|ram[231][4]                                        ; Lost fanout                                                                                      ;
; eeprom_manager:eeprom_manager_inst|eeprom_i2c_controller:eeprom_i2c_controller_inst|ram[232][4]                                        ; Lost fanout                                                                                      ;
; eeprom_manager:eeprom_manager_inst|eeprom_i2c_controller:eeprom_i2c_controller_inst|ram[233][4]                                        ; Lost fanout                                                                                      ;
; eeprom_manager:eeprom_manager_inst|eeprom_i2c_controller:eeprom_i2c_controller_inst|ram[234][4]                                        ; Lost fanout                                                                                      ;
; eeprom_manager:eeprom_manager_inst|eeprom_i2c_controller:eeprom_i2c_controller_inst|ram[235][4]                                        ; Lost fanout                                                                                      ;
; eeprom_manager:eeprom_manager_inst|eeprom_i2c_controller:eeprom_i2c_controller_inst|ram[236][4]                                        ; Lost fanout                                                                                      ;
; eeprom_manager:eeprom_manager_inst|eeprom_i2c_controller:eeprom_i2c_controller_inst|ram[237][4]                                        ; Lost fanout                                                                                      ;
; eeprom_manager:eeprom_manager_inst|eeprom_i2c_controller:eeprom_i2c_controller_inst|ram[238][4]                                        ; Lost fanout                                                                                      ;
; eeprom_manager:eeprom_manager_inst|eeprom_i2c_controller:eeprom_i2c_controller_inst|ram[239][4]                                        ; Lost fanout                                                                                      ;
; eeprom_manager:eeprom_manager_inst|eeprom_i2c_controller:eeprom_i2c_controller_inst|ram[240][4]                                        ; Lost fanout                                                                                      ;
; eeprom_manager:eeprom_manager_inst|eeprom_i2c_controller:eeprom_i2c_controller_inst|ram[241][4]                                        ; Lost fanout                                                                                      ;
; eeprom_manager:eeprom_manager_inst|eeprom_i2c_controller:eeprom_i2c_controller_inst|ram[242][4]                                        ; Lost fanout                                                                                      ;
; eeprom_manager:eeprom_manager_inst|eeprom_i2c_controller:eeprom_i2c_controller_inst|ram[243][4]                                        ; Lost fanout                                                                                      ;
; eeprom_manager:eeprom_manager_inst|eeprom_i2c_controller:eeprom_i2c_controller_inst|ram[244][4]                                        ; Lost fanout                                                                                      ;
; eeprom_manager:eeprom_manager_inst|eeprom_i2c_controller:eeprom_i2c_controller_inst|ram[245][4]                                        ; Lost fanout                                                                                      ;
; eeprom_manager:eeprom_manager_inst|eeprom_i2c_controller:eeprom_i2c_controller_inst|ram[246][4]                                        ; Lost fanout                                                                                      ;
; eeprom_manager:eeprom_manager_inst|eeprom_i2c_controller:eeprom_i2c_controller_inst|ram[247][4]                                        ; Lost fanout                                                                                      ;
; eeprom_manager:eeprom_manager_inst|eeprom_i2c_controller:eeprom_i2c_controller_inst|ram[248][4]                                        ; Lost fanout                                                                                      ;
; eeprom_manager:eeprom_manager_inst|eeprom_i2c_controller:eeprom_i2c_controller_inst|ram[249][4]                                        ; Lost fanout                                                                                      ;
; eeprom_manager:eeprom_manager_inst|eeprom_i2c_controller:eeprom_i2c_controller_inst|ram[250][4]                                        ; Lost fanout                                                                                      ;
; eeprom_manager:eeprom_manager_inst|eeprom_i2c_controller:eeprom_i2c_controller_inst|ram[251][4]                                        ; Lost fanout                                                                                      ;
; eeprom_manager:eeprom_manager_inst|eeprom_i2c_controller:eeprom_i2c_controller_inst|ram[252][4]                                        ; Lost fanout                                                                                      ;
; eeprom_manager:eeprom_manager_inst|eeprom_i2c_controller:eeprom_i2c_controller_inst|ram[253][4]                                        ; Lost fanout                                                                                      ;
; eeprom_manager:eeprom_manager_inst|eeprom_i2c_controller:eeprom_i2c_controller_inst|ram[254][4]                                        ; Lost fanout                                                                                      ;
; eeprom_manager:eeprom_manager_inst|eeprom_i2c_controller:eeprom_i2c_controller_inst|ram[255][4]                                        ; Lost fanout                                                                                      ;
; eeprom_manager:eeprom_manager_inst|eeprom_i2c_controller:eeprom_i2c_controller_inst|ram[1][5]                                          ; Lost fanout                                                                                      ;
; eeprom_manager:eeprom_manager_inst|eeprom_i2c_controller:eeprom_i2c_controller_inst|ram[2][5]                                          ; Lost fanout                                                                                      ;
; eeprom_manager:eeprom_manager_inst|eeprom_i2c_controller:eeprom_i2c_controller_inst|ram[3][5]                                          ; Lost fanout                                                                                      ;
; eeprom_manager:eeprom_manager_inst|eeprom_i2c_controller:eeprom_i2c_controller_inst|ram[4][5]                                          ; Lost fanout                                                                                      ;
; eeprom_manager:eeprom_manager_inst|eeprom_i2c_controller:eeprom_i2c_controller_inst|ram[5][5]                                          ; Lost fanout                                                                                      ;
; eeprom_manager:eeprom_manager_inst|eeprom_i2c_controller:eeprom_i2c_controller_inst|ram[6][5]                                          ; Lost fanout                                                                                      ;
; eeprom_manager:eeprom_manager_inst|eeprom_i2c_controller:eeprom_i2c_controller_inst|ram[7][5]                                          ; Lost fanout                                                                                      ;
; eeprom_manager:eeprom_manager_inst|eeprom_i2c_controller:eeprom_i2c_controller_inst|ram[8][5]                                          ; Lost fanout                                                                                      ;
; eeprom_manager:eeprom_manager_inst|eeprom_i2c_controller:eeprom_i2c_controller_inst|ram[9][5]                                          ; Lost fanout                                                                                      ;
; eeprom_manager:eeprom_manager_inst|eeprom_i2c_controller:eeprom_i2c_controller_inst|ram[10][5]                                         ; Lost fanout                                                                                      ;
; eeprom_manager:eeprom_manager_inst|eeprom_i2c_controller:eeprom_i2c_controller_inst|ram[11][5]                                         ; Lost fanout                                                                                      ;
; eeprom_manager:eeprom_manager_inst|eeprom_i2c_controller:eeprom_i2c_controller_inst|ram[12][5]                                         ; Lost fanout                                                                                      ;
; eeprom_manager:eeprom_manager_inst|eeprom_i2c_controller:eeprom_i2c_controller_inst|ram[13][5]                                         ; Lost fanout                                                                                      ;
; eeprom_manager:eeprom_manager_inst|eeprom_i2c_controller:eeprom_i2c_controller_inst|ram[14][5]                                         ; Lost fanout                                                                                      ;
; eeprom_manager:eeprom_manager_inst|eeprom_i2c_controller:eeprom_i2c_controller_inst|ram[15][5]                                         ; Lost fanout                                                                                      ;
; eeprom_manager:eeprom_manager_inst|eeprom_i2c_controller:eeprom_i2c_controller_inst|ram[16][5]                                         ; Lost fanout                                                                                      ;
; eeprom_manager:eeprom_manager_inst|eeprom_i2c_controller:eeprom_i2c_controller_inst|ram[17][5]                                         ; Lost fanout                                                                                      ;
; eeprom_manager:eeprom_manager_inst|eeprom_i2c_controller:eeprom_i2c_controller_inst|ram[18][5]                                         ; Lost fanout                                                                                      ;
; eeprom_manager:eeprom_manager_inst|eeprom_i2c_controller:eeprom_i2c_controller_inst|ram[19][5]                                         ; Lost fanout                                                                                      ;
; eeprom_manager:eeprom_manager_inst|eeprom_i2c_controller:eeprom_i2c_controller_inst|ram[20][5]                                         ; Lost fanout                                                                                      ;
; eeprom_manager:eeprom_manager_inst|eeprom_i2c_controller:eeprom_i2c_controller_inst|ram[21][5]                                         ; Lost fanout                                                                                      ;
; eeprom_manager:eeprom_manager_inst|eeprom_i2c_controller:eeprom_i2c_controller_inst|ram[22][5]                                         ; Lost fanout                                                                                      ;
; eeprom_manager:eeprom_manager_inst|eeprom_i2c_controller:eeprom_i2c_controller_inst|ram[23][5]                                         ; Lost fanout                                                                                      ;
; eeprom_manager:eeprom_manager_inst|eeprom_i2c_controller:eeprom_i2c_controller_inst|ram[24][5]                                         ; Lost fanout                                                                                      ;
; eeprom_manager:eeprom_manager_inst|eeprom_i2c_controller:eeprom_i2c_controller_inst|ram[25][5]                                         ; Lost fanout                                                                                      ;
; eeprom_manager:eeprom_manager_inst|eeprom_i2c_controller:eeprom_i2c_controller_inst|ram[26][5]                                         ; Lost fanout                                                                                      ;
; eeprom_manager:eeprom_manager_inst|eeprom_i2c_controller:eeprom_i2c_controller_inst|ram[27][5]                                         ; Lost fanout                                                                                      ;
; eeprom_manager:eeprom_manager_inst|eeprom_i2c_controller:eeprom_i2c_controller_inst|ram[28][5]                                         ; Lost fanout                                                                                      ;
; eeprom_manager:eeprom_manager_inst|eeprom_i2c_controller:eeprom_i2c_controller_inst|ram[29][5]                                         ; Lost fanout                                                                                      ;
; eeprom_manager:eeprom_manager_inst|eeprom_i2c_controller:eeprom_i2c_controller_inst|ram[30][5]                                         ; Lost fanout                                                                                      ;
; eeprom_manager:eeprom_manager_inst|eeprom_i2c_controller:eeprom_i2c_controller_inst|ram[31][5]                                         ; Lost fanout                                                                                      ;
; eeprom_manager:eeprom_manager_inst|eeprom_i2c_controller:eeprom_i2c_controller_inst|ram[32][5]                                         ; Lost fanout                                                                                      ;
; eeprom_manager:eeprom_manager_inst|eeprom_i2c_controller:eeprom_i2c_controller_inst|ram[33][5]                                         ; Lost fanout                                                                                      ;
; eeprom_manager:eeprom_manager_inst|eeprom_i2c_controller:eeprom_i2c_controller_inst|ram[34][5]                                         ; Lost fanout                                                                                      ;
; eeprom_manager:eeprom_manager_inst|eeprom_i2c_controller:eeprom_i2c_controller_inst|ram[35][5]                                         ; Lost fanout                                                                                      ;
; eeprom_manager:eeprom_manager_inst|eeprom_i2c_controller:eeprom_i2c_controller_inst|ram[36][5]                                         ; Lost fanout                                                                                      ;
; eeprom_manager:eeprom_manager_inst|eeprom_i2c_controller:eeprom_i2c_controller_inst|ram[37][5]                                         ; Lost fanout                                                                                      ;
; eeprom_manager:eeprom_manager_inst|eeprom_i2c_controller:eeprom_i2c_controller_inst|ram[38][5]                                         ; Lost fanout                                                                                      ;
; eeprom_manager:eeprom_manager_inst|eeprom_i2c_controller:eeprom_i2c_controller_inst|ram[39][5]                                         ; Lost fanout                                                                                      ;
; eeprom_manager:eeprom_manager_inst|eeprom_i2c_controller:eeprom_i2c_controller_inst|ram[40][5]                                         ; Lost fanout                                                                                      ;
; eeprom_manager:eeprom_manager_inst|eeprom_i2c_controller:eeprom_i2c_controller_inst|ram[41][5]                                         ; Lost fanout                                                                                      ;
; eeprom_manager:eeprom_manager_inst|eeprom_i2c_controller:eeprom_i2c_controller_inst|ram[42][5]                                         ; Lost fanout                                                                                      ;
; eeprom_manager:eeprom_manager_inst|eeprom_i2c_controller:eeprom_i2c_controller_inst|ram[43][5]                                         ; Lost fanout                                                                                      ;
; eeprom_manager:eeprom_manager_inst|eeprom_i2c_controller:eeprom_i2c_controller_inst|ram[44][5]                                         ; Lost fanout                                                                                      ;
; eeprom_manager:eeprom_manager_inst|eeprom_i2c_controller:eeprom_i2c_controller_inst|ram[45][5]                                         ; Lost fanout                                                                                      ;
; eeprom_manager:eeprom_manager_inst|eeprom_i2c_controller:eeprom_i2c_controller_inst|ram[46][5]                                         ; Lost fanout                                                                                      ;
; eeprom_manager:eeprom_manager_inst|eeprom_i2c_controller:eeprom_i2c_controller_inst|ram[47][5]                                         ; Lost fanout                                                                                      ;
; eeprom_manager:eeprom_manager_inst|eeprom_i2c_controller:eeprom_i2c_controller_inst|ram[48][5]                                         ; Lost fanout                                                                                      ;
; eeprom_manager:eeprom_manager_inst|eeprom_i2c_controller:eeprom_i2c_controller_inst|ram[49][5]                                         ; Lost fanout                                                                                      ;
; eeprom_manager:eeprom_manager_inst|eeprom_i2c_controller:eeprom_i2c_controller_inst|ram[50][5]                                         ; Lost fanout                                                                                      ;
; eeprom_manager:eeprom_manager_inst|eeprom_i2c_controller:eeprom_i2c_controller_inst|ram[51][5]                                         ; Lost fanout                                                                                      ;
; eeprom_manager:eeprom_manager_inst|eeprom_i2c_controller:eeprom_i2c_controller_inst|ram[52][5]                                         ; Lost fanout                                                                                      ;
; eeprom_manager:eeprom_manager_inst|eeprom_i2c_controller:eeprom_i2c_controller_inst|ram[53][5]                                         ; Lost fanout                                                                                      ;
; eeprom_manager:eeprom_manager_inst|eeprom_i2c_controller:eeprom_i2c_controller_inst|ram[54][5]                                         ; Lost fanout                                                                                      ;
; eeprom_manager:eeprom_manager_inst|eeprom_i2c_controller:eeprom_i2c_controller_inst|ram[55][5]                                         ; Lost fanout                                                                                      ;
; eeprom_manager:eeprom_manager_inst|eeprom_i2c_controller:eeprom_i2c_controller_inst|ram[56][5]                                         ; Lost fanout                                                                                      ;
; eeprom_manager:eeprom_manager_inst|eeprom_i2c_controller:eeprom_i2c_controller_inst|ram[57][5]                                         ; Lost fanout                                                                                      ;
; eeprom_manager:eeprom_manager_inst|eeprom_i2c_controller:eeprom_i2c_controller_inst|ram[58][5]                                         ; Lost fanout                                                                                      ;
; eeprom_manager:eeprom_manager_inst|eeprom_i2c_controller:eeprom_i2c_controller_inst|ram[59][5]                                         ; Lost fanout                                                                                      ;
; eeprom_manager:eeprom_manager_inst|eeprom_i2c_controller:eeprom_i2c_controller_inst|ram[60][5]                                         ; Lost fanout                                                                                      ;
; eeprom_manager:eeprom_manager_inst|eeprom_i2c_controller:eeprom_i2c_controller_inst|ram[61][5]                                         ; Lost fanout                                                                                      ;
; eeprom_manager:eeprom_manager_inst|eeprom_i2c_controller:eeprom_i2c_controller_inst|ram[62][5]                                         ; Lost fanout                                                                                      ;
; eeprom_manager:eeprom_manager_inst|eeprom_i2c_controller:eeprom_i2c_controller_inst|ram[63][5]                                         ; Lost fanout                                                                                      ;
; eeprom_manager:eeprom_manager_inst|eeprom_i2c_controller:eeprom_i2c_controller_inst|ram[64][5]                                         ; Lost fanout                                                                                      ;
; eeprom_manager:eeprom_manager_inst|eeprom_i2c_controller:eeprom_i2c_controller_inst|ram[65][5]                                         ; Lost fanout                                                                                      ;
; eeprom_manager:eeprom_manager_inst|eeprom_i2c_controller:eeprom_i2c_controller_inst|ram[66][5]                                         ; Lost fanout                                                                                      ;
; eeprom_manager:eeprom_manager_inst|eeprom_i2c_controller:eeprom_i2c_controller_inst|ram[67][5]                                         ; Lost fanout                                                                                      ;
; eeprom_manager:eeprom_manager_inst|eeprom_i2c_controller:eeprom_i2c_controller_inst|ram[68][5]                                         ; Lost fanout                                                                                      ;
; eeprom_manager:eeprom_manager_inst|eeprom_i2c_controller:eeprom_i2c_controller_inst|ram[69][5]                                         ; Lost fanout                                                                                      ;
; eeprom_manager:eeprom_manager_inst|eeprom_i2c_controller:eeprom_i2c_controller_inst|ram[70][5]                                         ; Lost fanout                                                                                      ;
; eeprom_manager:eeprom_manager_inst|eeprom_i2c_controller:eeprom_i2c_controller_inst|ram[71][5]                                         ; Lost fanout                                                                                      ;
; eeprom_manager:eeprom_manager_inst|eeprom_i2c_controller:eeprom_i2c_controller_inst|ram[72][5]                                         ; Lost fanout                                                                                      ;
; eeprom_manager:eeprom_manager_inst|eeprom_i2c_controller:eeprom_i2c_controller_inst|ram[73][5]                                         ; Lost fanout                                                                                      ;
; eeprom_manager:eeprom_manager_inst|eeprom_i2c_controller:eeprom_i2c_controller_inst|ram[74][5]                                         ; Lost fanout                                                                                      ;
; eeprom_manager:eeprom_manager_inst|eeprom_i2c_controller:eeprom_i2c_controller_inst|ram[75][5]                                         ; Lost fanout                                                                                      ;
; eeprom_manager:eeprom_manager_inst|eeprom_i2c_controller:eeprom_i2c_controller_inst|ram[76][5]                                         ; Lost fanout                                                                                      ;
; eeprom_manager:eeprom_manager_inst|eeprom_i2c_controller:eeprom_i2c_controller_inst|ram[77][5]                                         ; Lost fanout                                                                                      ;
; eeprom_manager:eeprom_manager_inst|eeprom_i2c_controller:eeprom_i2c_controller_inst|ram[78][5]                                         ; Lost fanout                                                                                      ;
; eeprom_manager:eeprom_manager_inst|eeprom_i2c_controller:eeprom_i2c_controller_inst|ram[79][5]                                         ; Lost fanout                                                                                      ;
; eeprom_manager:eeprom_manager_inst|eeprom_i2c_controller:eeprom_i2c_controller_inst|ram[80][5]                                         ; Lost fanout                                                                                      ;
; eeprom_manager:eeprom_manager_inst|eeprom_i2c_controller:eeprom_i2c_controller_inst|ram[81][5]                                         ; Lost fanout                                                                                      ;
; eeprom_manager:eeprom_manager_inst|eeprom_i2c_controller:eeprom_i2c_controller_inst|ram[82][5]                                         ; Lost fanout                                                                                      ;
; eeprom_manager:eeprom_manager_inst|eeprom_i2c_controller:eeprom_i2c_controller_inst|ram[83][5]                                         ; Lost fanout                                                                                      ;
; eeprom_manager:eeprom_manager_inst|eeprom_i2c_controller:eeprom_i2c_controller_inst|ram[84][5]                                         ; Lost fanout                                                                                      ;
; eeprom_manager:eeprom_manager_inst|eeprom_i2c_controller:eeprom_i2c_controller_inst|ram[85][5]                                         ; Lost fanout                                                                                      ;
; eeprom_manager:eeprom_manager_inst|eeprom_i2c_controller:eeprom_i2c_controller_inst|ram[86][5]                                         ; Lost fanout                                                                                      ;
; eeprom_manager:eeprom_manager_inst|eeprom_i2c_controller:eeprom_i2c_controller_inst|ram[87][5]                                         ; Lost fanout                                                                                      ;
; eeprom_manager:eeprom_manager_inst|eeprom_i2c_controller:eeprom_i2c_controller_inst|ram[88][5]                                         ; Lost fanout                                                                                      ;
; eeprom_manager:eeprom_manager_inst|eeprom_i2c_controller:eeprom_i2c_controller_inst|ram[89][5]                                         ; Lost fanout                                                                                      ;
; eeprom_manager:eeprom_manager_inst|eeprom_i2c_controller:eeprom_i2c_controller_inst|ram[90][5]                                         ; Lost fanout                                                                                      ;
; eeprom_manager:eeprom_manager_inst|eeprom_i2c_controller:eeprom_i2c_controller_inst|ram[91][5]                                         ; Lost fanout                                                                                      ;
; eeprom_manager:eeprom_manager_inst|eeprom_i2c_controller:eeprom_i2c_controller_inst|ram[92][5]                                         ; Lost fanout                                                                                      ;
; eeprom_manager:eeprom_manager_inst|eeprom_i2c_controller:eeprom_i2c_controller_inst|ram[93][5]                                         ; Lost fanout                                                                                      ;
; eeprom_manager:eeprom_manager_inst|eeprom_i2c_controller:eeprom_i2c_controller_inst|ram[94][5]                                         ; Lost fanout                                                                                      ;
; eeprom_manager:eeprom_manager_inst|eeprom_i2c_controller:eeprom_i2c_controller_inst|ram[95][5]                                         ; Lost fanout                                                                                      ;
; eeprom_manager:eeprom_manager_inst|eeprom_i2c_controller:eeprom_i2c_controller_inst|ram[96][5]                                         ; Lost fanout                                                                                      ;
; eeprom_manager:eeprom_manager_inst|eeprom_i2c_controller:eeprom_i2c_controller_inst|ram[97][5]                                         ; Lost fanout                                                                                      ;
; eeprom_manager:eeprom_manager_inst|eeprom_i2c_controller:eeprom_i2c_controller_inst|ram[98][5]                                         ; Lost fanout                                                                                      ;
; eeprom_manager:eeprom_manager_inst|eeprom_i2c_controller:eeprom_i2c_controller_inst|ram[99][5]                                         ; Lost fanout                                                                                      ;
; eeprom_manager:eeprom_manager_inst|eeprom_i2c_controller:eeprom_i2c_controller_inst|ram[100][5]                                        ; Lost fanout                                                                                      ;
; eeprom_manager:eeprom_manager_inst|eeprom_i2c_controller:eeprom_i2c_controller_inst|ram[101][5]                                        ; Lost fanout                                                                                      ;
; eeprom_manager:eeprom_manager_inst|eeprom_i2c_controller:eeprom_i2c_controller_inst|ram[102][5]                                        ; Lost fanout                                                                                      ;
; eeprom_manager:eeprom_manager_inst|eeprom_i2c_controller:eeprom_i2c_controller_inst|ram[103][5]                                        ; Lost fanout                                                                                      ;
; eeprom_manager:eeprom_manager_inst|eeprom_i2c_controller:eeprom_i2c_controller_inst|ram[104][5]                                        ; Lost fanout                                                                                      ;
; eeprom_manager:eeprom_manager_inst|eeprom_i2c_controller:eeprom_i2c_controller_inst|ram[105][5]                                        ; Lost fanout                                                                                      ;
; eeprom_manager:eeprom_manager_inst|eeprom_i2c_controller:eeprom_i2c_controller_inst|ram[106][5]                                        ; Lost fanout                                                                                      ;
; eeprom_manager:eeprom_manager_inst|eeprom_i2c_controller:eeprom_i2c_controller_inst|ram[107][5]                                        ; Lost fanout                                                                                      ;
; eeprom_manager:eeprom_manager_inst|eeprom_i2c_controller:eeprom_i2c_controller_inst|ram[108][5]                                        ; Lost fanout                                                                                      ;
; eeprom_manager:eeprom_manager_inst|eeprom_i2c_controller:eeprom_i2c_controller_inst|ram[109][5]                                        ; Lost fanout                                                                                      ;
; eeprom_manager:eeprom_manager_inst|eeprom_i2c_controller:eeprom_i2c_controller_inst|ram[110][5]                                        ; Lost fanout                                                                                      ;
; eeprom_manager:eeprom_manager_inst|eeprom_i2c_controller:eeprom_i2c_controller_inst|ram[111][5]                                        ; Lost fanout                                                                                      ;
; eeprom_manager:eeprom_manager_inst|eeprom_i2c_controller:eeprom_i2c_controller_inst|ram[112][5]                                        ; Lost fanout                                                                                      ;
; eeprom_manager:eeprom_manager_inst|eeprom_i2c_controller:eeprom_i2c_controller_inst|ram[113][5]                                        ; Lost fanout                                                                                      ;
; eeprom_manager:eeprom_manager_inst|eeprom_i2c_controller:eeprom_i2c_controller_inst|ram[114][5]                                        ; Lost fanout                                                                                      ;
; eeprom_manager:eeprom_manager_inst|eeprom_i2c_controller:eeprom_i2c_controller_inst|ram[115][5]                                        ; Lost fanout                                                                                      ;
; eeprom_manager:eeprom_manager_inst|eeprom_i2c_controller:eeprom_i2c_controller_inst|ram[116][5]                                        ; Lost fanout                                                                                      ;
; eeprom_manager:eeprom_manager_inst|eeprom_i2c_controller:eeprom_i2c_controller_inst|ram[117][5]                                        ; Lost fanout                                                                                      ;
; eeprom_manager:eeprom_manager_inst|eeprom_i2c_controller:eeprom_i2c_controller_inst|ram[118][5]                                        ; Lost fanout                                                                                      ;
; eeprom_manager:eeprom_manager_inst|eeprom_i2c_controller:eeprom_i2c_controller_inst|ram[119][5]                                        ; Lost fanout                                                                                      ;
; eeprom_manager:eeprom_manager_inst|eeprom_i2c_controller:eeprom_i2c_controller_inst|ram[120][5]                                        ; Lost fanout                                                                                      ;
; eeprom_manager:eeprom_manager_inst|eeprom_i2c_controller:eeprom_i2c_controller_inst|ram[121][5]                                        ; Lost fanout                                                                                      ;
; eeprom_manager:eeprom_manager_inst|eeprom_i2c_controller:eeprom_i2c_controller_inst|ram[122][5]                                        ; Lost fanout                                                                                      ;
; eeprom_manager:eeprom_manager_inst|eeprom_i2c_controller:eeprom_i2c_controller_inst|ram[123][5]                                        ; Lost fanout                                                                                      ;
; eeprom_manager:eeprom_manager_inst|eeprom_i2c_controller:eeprom_i2c_controller_inst|ram[124][5]                                        ; Lost fanout                                                                                      ;
; eeprom_manager:eeprom_manager_inst|eeprom_i2c_controller:eeprom_i2c_controller_inst|ram[125][5]                                        ; Lost fanout                                                                                      ;
; eeprom_manager:eeprom_manager_inst|eeprom_i2c_controller:eeprom_i2c_controller_inst|ram[126][5]                                        ; Lost fanout                                                                                      ;
; eeprom_manager:eeprom_manager_inst|eeprom_i2c_controller:eeprom_i2c_controller_inst|ram[127][5]                                        ; Lost fanout                                                                                      ;
; eeprom_manager:eeprom_manager_inst|eeprom_i2c_controller:eeprom_i2c_controller_inst|ram[128][5]                                        ; Lost fanout                                                                                      ;
; eeprom_manager:eeprom_manager_inst|eeprom_i2c_controller:eeprom_i2c_controller_inst|ram[129][5]                                        ; Lost fanout                                                                                      ;
; eeprom_manager:eeprom_manager_inst|eeprom_i2c_controller:eeprom_i2c_controller_inst|ram[130][5]                                        ; Lost fanout                                                                                      ;
; eeprom_manager:eeprom_manager_inst|eeprom_i2c_controller:eeprom_i2c_controller_inst|ram[131][5]                                        ; Lost fanout                                                                                      ;
; eeprom_manager:eeprom_manager_inst|eeprom_i2c_controller:eeprom_i2c_controller_inst|ram[132][5]                                        ; Lost fanout                                                                                      ;
; eeprom_manager:eeprom_manager_inst|eeprom_i2c_controller:eeprom_i2c_controller_inst|ram[133][5]                                        ; Lost fanout                                                                                      ;
; eeprom_manager:eeprom_manager_inst|eeprom_i2c_controller:eeprom_i2c_controller_inst|ram[134][5]                                        ; Lost fanout                                                                                      ;
; eeprom_manager:eeprom_manager_inst|eeprom_i2c_controller:eeprom_i2c_controller_inst|ram[135][5]                                        ; Lost fanout                                                                                      ;
; eeprom_manager:eeprom_manager_inst|eeprom_i2c_controller:eeprom_i2c_controller_inst|ram[136][5]                                        ; Lost fanout                                                                                      ;
; eeprom_manager:eeprom_manager_inst|eeprom_i2c_controller:eeprom_i2c_controller_inst|ram[137][5]                                        ; Lost fanout                                                                                      ;
; eeprom_manager:eeprom_manager_inst|eeprom_i2c_controller:eeprom_i2c_controller_inst|ram[138][5]                                        ; Lost fanout                                                                                      ;
; eeprom_manager:eeprom_manager_inst|eeprom_i2c_controller:eeprom_i2c_controller_inst|ram[139][5]                                        ; Lost fanout                                                                                      ;
; eeprom_manager:eeprom_manager_inst|eeprom_i2c_controller:eeprom_i2c_controller_inst|ram[140][5]                                        ; Lost fanout                                                                                      ;
; eeprom_manager:eeprom_manager_inst|eeprom_i2c_controller:eeprom_i2c_controller_inst|ram[141][5]                                        ; Lost fanout                                                                                      ;
; eeprom_manager:eeprom_manager_inst|eeprom_i2c_controller:eeprom_i2c_controller_inst|ram[142][5]                                        ; Lost fanout                                                                                      ;
; eeprom_manager:eeprom_manager_inst|eeprom_i2c_controller:eeprom_i2c_controller_inst|ram[143][5]                                        ; Lost fanout                                                                                      ;
; eeprom_manager:eeprom_manager_inst|eeprom_i2c_controller:eeprom_i2c_controller_inst|ram[144][5]                                        ; Lost fanout                                                                                      ;
; eeprom_manager:eeprom_manager_inst|eeprom_i2c_controller:eeprom_i2c_controller_inst|ram[145][5]                                        ; Lost fanout                                                                                      ;
; eeprom_manager:eeprom_manager_inst|eeprom_i2c_controller:eeprom_i2c_controller_inst|ram[146][5]                                        ; Lost fanout                                                                                      ;
; eeprom_manager:eeprom_manager_inst|eeprom_i2c_controller:eeprom_i2c_controller_inst|ram[147][5]                                        ; Lost fanout                                                                                      ;
; eeprom_manager:eeprom_manager_inst|eeprom_i2c_controller:eeprom_i2c_controller_inst|ram[148][5]                                        ; Lost fanout                                                                                      ;
; eeprom_manager:eeprom_manager_inst|eeprom_i2c_controller:eeprom_i2c_controller_inst|ram[149][5]                                        ; Lost fanout                                                                                      ;
; eeprom_manager:eeprom_manager_inst|eeprom_i2c_controller:eeprom_i2c_controller_inst|ram[150][5]                                        ; Lost fanout                                                                                      ;
; eeprom_manager:eeprom_manager_inst|eeprom_i2c_controller:eeprom_i2c_controller_inst|ram[151][5]                                        ; Lost fanout                                                                                      ;
; eeprom_manager:eeprom_manager_inst|eeprom_i2c_controller:eeprom_i2c_controller_inst|ram[152][5]                                        ; Lost fanout                                                                                      ;
; eeprom_manager:eeprom_manager_inst|eeprom_i2c_controller:eeprom_i2c_controller_inst|ram[153][5]                                        ; Lost fanout                                                                                      ;
; eeprom_manager:eeprom_manager_inst|eeprom_i2c_controller:eeprom_i2c_controller_inst|ram[154][5]                                        ; Lost fanout                                                                                      ;
; eeprom_manager:eeprom_manager_inst|eeprom_i2c_controller:eeprom_i2c_controller_inst|ram[155][5]                                        ; Lost fanout                                                                                      ;
; eeprom_manager:eeprom_manager_inst|eeprom_i2c_controller:eeprom_i2c_controller_inst|ram[156][5]                                        ; Lost fanout                                                                                      ;
; eeprom_manager:eeprom_manager_inst|eeprom_i2c_controller:eeprom_i2c_controller_inst|ram[157][5]                                        ; Lost fanout                                                                                      ;
; eeprom_manager:eeprom_manager_inst|eeprom_i2c_controller:eeprom_i2c_controller_inst|ram[158][5]                                        ; Lost fanout                                                                                      ;
; eeprom_manager:eeprom_manager_inst|eeprom_i2c_controller:eeprom_i2c_controller_inst|ram[159][5]                                        ; Lost fanout                                                                                      ;
; eeprom_manager:eeprom_manager_inst|eeprom_i2c_controller:eeprom_i2c_controller_inst|ram[160][5]                                        ; Lost fanout                                                                                      ;
; eeprom_manager:eeprom_manager_inst|eeprom_i2c_controller:eeprom_i2c_controller_inst|ram[161][5]                                        ; Lost fanout                                                                                      ;
; eeprom_manager:eeprom_manager_inst|eeprom_i2c_controller:eeprom_i2c_controller_inst|ram[162][5]                                        ; Lost fanout                                                                                      ;
; eeprom_manager:eeprom_manager_inst|eeprom_i2c_controller:eeprom_i2c_controller_inst|ram[163][5]                                        ; Lost fanout                                                                                      ;
; eeprom_manager:eeprom_manager_inst|eeprom_i2c_controller:eeprom_i2c_controller_inst|ram[164][5]                                        ; Lost fanout                                                                                      ;
; eeprom_manager:eeprom_manager_inst|eeprom_i2c_controller:eeprom_i2c_controller_inst|ram[165][5]                                        ; Lost fanout                                                                                      ;
; eeprom_manager:eeprom_manager_inst|eeprom_i2c_controller:eeprom_i2c_controller_inst|ram[166][5]                                        ; Lost fanout                                                                                      ;
; eeprom_manager:eeprom_manager_inst|eeprom_i2c_controller:eeprom_i2c_controller_inst|ram[167][5]                                        ; Lost fanout                                                                                      ;
; eeprom_manager:eeprom_manager_inst|eeprom_i2c_controller:eeprom_i2c_controller_inst|ram[168][5]                                        ; Lost fanout                                                                                      ;
; eeprom_manager:eeprom_manager_inst|eeprom_i2c_controller:eeprom_i2c_controller_inst|ram[169][5]                                        ; Lost fanout                                                                                      ;
; eeprom_manager:eeprom_manager_inst|eeprom_i2c_controller:eeprom_i2c_controller_inst|ram[170][5]                                        ; Lost fanout                                                                                      ;
; eeprom_manager:eeprom_manager_inst|eeprom_i2c_controller:eeprom_i2c_controller_inst|ram[171][5]                                        ; Lost fanout                                                                                      ;
; eeprom_manager:eeprom_manager_inst|eeprom_i2c_controller:eeprom_i2c_controller_inst|ram[172][5]                                        ; Lost fanout                                                                                      ;
; eeprom_manager:eeprom_manager_inst|eeprom_i2c_controller:eeprom_i2c_controller_inst|ram[173][5]                                        ; Lost fanout                                                                                      ;
; eeprom_manager:eeprom_manager_inst|eeprom_i2c_controller:eeprom_i2c_controller_inst|ram[174][5]                                        ; Lost fanout                                                                                      ;
; eeprom_manager:eeprom_manager_inst|eeprom_i2c_controller:eeprom_i2c_controller_inst|ram[175][5]                                        ; Lost fanout                                                                                      ;
; eeprom_manager:eeprom_manager_inst|eeprom_i2c_controller:eeprom_i2c_controller_inst|ram[176][5]                                        ; Lost fanout                                                                                      ;
; eeprom_manager:eeprom_manager_inst|eeprom_i2c_controller:eeprom_i2c_controller_inst|ram[177][5]                                        ; Lost fanout                                                                                      ;
; eeprom_manager:eeprom_manager_inst|eeprom_i2c_controller:eeprom_i2c_controller_inst|ram[178][5]                                        ; Lost fanout                                                                                      ;
; eeprom_manager:eeprom_manager_inst|eeprom_i2c_controller:eeprom_i2c_controller_inst|ram[179][5]                                        ; Lost fanout                                                                                      ;
; eeprom_manager:eeprom_manager_inst|eeprom_i2c_controller:eeprom_i2c_controller_inst|ram[180][5]                                        ; Lost fanout                                                                                      ;
; eeprom_manager:eeprom_manager_inst|eeprom_i2c_controller:eeprom_i2c_controller_inst|ram[181][5]                                        ; Lost fanout                                                                                      ;
; eeprom_manager:eeprom_manager_inst|eeprom_i2c_controller:eeprom_i2c_controller_inst|ram[182][5]                                        ; Lost fanout                                                                                      ;
; eeprom_manager:eeprom_manager_inst|eeprom_i2c_controller:eeprom_i2c_controller_inst|ram[183][5]                                        ; Lost fanout                                                                                      ;
; eeprom_manager:eeprom_manager_inst|eeprom_i2c_controller:eeprom_i2c_controller_inst|ram[184][5]                                        ; Lost fanout                                                                                      ;
; eeprom_manager:eeprom_manager_inst|eeprom_i2c_controller:eeprom_i2c_controller_inst|ram[185][5]                                        ; Lost fanout                                                                                      ;
; eeprom_manager:eeprom_manager_inst|eeprom_i2c_controller:eeprom_i2c_controller_inst|ram[186][5]                                        ; Lost fanout                                                                                      ;
; eeprom_manager:eeprom_manager_inst|eeprom_i2c_controller:eeprom_i2c_controller_inst|ram[187][5]                                        ; Lost fanout                                                                                      ;
; eeprom_manager:eeprom_manager_inst|eeprom_i2c_controller:eeprom_i2c_controller_inst|ram[188][5]                                        ; Lost fanout                                                                                      ;
; eeprom_manager:eeprom_manager_inst|eeprom_i2c_controller:eeprom_i2c_controller_inst|ram[189][5]                                        ; Lost fanout                                                                                      ;
; eeprom_manager:eeprom_manager_inst|eeprom_i2c_controller:eeprom_i2c_controller_inst|ram[190][5]                                        ; Lost fanout                                                                                      ;
; eeprom_manager:eeprom_manager_inst|eeprom_i2c_controller:eeprom_i2c_controller_inst|ram[191][5]                                        ; Lost fanout                                                                                      ;
; eeprom_manager:eeprom_manager_inst|eeprom_i2c_controller:eeprom_i2c_controller_inst|ram[192][5]                                        ; Lost fanout                                                                                      ;
; eeprom_manager:eeprom_manager_inst|eeprom_i2c_controller:eeprom_i2c_controller_inst|ram[193][5]                                        ; Lost fanout                                                                                      ;
; eeprom_manager:eeprom_manager_inst|eeprom_i2c_controller:eeprom_i2c_controller_inst|ram[194][5]                                        ; Lost fanout                                                                                      ;
; eeprom_manager:eeprom_manager_inst|eeprom_i2c_controller:eeprom_i2c_controller_inst|ram[195][5]                                        ; Lost fanout                                                                                      ;
; eeprom_manager:eeprom_manager_inst|eeprom_i2c_controller:eeprom_i2c_controller_inst|ram[196][5]                                        ; Lost fanout                                                                                      ;
; eeprom_manager:eeprom_manager_inst|eeprom_i2c_controller:eeprom_i2c_controller_inst|ram[197][5]                                        ; Lost fanout                                                                                      ;
; eeprom_manager:eeprom_manager_inst|eeprom_i2c_controller:eeprom_i2c_controller_inst|ram[198][5]                                        ; Lost fanout                                                                                      ;
; eeprom_manager:eeprom_manager_inst|eeprom_i2c_controller:eeprom_i2c_controller_inst|ram[199][5]                                        ; Lost fanout                                                                                      ;
; eeprom_manager:eeprom_manager_inst|eeprom_i2c_controller:eeprom_i2c_controller_inst|ram[200][5]                                        ; Lost fanout                                                                                      ;
; eeprom_manager:eeprom_manager_inst|eeprom_i2c_controller:eeprom_i2c_controller_inst|ram[201][5]                                        ; Lost fanout                                                                                      ;
; eeprom_manager:eeprom_manager_inst|eeprom_i2c_controller:eeprom_i2c_controller_inst|ram[202][5]                                        ; Lost fanout                                                                                      ;
; eeprom_manager:eeprom_manager_inst|eeprom_i2c_controller:eeprom_i2c_controller_inst|ram[203][5]                                        ; Lost fanout                                                                                      ;
; eeprom_manager:eeprom_manager_inst|eeprom_i2c_controller:eeprom_i2c_controller_inst|ram[204][5]                                        ; Lost fanout                                                                                      ;
; eeprom_manager:eeprom_manager_inst|eeprom_i2c_controller:eeprom_i2c_controller_inst|ram[205][5]                                        ; Lost fanout                                                                                      ;
; eeprom_manager:eeprom_manager_inst|eeprom_i2c_controller:eeprom_i2c_controller_inst|ram[206][5]                                        ; Lost fanout                                                                                      ;
; eeprom_manager:eeprom_manager_inst|eeprom_i2c_controller:eeprom_i2c_controller_inst|ram[207][5]                                        ; Lost fanout                                                                                      ;
; eeprom_manager:eeprom_manager_inst|eeprom_i2c_controller:eeprom_i2c_controller_inst|ram[208][5]                                        ; Lost fanout                                                                                      ;
; eeprom_manager:eeprom_manager_inst|eeprom_i2c_controller:eeprom_i2c_controller_inst|ram[209][5]                                        ; Lost fanout                                                                                      ;
; eeprom_manager:eeprom_manager_inst|eeprom_i2c_controller:eeprom_i2c_controller_inst|ram[210][5]                                        ; Lost fanout                                                                                      ;
; eeprom_manager:eeprom_manager_inst|eeprom_i2c_controller:eeprom_i2c_controller_inst|ram[211][5]                                        ; Lost fanout                                                                                      ;
; eeprom_manager:eeprom_manager_inst|eeprom_i2c_controller:eeprom_i2c_controller_inst|ram[212][5]                                        ; Lost fanout                                                                                      ;
; eeprom_manager:eeprom_manager_inst|eeprom_i2c_controller:eeprom_i2c_controller_inst|ram[213][5]                                        ; Lost fanout                                                                                      ;
; eeprom_manager:eeprom_manager_inst|eeprom_i2c_controller:eeprom_i2c_controller_inst|ram[214][5]                                        ; Lost fanout                                                                                      ;
; eeprom_manager:eeprom_manager_inst|eeprom_i2c_controller:eeprom_i2c_controller_inst|ram[215][5]                                        ; Lost fanout                                                                                      ;
; eeprom_manager:eeprom_manager_inst|eeprom_i2c_controller:eeprom_i2c_controller_inst|ram[216][5]                                        ; Lost fanout                                                                                      ;
; eeprom_manager:eeprom_manager_inst|eeprom_i2c_controller:eeprom_i2c_controller_inst|ram[217][5]                                        ; Lost fanout                                                                                      ;
; eeprom_manager:eeprom_manager_inst|eeprom_i2c_controller:eeprom_i2c_controller_inst|ram[218][5]                                        ; Lost fanout                                                                                      ;
; eeprom_manager:eeprom_manager_inst|eeprom_i2c_controller:eeprom_i2c_controller_inst|ram[219][5]                                        ; Lost fanout                                                                                      ;
; eeprom_manager:eeprom_manager_inst|eeprom_i2c_controller:eeprom_i2c_controller_inst|ram[220][5]                                        ; Lost fanout                                                                                      ;
; eeprom_manager:eeprom_manager_inst|eeprom_i2c_controller:eeprom_i2c_controller_inst|ram[221][5]                                        ; Lost fanout                                                                                      ;
; eeprom_manager:eeprom_manager_inst|eeprom_i2c_controller:eeprom_i2c_controller_inst|ram[222][5]                                        ; Lost fanout                                                                                      ;
; eeprom_manager:eeprom_manager_inst|eeprom_i2c_controller:eeprom_i2c_controller_inst|ram[223][5]                                        ; Lost fanout                                                                                      ;
; eeprom_manager:eeprom_manager_inst|eeprom_i2c_controller:eeprom_i2c_controller_inst|ram[224][5]                                        ; Lost fanout                                                                                      ;
; eeprom_manager:eeprom_manager_inst|eeprom_i2c_controller:eeprom_i2c_controller_inst|ram[225][5]                                        ; Lost fanout                                                                                      ;
; eeprom_manager:eeprom_manager_inst|eeprom_i2c_controller:eeprom_i2c_controller_inst|ram[226][5]                                        ; Lost fanout                                                                                      ;
; eeprom_manager:eeprom_manager_inst|eeprom_i2c_controller:eeprom_i2c_controller_inst|ram[227][5]                                        ; Lost fanout                                                                                      ;
; eeprom_manager:eeprom_manager_inst|eeprom_i2c_controller:eeprom_i2c_controller_inst|ram[228][5]                                        ; Lost fanout                                                                                      ;
; eeprom_manager:eeprom_manager_inst|eeprom_i2c_controller:eeprom_i2c_controller_inst|ram[229][5]                                        ; Lost fanout                                                                                      ;
; eeprom_manager:eeprom_manager_inst|eeprom_i2c_controller:eeprom_i2c_controller_inst|ram[230][5]                                        ; Lost fanout                                                                                      ;
; eeprom_manager:eeprom_manager_inst|eeprom_i2c_controller:eeprom_i2c_controller_inst|ram[231][5]                                        ; Lost fanout                                                                                      ;
; eeprom_manager:eeprom_manager_inst|eeprom_i2c_controller:eeprom_i2c_controller_inst|ram[232][5]                                        ; Lost fanout                                                                                      ;
; eeprom_manager:eeprom_manager_inst|eeprom_i2c_controller:eeprom_i2c_controller_inst|ram[233][5]                                        ; Lost fanout                                                                                      ;
; eeprom_manager:eeprom_manager_inst|eeprom_i2c_controller:eeprom_i2c_controller_inst|ram[234][5]                                        ; Lost fanout                                                                                      ;
; eeprom_manager:eeprom_manager_inst|eeprom_i2c_controller:eeprom_i2c_controller_inst|ram[235][5]                                        ; Lost fanout                                                                                      ;
; eeprom_manager:eeprom_manager_inst|eeprom_i2c_controller:eeprom_i2c_controller_inst|ram[236][5]                                        ; Lost fanout                                                                                      ;
; eeprom_manager:eeprom_manager_inst|eeprom_i2c_controller:eeprom_i2c_controller_inst|ram[237][5]                                        ; Lost fanout                                                                                      ;
; eeprom_manager:eeprom_manager_inst|eeprom_i2c_controller:eeprom_i2c_controller_inst|ram[238][5]                                        ; Lost fanout                                                                                      ;
; eeprom_manager:eeprom_manager_inst|eeprom_i2c_controller:eeprom_i2c_controller_inst|ram[239][5]                                        ; Lost fanout                                                                                      ;
; eeprom_manager:eeprom_manager_inst|eeprom_i2c_controller:eeprom_i2c_controller_inst|ram[240][5]                                        ; Lost fanout                                                                                      ;
; eeprom_manager:eeprom_manager_inst|eeprom_i2c_controller:eeprom_i2c_controller_inst|ram[241][5]                                        ; Lost fanout                                                                                      ;
; eeprom_manager:eeprom_manager_inst|eeprom_i2c_controller:eeprom_i2c_controller_inst|ram[242][5]                                        ; Lost fanout                                                                                      ;
; eeprom_manager:eeprom_manager_inst|eeprom_i2c_controller:eeprom_i2c_controller_inst|ram[243][5]                                        ; Lost fanout                                                                                      ;
; eeprom_manager:eeprom_manager_inst|eeprom_i2c_controller:eeprom_i2c_controller_inst|ram[244][5]                                        ; Lost fanout                                                                                      ;
; eeprom_manager:eeprom_manager_inst|eeprom_i2c_controller:eeprom_i2c_controller_inst|ram[245][5]                                        ; Lost fanout                                                                                      ;
; eeprom_manager:eeprom_manager_inst|eeprom_i2c_controller:eeprom_i2c_controller_inst|ram[246][5]                                        ; Lost fanout                                                                                      ;
; eeprom_manager:eeprom_manager_inst|eeprom_i2c_controller:eeprom_i2c_controller_inst|ram[247][5]                                        ; Lost fanout                                                                                      ;
; eeprom_manager:eeprom_manager_inst|eeprom_i2c_controller:eeprom_i2c_controller_inst|ram[248][5]                                        ; Lost fanout                                                                                      ;
; eeprom_manager:eeprom_manager_inst|eeprom_i2c_controller:eeprom_i2c_controller_inst|ram[249][5]                                        ; Lost fanout                                                                                      ;
; eeprom_manager:eeprom_manager_inst|eeprom_i2c_controller:eeprom_i2c_controller_inst|ram[250][5]                                        ; Lost fanout                                                                                      ;
; eeprom_manager:eeprom_manager_inst|eeprom_i2c_controller:eeprom_i2c_controller_inst|ram[251][5]                                        ; Lost fanout                                                                                      ;
; eeprom_manager:eeprom_manager_inst|eeprom_i2c_controller:eeprom_i2c_controller_inst|ram[252][5]                                        ; Lost fanout                                                                                      ;
; eeprom_manager:eeprom_manager_inst|eeprom_i2c_controller:eeprom_i2c_controller_inst|ram[253][5]                                        ; Lost fanout                                                                                      ;
; eeprom_manager:eeprom_manager_inst|eeprom_i2c_controller:eeprom_i2c_controller_inst|ram[254][5]                                        ; Lost fanout                                                                                      ;
; eeprom_manager:eeprom_manager_inst|eeprom_i2c_controller:eeprom_i2c_controller_inst|ram[255][5]                                        ; Lost fanout                                                                                      ;
; eeprom_manager:eeprom_manager_inst|eeprom_i2c_controller:eeprom_i2c_controller_inst|ram[1][6]                                          ; Lost fanout                                                                                      ;
; eeprom_manager:eeprom_manager_inst|eeprom_i2c_controller:eeprom_i2c_controller_inst|ram[2][6]                                          ; Lost fanout                                                                                      ;
; eeprom_manager:eeprom_manager_inst|eeprom_i2c_controller:eeprom_i2c_controller_inst|ram[3][6]                                          ; Lost fanout                                                                                      ;
; eeprom_manager:eeprom_manager_inst|eeprom_i2c_controller:eeprom_i2c_controller_inst|ram[4][6]                                          ; Lost fanout                                                                                      ;
; eeprom_manager:eeprom_manager_inst|eeprom_i2c_controller:eeprom_i2c_controller_inst|ram[5][6]                                          ; Lost fanout                                                                                      ;
; eeprom_manager:eeprom_manager_inst|eeprom_i2c_controller:eeprom_i2c_controller_inst|ram[6][6]                                          ; Lost fanout                                                                                      ;
; eeprom_manager:eeprom_manager_inst|eeprom_i2c_controller:eeprom_i2c_controller_inst|ram[7][6]                                          ; Lost fanout                                                                                      ;
; eeprom_manager:eeprom_manager_inst|eeprom_i2c_controller:eeprom_i2c_controller_inst|ram[8][6]                                          ; Lost fanout                                                                                      ;
; eeprom_manager:eeprom_manager_inst|eeprom_i2c_controller:eeprom_i2c_controller_inst|ram[9][6]                                          ; Lost fanout                                                                                      ;
; eeprom_manager:eeprom_manager_inst|eeprom_i2c_controller:eeprom_i2c_controller_inst|ram[10][6]                                         ; Lost fanout                                                                                      ;
; eeprom_manager:eeprom_manager_inst|eeprom_i2c_controller:eeprom_i2c_controller_inst|ram[11][6]                                         ; Lost fanout                                                                                      ;
; eeprom_manager:eeprom_manager_inst|eeprom_i2c_controller:eeprom_i2c_controller_inst|ram[12][6]                                         ; Lost fanout                                                                                      ;
; eeprom_manager:eeprom_manager_inst|eeprom_i2c_controller:eeprom_i2c_controller_inst|ram[13][6]                                         ; Lost fanout                                                                                      ;
; eeprom_manager:eeprom_manager_inst|eeprom_i2c_controller:eeprom_i2c_controller_inst|ram[14][6]                                         ; Lost fanout                                                                                      ;
; eeprom_manager:eeprom_manager_inst|eeprom_i2c_controller:eeprom_i2c_controller_inst|ram[15][6]                                         ; Lost fanout                                                                                      ;
; eeprom_manager:eeprom_manager_inst|eeprom_i2c_controller:eeprom_i2c_controller_inst|ram[16][6]                                         ; Lost fanout                                                                                      ;
; eeprom_manager:eeprom_manager_inst|eeprom_i2c_controller:eeprom_i2c_controller_inst|ram[17][6]                                         ; Lost fanout                                                                                      ;
; eeprom_manager:eeprom_manager_inst|eeprom_i2c_controller:eeprom_i2c_controller_inst|ram[18][6]                                         ; Lost fanout                                                                                      ;
; eeprom_manager:eeprom_manager_inst|eeprom_i2c_controller:eeprom_i2c_controller_inst|ram[19][6]                                         ; Lost fanout                                                                                      ;
; eeprom_manager:eeprom_manager_inst|eeprom_i2c_controller:eeprom_i2c_controller_inst|ram[20][6]                                         ; Lost fanout                                                                                      ;
; eeprom_manager:eeprom_manager_inst|eeprom_i2c_controller:eeprom_i2c_controller_inst|ram[21][6]                                         ; Lost fanout                                                                                      ;
; eeprom_manager:eeprom_manager_inst|eeprom_i2c_controller:eeprom_i2c_controller_inst|ram[22][6]                                         ; Lost fanout                                                                                      ;
; eeprom_manager:eeprom_manager_inst|eeprom_i2c_controller:eeprom_i2c_controller_inst|ram[23][6]                                         ; Lost fanout                                                                                      ;
; eeprom_manager:eeprom_manager_inst|eeprom_i2c_controller:eeprom_i2c_controller_inst|ram[24][6]                                         ; Lost fanout                                                                                      ;
; eeprom_manager:eeprom_manager_inst|eeprom_i2c_controller:eeprom_i2c_controller_inst|ram[25][6]                                         ; Lost fanout                                                                                      ;
; eeprom_manager:eeprom_manager_inst|eeprom_i2c_controller:eeprom_i2c_controller_inst|ram[26][6]                                         ; Lost fanout                                                                                      ;
; eeprom_manager:eeprom_manager_inst|eeprom_i2c_controller:eeprom_i2c_controller_inst|ram[27][6]                                         ; Lost fanout                                                                                      ;
; eeprom_manager:eeprom_manager_inst|eeprom_i2c_controller:eeprom_i2c_controller_inst|ram[28][6]                                         ; Lost fanout                                                                                      ;
; eeprom_manager:eeprom_manager_inst|eeprom_i2c_controller:eeprom_i2c_controller_inst|ram[29][6]                                         ; Lost fanout                                                                                      ;
; eeprom_manager:eeprom_manager_inst|eeprom_i2c_controller:eeprom_i2c_controller_inst|ram[30][6]                                         ; Lost fanout                                                                                      ;
; eeprom_manager:eeprom_manager_inst|eeprom_i2c_controller:eeprom_i2c_controller_inst|ram[31][6]                                         ; Lost fanout                                                                                      ;
; eeprom_manager:eeprom_manager_inst|eeprom_i2c_controller:eeprom_i2c_controller_inst|ram[32][6]                                         ; Lost fanout                                                                                      ;
; eeprom_manager:eeprom_manager_inst|eeprom_i2c_controller:eeprom_i2c_controller_inst|ram[33][6]                                         ; Lost fanout                                                                                      ;
; eeprom_manager:eeprom_manager_inst|eeprom_i2c_controller:eeprom_i2c_controller_inst|ram[34][6]                                         ; Lost fanout                                                                                      ;
; eeprom_manager:eeprom_manager_inst|eeprom_i2c_controller:eeprom_i2c_controller_inst|ram[35][6]                                         ; Lost fanout                                                                                      ;
; eeprom_manager:eeprom_manager_inst|eeprom_i2c_controller:eeprom_i2c_controller_inst|ram[36][6]                                         ; Lost fanout                                                                                      ;
; eeprom_manager:eeprom_manager_inst|eeprom_i2c_controller:eeprom_i2c_controller_inst|ram[37][6]                                         ; Lost fanout                                                                                      ;
; eeprom_manager:eeprom_manager_inst|eeprom_i2c_controller:eeprom_i2c_controller_inst|ram[38][6]                                         ; Lost fanout                                                                                      ;
; eeprom_manager:eeprom_manager_inst|eeprom_i2c_controller:eeprom_i2c_controller_inst|ram[39][6]                                         ; Lost fanout                                                                                      ;
; eeprom_manager:eeprom_manager_inst|eeprom_i2c_controller:eeprom_i2c_controller_inst|ram[40][6]                                         ; Lost fanout                                                                                      ;
; eeprom_manager:eeprom_manager_inst|eeprom_i2c_controller:eeprom_i2c_controller_inst|ram[41][6]                                         ; Lost fanout                                                                                      ;
; eeprom_manager:eeprom_manager_inst|eeprom_i2c_controller:eeprom_i2c_controller_inst|ram[42][6]                                         ; Lost fanout                                                                                      ;
; eeprom_manager:eeprom_manager_inst|eeprom_i2c_controller:eeprom_i2c_controller_inst|ram[43][6]                                         ; Lost fanout                                                                                      ;
; eeprom_manager:eeprom_manager_inst|eeprom_i2c_controller:eeprom_i2c_controller_inst|ram[44][6]                                         ; Lost fanout                                                                                      ;
; eeprom_manager:eeprom_manager_inst|eeprom_i2c_controller:eeprom_i2c_controller_inst|ram[45][6]                                         ; Lost fanout                                                                                      ;
; eeprom_manager:eeprom_manager_inst|eeprom_i2c_controller:eeprom_i2c_controller_inst|ram[46][6]                                         ; Lost fanout                                                                                      ;
; eeprom_manager:eeprom_manager_inst|eeprom_i2c_controller:eeprom_i2c_controller_inst|ram[47][6]                                         ; Lost fanout                                                                                      ;
; eeprom_manager:eeprom_manager_inst|eeprom_i2c_controller:eeprom_i2c_controller_inst|ram[48][6]                                         ; Lost fanout                                                                                      ;
; eeprom_manager:eeprom_manager_inst|eeprom_i2c_controller:eeprom_i2c_controller_inst|ram[49][6]                                         ; Lost fanout                                                                                      ;
; eeprom_manager:eeprom_manager_inst|eeprom_i2c_controller:eeprom_i2c_controller_inst|ram[50][6]                                         ; Lost fanout                                                                                      ;
; eeprom_manager:eeprom_manager_inst|eeprom_i2c_controller:eeprom_i2c_controller_inst|ram[51][6]                                         ; Lost fanout                                                                                      ;
; eeprom_manager:eeprom_manager_inst|eeprom_i2c_controller:eeprom_i2c_controller_inst|ram[52][6]                                         ; Lost fanout                                                                                      ;
; eeprom_manager:eeprom_manager_inst|eeprom_i2c_controller:eeprom_i2c_controller_inst|ram[53][6]                                         ; Lost fanout                                                                                      ;
; eeprom_manager:eeprom_manager_inst|eeprom_i2c_controller:eeprom_i2c_controller_inst|ram[54][6]                                         ; Lost fanout                                                                                      ;
; eeprom_manager:eeprom_manager_inst|eeprom_i2c_controller:eeprom_i2c_controller_inst|ram[55][6]                                         ; Lost fanout                                                                                      ;
; eeprom_manager:eeprom_manager_inst|eeprom_i2c_controller:eeprom_i2c_controller_inst|ram[56][6]                                         ; Lost fanout                                                                                      ;
; eeprom_manager:eeprom_manager_inst|eeprom_i2c_controller:eeprom_i2c_controller_inst|ram[57][6]                                         ; Lost fanout                                                                                      ;
; eeprom_manager:eeprom_manager_inst|eeprom_i2c_controller:eeprom_i2c_controller_inst|ram[58][6]                                         ; Lost fanout                                                                                      ;
; eeprom_manager:eeprom_manager_inst|eeprom_i2c_controller:eeprom_i2c_controller_inst|ram[59][6]                                         ; Lost fanout                                                                                      ;
; eeprom_manager:eeprom_manager_inst|eeprom_i2c_controller:eeprom_i2c_controller_inst|ram[60][6]                                         ; Lost fanout                                                                                      ;
; eeprom_manager:eeprom_manager_inst|eeprom_i2c_controller:eeprom_i2c_controller_inst|ram[61][6]                                         ; Lost fanout                                                                                      ;
; eeprom_manager:eeprom_manager_inst|eeprom_i2c_controller:eeprom_i2c_controller_inst|ram[62][6]                                         ; Lost fanout                                                                                      ;
; eeprom_manager:eeprom_manager_inst|eeprom_i2c_controller:eeprom_i2c_controller_inst|ram[63][6]                                         ; Lost fanout                                                                                      ;
; eeprom_manager:eeprom_manager_inst|eeprom_i2c_controller:eeprom_i2c_controller_inst|ram[64][6]                                         ; Lost fanout                                                                                      ;
; eeprom_manager:eeprom_manager_inst|eeprom_i2c_controller:eeprom_i2c_controller_inst|ram[65][6]                                         ; Lost fanout                                                                                      ;
; eeprom_manager:eeprom_manager_inst|eeprom_i2c_controller:eeprom_i2c_controller_inst|ram[66][6]                                         ; Lost fanout                                                                                      ;
; eeprom_manager:eeprom_manager_inst|eeprom_i2c_controller:eeprom_i2c_controller_inst|ram[67][6]                                         ; Lost fanout                                                                                      ;
; eeprom_manager:eeprom_manager_inst|eeprom_i2c_controller:eeprom_i2c_controller_inst|ram[68][6]                                         ; Lost fanout                                                                                      ;
; eeprom_manager:eeprom_manager_inst|eeprom_i2c_controller:eeprom_i2c_controller_inst|ram[69][6]                                         ; Lost fanout                                                                                      ;
; eeprom_manager:eeprom_manager_inst|eeprom_i2c_controller:eeprom_i2c_controller_inst|ram[70][6]                                         ; Lost fanout                                                                                      ;
; eeprom_manager:eeprom_manager_inst|eeprom_i2c_controller:eeprom_i2c_controller_inst|ram[71][6]                                         ; Lost fanout                                                                                      ;
; eeprom_manager:eeprom_manager_inst|eeprom_i2c_controller:eeprom_i2c_controller_inst|ram[72][6]                                         ; Lost fanout                                                                                      ;
; eeprom_manager:eeprom_manager_inst|eeprom_i2c_controller:eeprom_i2c_controller_inst|ram[73][6]                                         ; Lost fanout                                                                                      ;
; eeprom_manager:eeprom_manager_inst|eeprom_i2c_controller:eeprom_i2c_controller_inst|ram[74][6]                                         ; Lost fanout                                                                                      ;
; eeprom_manager:eeprom_manager_inst|eeprom_i2c_controller:eeprom_i2c_controller_inst|ram[75][6]                                         ; Lost fanout                                                                                      ;
; eeprom_manager:eeprom_manager_inst|eeprom_i2c_controller:eeprom_i2c_controller_inst|ram[76][6]                                         ; Lost fanout                                                                                      ;
; eeprom_manager:eeprom_manager_inst|eeprom_i2c_controller:eeprom_i2c_controller_inst|ram[77][6]                                         ; Lost fanout                                                                                      ;
; eeprom_manager:eeprom_manager_inst|eeprom_i2c_controller:eeprom_i2c_controller_inst|ram[78][6]                                         ; Lost fanout                                                                                      ;
; eeprom_manager:eeprom_manager_inst|eeprom_i2c_controller:eeprom_i2c_controller_inst|ram[79][6]                                         ; Lost fanout                                                                                      ;
; eeprom_manager:eeprom_manager_inst|eeprom_i2c_controller:eeprom_i2c_controller_inst|ram[80][6]                                         ; Lost fanout                                                                                      ;
; eeprom_manager:eeprom_manager_inst|eeprom_i2c_controller:eeprom_i2c_controller_inst|ram[81][6]                                         ; Lost fanout                                                                                      ;
; eeprom_manager:eeprom_manager_inst|eeprom_i2c_controller:eeprom_i2c_controller_inst|ram[82][6]                                         ; Lost fanout                                                                                      ;
; eeprom_manager:eeprom_manager_inst|eeprom_i2c_controller:eeprom_i2c_controller_inst|ram[83][6]                                         ; Lost fanout                                                                                      ;
; eeprom_manager:eeprom_manager_inst|eeprom_i2c_controller:eeprom_i2c_controller_inst|ram[84][6]                                         ; Lost fanout                                                                                      ;
; eeprom_manager:eeprom_manager_inst|eeprom_i2c_controller:eeprom_i2c_controller_inst|ram[85][6]                                         ; Lost fanout                                                                                      ;
; eeprom_manager:eeprom_manager_inst|eeprom_i2c_controller:eeprom_i2c_controller_inst|ram[86][6]                                         ; Lost fanout                                                                                      ;
; eeprom_manager:eeprom_manager_inst|eeprom_i2c_controller:eeprom_i2c_controller_inst|ram[87][6]                                         ; Lost fanout                                                                                      ;
; eeprom_manager:eeprom_manager_inst|eeprom_i2c_controller:eeprom_i2c_controller_inst|ram[88][6]                                         ; Lost fanout                                                                                      ;
; eeprom_manager:eeprom_manager_inst|eeprom_i2c_controller:eeprom_i2c_controller_inst|ram[89][6]                                         ; Lost fanout                                                                                      ;
; eeprom_manager:eeprom_manager_inst|eeprom_i2c_controller:eeprom_i2c_controller_inst|ram[90][6]                                         ; Lost fanout                                                                                      ;
; eeprom_manager:eeprom_manager_inst|eeprom_i2c_controller:eeprom_i2c_controller_inst|ram[91][6]                                         ; Lost fanout                                                                                      ;
; eeprom_manager:eeprom_manager_inst|eeprom_i2c_controller:eeprom_i2c_controller_inst|ram[92][6]                                         ; Lost fanout                                                                                      ;
; eeprom_manager:eeprom_manager_inst|eeprom_i2c_controller:eeprom_i2c_controller_inst|ram[93][6]                                         ; Lost fanout                                                                                      ;
; eeprom_manager:eeprom_manager_inst|eeprom_i2c_controller:eeprom_i2c_controller_inst|ram[94][6]                                         ; Lost fanout                                                                                      ;
; eeprom_manager:eeprom_manager_inst|eeprom_i2c_controller:eeprom_i2c_controller_inst|ram[95][6]                                         ; Lost fanout                                                                                      ;
; eeprom_manager:eeprom_manager_inst|eeprom_i2c_controller:eeprom_i2c_controller_inst|ram[96][6]                                         ; Lost fanout                                                                                      ;
; eeprom_manager:eeprom_manager_inst|eeprom_i2c_controller:eeprom_i2c_controller_inst|ram[97][6]                                         ; Lost fanout                                                                                      ;
; eeprom_manager:eeprom_manager_inst|eeprom_i2c_controller:eeprom_i2c_controller_inst|ram[98][6]                                         ; Lost fanout                                                                                      ;
; eeprom_manager:eeprom_manager_inst|eeprom_i2c_controller:eeprom_i2c_controller_inst|ram[99][6]                                         ; Lost fanout                                                                                      ;
; eeprom_manager:eeprom_manager_inst|eeprom_i2c_controller:eeprom_i2c_controller_inst|ram[100][6]                                        ; Lost fanout                                                                                      ;
; eeprom_manager:eeprom_manager_inst|eeprom_i2c_controller:eeprom_i2c_controller_inst|ram[101][6]                                        ; Lost fanout                                                                                      ;
; eeprom_manager:eeprom_manager_inst|eeprom_i2c_controller:eeprom_i2c_controller_inst|ram[102][6]                                        ; Lost fanout                                                                                      ;
; eeprom_manager:eeprom_manager_inst|eeprom_i2c_controller:eeprom_i2c_controller_inst|ram[103][6]                                        ; Lost fanout                                                                                      ;
; eeprom_manager:eeprom_manager_inst|eeprom_i2c_controller:eeprom_i2c_controller_inst|ram[104][6]                                        ; Lost fanout                                                                                      ;
; eeprom_manager:eeprom_manager_inst|eeprom_i2c_controller:eeprom_i2c_controller_inst|ram[105][6]                                        ; Lost fanout                                                                                      ;
; eeprom_manager:eeprom_manager_inst|eeprom_i2c_controller:eeprom_i2c_controller_inst|ram[106][6]                                        ; Lost fanout                                                                                      ;
; eeprom_manager:eeprom_manager_inst|eeprom_i2c_controller:eeprom_i2c_controller_inst|ram[107][6]                                        ; Lost fanout                                                                                      ;
; eeprom_manager:eeprom_manager_inst|eeprom_i2c_controller:eeprom_i2c_controller_inst|ram[108][6]                                        ; Lost fanout                                                                                      ;
; eeprom_manager:eeprom_manager_inst|eeprom_i2c_controller:eeprom_i2c_controller_inst|ram[109][6]                                        ; Lost fanout                                                                                      ;
; eeprom_manager:eeprom_manager_inst|eeprom_i2c_controller:eeprom_i2c_controller_inst|ram[110][6]                                        ; Lost fanout                                                                                      ;
; eeprom_manager:eeprom_manager_inst|eeprom_i2c_controller:eeprom_i2c_controller_inst|ram[111][6]                                        ; Lost fanout                                                                                      ;
; eeprom_manager:eeprom_manager_inst|eeprom_i2c_controller:eeprom_i2c_controller_inst|ram[112][6]                                        ; Lost fanout                                                                                      ;
; eeprom_manager:eeprom_manager_inst|eeprom_i2c_controller:eeprom_i2c_controller_inst|ram[113][6]                                        ; Lost fanout                                                                                      ;
; eeprom_manager:eeprom_manager_inst|eeprom_i2c_controller:eeprom_i2c_controller_inst|ram[114][6]                                        ; Lost fanout                                                                                      ;
; eeprom_manager:eeprom_manager_inst|eeprom_i2c_controller:eeprom_i2c_controller_inst|ram[115][6]                                        ; Lost fanout                                                                                      ;
; eeprom_manager:eeprom_manager_inst|eeprom_i2c_controller:eeprom_i2c_controller_inst|ram[116][6]                                        ; Lost fanout                                                                                      ;
; eeprom_manager:eeprom_manager_inst|eeprom_i2c_controller:eeprom_i2c_controller_inst|ram[117][6]                                        ; Lost fanout                                                                                      ;
; eeprom_manager:eeprom_manager_inst|eeprom_i2c_controller:eeprom_i2c_controller_inst|ram[118][6]                                        ; Lost fanout                                                                                      ;
; eeprom_manager:eeprom_manager_inst|eeprom_i2c_controller:eeprom_i2c_controller_inst|ram[119][6]                                        ; Lost fanout                                                                                      ;
; eeprom_manager:eeprom_manager_inst|eeprom_i2c_controller:eeprom_i2c_controller_inst|ram[120][6]                                        ; Lost fanout                                                                                      ;
; eeprom_manager:eeprom_manager_inst|eeprom_i2c_controller:eeprom_i2c_controller_inst|ram[121][6]                                        ; Lost fanout                                                                                      ;
; eeprom_manager:eeprom_manager_inst|eeprom_i2c_controller:eeprom_i2c_controller_inst|ram[122][6]                                        ; Lost fanout                                                                                      ;
; eeprom_manager:eeprom_manager_inst|eeprom_i2c_controller:eeprom_i2c_controller_inst|ram[123][6]                                        ; Lost fanout                                                                                      ;
; eeprom_manager:eeprom_manager_inst|eeprom_i2c_controller:eeprom_i2c_controller_inst|ram[124][6]                                        ; Lost fanout                                                                                      ;
; eeprom_manager:eeprom_manager_inst|eeprom_i2c_controller:eeprom_i2c_controller_inst|ram[125][6]                                        ; Lost fanout                                                                                      ;
; eeprom_manager:eeprom_manager_inst|eeprom_i2c_controller:eeprom_i2c_controller_inst|ram[126][6]                                        ; Lost fanout                                                                                      ;
; eeprom_manager:eeprom_manager_inst|eeprom_i2c_controller:eeprom_i2c_controller_inst|ram[127][6]                                        ; Lost fanout                                                                                      ;
; eeprom_manager:eeprom_manager_inst|eeprom_i2c_controller:eeprom_i2c_controller_inst|ram[128][6]                                        ; Lost fanout                                                                                      ;
; eeprom_manager:eeprom_manager_inst|eeprom_i2c_controller:eeprom_i2c_controller_inst|ram[129][6]                                        ; Lost fanout                                                                                      ;
; eeprom_manager:eeprom_manager_inst|eeprom_i2c_controller:eeprom_i2c_controller_inst|ram[130][6]                                        ; Lost fanout                                                                                      ;
; eeprom_manager:eeprom_manager_inst|eeprom_i2c_controller:eeprom_i2c_controller_inst|ram[131][6]                                        ; Lost fanout                                                                                      ;
; eeprom_manager:eeprom_manager_inst|eeprom_i2c_controller:eeprom_i2c_controller_inst|ram[132][6]                                        ; Lost fanout                                                                                      ;
; eeprom_manager:eeprom_manager_inst|eeprom_i2c_controller:eeprom_i2c_controller_inst|ram[133][6]                                        ; Lost fanout                                                                                      ;
; eeprom_manager:eeprom_manager_inst|eeprom_i2c_controller:eeprom_i2c_controller_inst|ram[134][6]                                        ; Lost fanout                                                                                      ;
; eeprom_manager:eeprom_manager_inst|eeprom_i2c_controller:eeprom_i2c_controller_inst|ram[135][6]                                        ; Lost fanout                                                                                      ;
; eeprom_manager:eeprom_manager_inst|eeprom_i2c_controller:eeprom_i2c_controller_inst|ram[136][6]                                        ; Lost fanout                                                                                      ;
; eeprom_manager:eeprom_manager_inst|eeprom_i2c_controller:eeprom_i2c_controller_inst|ram[137][6]                                        ; Lost fanout                                                                                      ;
; eeprom_manager:eeprom_manager_inst|eeprom_i2c_controller:eeprom_i2c_controller_inst|ram[138][6]                                        ; Lost fanout                                                                                      ;
; eeprom_manager:eeprom_manager_inst|eeprom_i2c_controller:eeprom_i2c_controller_inst|ram[139][6]                                        ; Lost fanout                                                                                      ;
; eeprom_manager:eeprom_manager_inst|eeprom_i2c_controller:eeprom_i2c_controller_inst|ram[140][6]                                        ; Lost fanout                                                                                      ;
; eeprom_manager:eeprom_manager_inst|eeprom_i2c_controller:eeprom_i2c_controller_inst|ram[141][6]                                        ; Lost fanout                                                                                      ;
; eeprom_manager:eeprom_manager_inst|eeprom_i2c_controller:eeprom_i2c_controller_inst|ram[142][6]                                        ; Lost fanout                                                                                      ;
; eeprom_manager:eeprom_manager_inst|eeprom_i2c_controller:eeprom_i2c_controller_inst|ram[143][6]                                        ; Lost fanout                                                                                      ;
; eeprom_manager:eeprom_manager_inst|eeprom_i2c_controller:eeprom_i2c_controller_inst|ram[144][6]                                        ; Lost fanout                                                                                      ;
; eeprom_manager:eeprom_manager_inst|eeprom_i2c_controller:eeprom_i2c_controller_inst|ram[145][6]                                        ; Lost fanout                                                                                      ;
; eeprom_manager:eeprom_manager_inst|eeprom_i2c_controller:eeprom_i2c_controller_inst|ram[146][6]                                        ; Lost fanout                                                                                      ;
; eeprom_manager:eeprom_manager_inst|eeprom_i2c_controller:eeprom_i2c_controller_inst|ram[147][6]                                        ; Lost fanout                                                                                      ;
; eeprom_manager:eeprom_manager_inst|eeprom_i2c_controller:eeprom_i2c_controller_inst|ram[148][6]                                        ; Lost fanout                                                                                      ;
; eeprom_manager:eeprom_manager_inst|eeprom_i2c_controller:eeprom_i2c_controller_inst|ram[149][6]                                        ; Lost fanout                                                                                      ;
; eeprom_manager:eeprom_manager_inst|eeprom_i2c_controller:eeprom_i2c_controller_inst|ram[150][6]                                        ; Lost fanout                                                                                      ;
; eeprom_manager:eeprom_manager_inst|eeprom_i2c_controller:eeprom_i2c_controller_inst|ram[151][6]                                        ; Lost fanout                                                                                      ;
; eeprom_manager:eeprom_manager_inst|eeprom_i2c_controller:eeprom_i2c_controller_inst|ram[152][6]                                        ; Lost fanout                                                                                      ;
; eeprom_manager:eeprom_manager_inst|eeprom_i2c_controller:eeprom_i2c_controller_inst|ram[153][6]                                        ; Lost fanout                                                                                      ;
; eeprom_manager:eeprom_manager_inst|eeprom_i2c_controller:eeprom_i2c_controller_inst|ram[154][6]                                        ; Lost fanout                                                                                      ;
; eeprom_manager:eeprom_manager_inst|eeprom_i2c_controller:eeprom_i2c_controller_inst|ram[155][6]                                        ; Lost fanout                                                                                      ;
; eeprom_manager:eeprom_manager_inst|eeprom_i2c_controller:eeprom_i2c_controller_inst|ram[156][6]                                        ; Lost fanout                                                                                      ;
; eeprom_manager:eeprom_manager_inst|eeprom_i2c_controller:eeprom_i2c_controller_inst|ram[157][6]                                        ; Lost fanout                                                                                      ;
; eeprom_manager:eeprom_manager_inst|eeprom_i2c_controller:eeprom_i2c_controller_inst|ram[158][6]                                        ; Lost fanout                                                                                      ;
; eeprom_manager:eeprom_manager_inst|eeprom_i2c_controller:eeprom_i2c_controller_inst|ram[159][6]                                        ; Lost fanout                                                                                      ;
; eeprom_manager:eeprom_manager_inst|eeprom_i2c_controller:eeprom_i2c_controller_inst|ram[160][6]                                        ; Lost fanout                                                                                      ;
; eeprom_manager:eeprom_manager_inst|eeprom_i2c_controller:eeprom_i2c_controller_inst|ram[161][6]                                        ; Lost fanout                                                                                      ;
; eeprom_manager:eeprom_manager_inst|eeprom_i2c_controller:eeprom_i2c_controller_inst|ram[162][6]                                        ; Lost fanout                                                                                      ;
; eeprom_manager:eeprom_manager_inst|eeprom_i2c_controller:eeprom_i2c_controller_inst|ram[163][6]                                        ; Lost fanout                                                                                      ;
; eeprom_manager:eeprom_manager_inst|eeprom_i2c_controller:eeprom_i2c_controller_inst|ram[164][6]                                        ; Lost fanout                                                                                      ;
; eeprom_manager:eeprom_manager_inst|eeprom_i2c_controller:eeprom_i2c_controller_inst|ram[165][6]                                        ; Lost fanout                                                                                      ;
; eeprom_manager:eeprom_manager_inst|eeprom_i2c_controller:eeprom_i2c_controller_inst|ram[166][6]                                        ; Lost fanout                                                                                      ;
; eeprom_manager:eeprom_manager_inst|eeprom_i2c_controller:eeprom_i2c_controller_inst|ram[167][6]                                        ; Lost fanout                                                                                      ;
; eeprom_manager:eeprom_manager_inst|eeprom_i2c_controller:eeprom_i2c_controller_inst|ram[168][6]                                        ; Lost fanout                                                                                      ;
; eeprom_manager:eeprom_manager_inst|eeprom_i2c_controller:eeprom_i2c_controller_inst|ram[169][6]                                        ; Lost fanout                                                                                      ;
; eeprom_manager:eeprom_manager_inst|eeprom_i2c_controller:eeprom_i2c_controller_inst|ram[170][6]                                        ; Lost fanout                                                                                      ;
; eeprom_manager:eeprom_manager_inst|eeprom_i2c_controller:eeprom_i2c_controller_inst|ram[171][6]                                        ; Lost fanout                                                                                      ;
; eeprom_manager:eeprom_manager_inst|eeprom_i2c_controller:eeprom_i2c_controller_inst|ram[172][6]                                        ; Lost fanout                                                                                      ;
; eeprom_manager:eeprom_manager_inst|eeprom_i2c_controller:eeprom_i2c_controller_inst|ram[173][6]                                        ; Lost fanout                                                                                      ;
; eeprom_manager:eeprom_manager_inst|eeprom_i2c_controller:eeprom_i2c_controller_inst|ram[174][6]                                        ; Lost fanout                                                                                      ;
; eeprom_manager:eeprom_manager_inst|eeprom_i2c_controller:eeprom_i2c_controller_inst|ram[175][6]                                        ; Lost fanout                                                                                      ;
; eeprom_manager:eeprom_manager_inst|eeprom_i2c_controller:eeprom_i2c_controller_inst|ram[176][6]                                        ; Lost fanout                                                                                      ;
; eeprom_manager:eeprom_manager_inst|eeprom_i2c_controller:eeprom_i2c_controller_inst|ram[177][6]                                        ; Lost fanout                                                                                      ;
; eeprom_manager:eeprom_manager_inst|eeprom_i2c_controller:eeprom_i2c_controller_inst|ram[178][6]                                        ; Lost fanout                                                                                      ;
; eeprom_manager:eeprom_manager_inst|eeprom_i2c_controller:eeprom_i2c_controller_inst|ram[179][6]                                        ; Lost fanout                                                                                      ;
; eeprom_manager:eeprom_manager_inst|eeprom_i2c_controller:eeprom_i2c_controller_inst|ram[180][6]                                        ; Lost fanout                                                                                      ;
; eeprom_manager:eeprom_manager_inst|eeprom_i2c_controller:eeprom_i2c_controller_inst|ram[181][6]                                        ; Lost fanout                                                                                      ;
; eeprom_manager:eeprom_manager_inst|eeprom_i2c_controller:eeprom_i2c_controller_inst|ram[182][6]                                        ; Lost fanout                                                                                      ;
; eeprom_manager:eeprom_manager_inst|eeprom_i2c_controller:eeprom_i2c_controller_inst|ram[183][6]                                        ; Lost fanout                                                                                      ;
; eeprom_manager:eeprom_manager_inst|eeprom_i2c_controller:eeprom_i2c_controller_inst|ram[184][6]                                        ; Lost fanout                                                                                      ;
; eeprom_manager:eeprom_manager_inst|eeprom_i2c_controller:eeprom_i2c_controller_inst|ram[185][6]                                        ; Lost fanout                                                                                      ;
; eeprom_manager:eeprom_manager_inst|eeprom_i2c_controller:eeprom_i2c_controller_inst|ram[186][6]                                        ; Lost fanout                                                                                      ;
; eeprom_manager:eeprom_manager_inst|eeprom_i2c_controller:eeprom_i2c_controller_inst|ram[187][6]                                        ; Lost fanout                                                                                      ;
; eeprom_manager:eeprom_manager_inst|eeprom_i2c_controller:eeprom_i2c_controller_inst|ram[188][6]                                        ; Lost fanout                                                                                      ;
; eeprom_manager:eeprom_manager_inst|eeprom_i2c_controller:eeprom_i2c_controller_inst|ram[189][6]                                        ; Lost fanout                                                                                      ;
; eeprom_manager:eeprom_manager_inst|eeprom_i2c_controller:eeprom_i2c_controller_inst|ram[190][6]                                        ; Lost fanout                                                                                      ;
; eeprom_manager:eeprom_manager_inst|eeprom_i2c_controller:eeprom_i2c_controller_inst|ram[191][6]                                        ; Lost fanout                                                                                      ;
; eeprom_manager:eeprom_manager_inst|eeprom_i2c_controller:eeprom_i2c_controller_inst|ram[192][6]                                        ; Lost fanout                                                                                      ;
; eeprom_manager:eeprom_manager_inst|eeprom_i2c_controller:eeprom_i2c_controller_inst|ram[193][6]                                        ; Lost fanout                                                                                      ;
; eeprom_manager:eeprom_manager_inst|eeprom_i2c_controller:eeprom_i2c_controller_inst|ram[194][6]                                        ; Lost fanout                                                                                      ;
; eeprom_manager:eeprom_manager_inst|eeprom_i2c_controller:eeprom_i2c_controller_inst|ram[195][6]                                        ; Lost fanout                                                                                      ;
; eeprom_manager:eeprom_manager_inst|eeprom_i2c_controller:eeprom_i2c_controller_inst|ram[196][6]                                        ; Lost fanout                                                                                      ;
; eeprom_manager:eeprom_manager_inst|eeprom_i2c_controller:eeprom_i2c_controller_inst|ram[197][6]                                        ; Lost fanout                                                                                      ;
; eeprom_manager:eeprom_manager_inst|eeprom_i2c_controller:eeprom_i2c_controller_inst|ram[198][6]                                        ; Lost fanout                                                                                      ;
; eeprom_manager:eeprom_manager_inst|eeprom_i2c_controller:eeprom_i2c_controller_inst|ram[199][6]                                        ; Lost fanout                                                                                      ;
; eeprom_manager:eeprom_manager_inst|eeprom_i2c_controller:eeprom_i2c_controller_inst|ram[200][6]                                        ; Lost fanout                                                                                      ;
; eeprom_manager:eeprom_manager_inst|eeprom_i2c_controller:eeprom_i2c_controller_inst|ram[201][6]                                        ; Lost fanout                                                                                      ;
; eeprom_manager:eeprom_manager_inst|eeprom_i2c_controller:eeprom_i2c_controller_inst|ram[202][6]                                        ; Lost fanout                                                                                      ;
; eeprom_manager:eeprom_manager_inst|eeprom_i2c_controller:eeprom_i2c_controller_inst|ram[203][6]                                        ; Lost fanout                                                                                      ;
; eeprom_manager:eeprom_manager_inst|eeprom_i2c_controller:eeprom_i2c_controller_inst|ram[204][6]                                        ; Lost fanout                                                                                      ;
; eeprom_manager:eeprom_manager_inst|eeprom_i2c_controller:eeprom_i2c_controller_inst|ram[205][6]                                        ; Lost fanout                                                                                      ;
; eeprom_manager:eeprom_manager_inst|eeprom_i2c_controller:eeprom_i2c_controller_inst|ram[206][6]                                        ; Lost fanout                                                                                      ;
; eeprom_manager:eeprom_manager_inst|eeprom_i2c_controller:eeprom_i2c_controller_inst|ram[207][6]                                        ; Lost fanout                                                                                      ;
; eeprom_manager:eeprom_manager_inst|eeprom_i2c_controller:eeprom_i2c_controller_inst|ram[208][6]                                        ; Lost fanout                                                                                      ;
; eeprom_manager:eeprom_manager_inst|eeprom_i2c_controller:eeprom_i2c_controller_inst|ram[209][6]                                        ; Lost fanout                                                                                      ;
; eeprom_manager:eeprom_manager_inst|eeprom_i2c_controller:eeprom_i2c_controller_inst|ram[210][6]                                        ; Lost fanout                                                                                      ;
; eeprom_manager:eeprom_manager_inst|eeprom_i2c_controller:eeprom_i2c_controller_inst|ram[211][6]                                        ; Lost fanout                                                                                      ;
; eeprom_manager:eeprom_manager_inst|eeprom_i2c_controller:eeprom_i2c_controller_inst|ram[212][6]                                        ; Lost fanout                                                                                      ;
; eeprom_manager:eeprom_manager_inst|eeprom_i2c_controller:eeprom_i2c_controller_inst|ram[213][6]                                        ; Lost fanout                                                                                      ;
; eeprom_manager:eeprom_manager_inst|eeprom_i2c_controller:eeprom_i2c_controller_inst|ram[214][6]                                        ; Lost fanout                                                                                      ;
; eeprom_manager:eeprom_manager_inst|eeprom_i2c_controller:eeprom_i2c_controller_inst|ram[215][6]                                        ; Lost fanout                                                                                      ;
; eeprom_manager:eeprom_manager_inst|eeprom_i2c_controller:eeprom_i2c_controller_inst|ram[216][6]                                        ; Lost fanout                                                                                      ;
; eeprom_manager:eeprom_manager_inst|eeprom_i2c_controller:eeprom_i2c_controller_inst|ram[217][6]                                        ; Lost fanout                                                                                      ;
; eeprom_manager:eeprom_manager_inst|eeprom_i2c_controller:eeprom_i2c_controller_inst|ram[218][6]                                        ; Lost fanout                                                                                      ;
; eeprom_manager:eeprom_manager_inst|eeprom_i2c_controller:eeprom_i2c_controller_inst|ram[219][6]                                        ; Lost fanout                                                                                      ;
; eeprom_manager:eeprom_manager_inst|eeprom_i2c_controller:eeprom_i2c_controller_inst|ram[220][6]                                        ; Lost fanout                                                                                      ;
; eeprom_manager:eeprom_manager_inst|eeprom_i2c_controller:eeprom_i2c_controller_inst|ram[221][6]                                        ; Lost fanout                                                                                      ;
; eeprom_manager:eeprom_manager_inst|eeprom_i2c_controller:eeprom_i2c_controller_inst|ram[222][6]                                        ; Lost fanout                                                                                      ;
; eeprom_manager:eeprom_manager_inst|eeprom_i2c_controller:eeprom_i2c_controller_inst|ram[223][6]                                        ; Lost fanout                                                                                      ;
; eeprom_manager:eeprom_manager_inst|eeprom_i2c_controller:eeprom_i2c_controller_inst|ram[224][6]                                        ; Lost fanout                                                                                      ;
; eeprom_manager:eeprom_manager_inst|eeprom_i2c_controller:eeprom_i2c_controller_inst|ram[225][6]                                        ; Lost fanout                                                                                      ;
; eeprom_manager:eeprom_manager_inst|eeprom_i2c_controller:eeprom_i2c_controller_inst|ram[226][6]                                        ; Lost fanout                                                                                      ;
; eeprom_manager:eeprom_manager_inst|eeprom_i2c_controller:eeprom_i2c_controller_inst|ram[227][6]                                        ; Lost fanout                                                                                      ;
; eeprom_manager:eeprom_manager_inst|eeprom_i2c_controller:eeprom_i2c_controller_inst|ram[228][6]                                        ; Lost fanout                                                                                      ;
; eeprom_manager:eeprom_manager_inst|eeprom_i2c_controller:eeprom_i2c_controller_inst|ram[229][6]                                        ; Lost fanout                                                                                      ;
; eeprom_manager:eeprom_manager_inst|eeprom_i2c_controller:eeprom_i2c_controller_inst|ram[230][6]                                        ; Lost fanout                                                                                      ;
; eeprom_manager:eeprom_manager_inst|eeprom_i2c_controller:eeprom_i2c_controller_inst|ram[231][6]                                        ; Lost fanout                                                                                      ;
; eeprom_manager:eeprom_manager_inst|eeprom_i2c_controller:eeprom_i2c_controller_inst|ram[232][6]                                        ; Lost fanout                                                                                      ;
; eeprom_manager:eeprom_manager_inst|eeprom_i2c_controller:eeprom_i2c_controller_inst|ram[233][6]                                        ; Lost fanout                                                                                      ;
; eeprom_manager:eeprom_manager_inst|eeprom_i2c_controller:eeprom_i2c_controller_inst|ram[234][6]                                        ; Lost fanout                                                                                      ;
; eeprom_manager:eeprom_manager_inst|eeprom_i2c_controller:eeprom_i2c_controller_inst|ram[235][6]                                        ; Lost fanout                                                                                      ;
; eeprom_manager:eeprom_manager_inst|eeprom_i2c_controller:eeprom_i2c_controller_inst|ram[236][6]                                        ; Lost fanout                                                                                      ;
; eeprom_manager:eeprom_manager_inst|eeprom_i2c_controller:eeprom_i2c_controller_inst|ram[237][6]                                        ; Lost fanout                                                                                      ;
; eeprom_manager:eeprom_manager_inst|eeprom_i2c_controller:eeprom_i2c_controller_inst|ram[238][6]                                        ; Lost fanout                                                                                      ;
; eeprom_manager:eeprom_manager_inst|eeprom_i2c_controller:eeprom_i2c_controller_inst|ram[239][6]                                        ; Lost fanout                                                                                      ;
; eeprom_manager:eeprom_manager_inst|eeprom_i2c_controller:eeprom_i2c_controller_inst|ram[240][6]                                        ; Lost fanout                                                                                      ;
; eeprom_manager:eeprom_manager_inst|eeprom_i2c_controller:eeprom_i2c_controller_inst|ram[241][6]                                        ; Lost fanout                                                                                      ;
; eeprom_manager:eeprom_manager_inst|eeprom_i2c_controller:eeprom_i2c_controller_inst|ram[242][6]                                        ; Lost fanout                                                                                      ;
; eeprom_manager:eeprom_manager_inst|eeprom_i2c_controller:eeprom_i2c_controller_inst|ram[243][6]                                        ; Lost fanout                                                                                      ;
; eeprom_manager:eeprom_manager_inst|eeprom_i2c_controller:eeprom_i2c_controller_inst|ram[244][6]                                        ; Lost fanout                                                                                      ;
; eeprom_manager:eeprom_manager_inst|eeprom_i2c_controller:eeprom_i2c_controller_inst|ram[245][6]                                        ; Lost fanout                                                                                      ;
; eeprom_manager:eeprom_manager_inst|eeprom_i2c_controller:eeprom_i2c_controller_inst|ram[246][6]                                        ; Lost fanout                                                                                      ;
; eeprom_manager:eeprom_manager_inst|eeprom_i2c_controller:eeprom_i2c_controller_inst|ram[247][6]                                        ; Lost fanout                                                                                      ;
; eeprom_manager:eeprom_manager_inst|eeprom_i2c_controller:eeprom_i2c_controller_inst|ram[248][6]                                        ; Lost fanout                                                                                      ;
; eeprom_manager:eeprom_manager_inst|eeprom_i2c_controller:eeprom_i2c_controller_inst|ram[249][6]                                        ; Lost fanout                                                                                      ;
; eeprom_manager:eeprom_manager_inst|eeprom_i2c_controller:eeprom_i2c_controller_inst|ram[250][6]                                        ; Lost fanout                                                                                      ;
; eeprom_manager:eeprom_manager_inst|eeprom_i2c_controller:eeprom_i2c_controller_inst|ram[251][6]                                        ; Lost fanout                                                                                      ;
; eeprom_manager:eeprom_manager_inst|eeprom_i2c_controller:eeprom_i2c_controller_inst|ram[252][6]                                        ; Lost fanout                                                                                      ;
; eeprom_manager:eeprom_manager_inst|eeprom_i2c_controller:eeprom_i2c_controller_inst|ram[253][6]                                        ; Lost fanout                                                                                      ;
; eeprom_manager:eeprom_manager_inst|eeprom_i2c_controller:eeprom_i2c_controller_inst|ram[254][6]                                        ; Lost fanout                                                                                      ;
; eeprom_manager:eeprom_manager_inst|eeprom_i2c_controller:eeprom_i2c_controller_inst|ram[255][6]                                        ; Lost fanout                                                                                      ;
; eeprom_manager:eeprom_manager_inst|eeprom_i2c_controller:eeprom_i2c_controller_inst|ram[1][7]                                          ; Lost fanout                                                                                      ;
; eeprom_manager:eeprom_manager_inst|eeprom_i2c_controller:eeprom_i2c_controller_inst|ram[2][7]                                          ; Lost fanout                                                                                      ;
; eeprom_manager:eeprom_manager_inst|eeprom_i2c_controller:eeprom_i2c_controller_inst|ram[3][7]                                          ; Lost fanout                                                                                      ;
; eeprom_manager:eeprom_manager_inst|eeprom_i2c_controller:eeprom_i2c_controller_inst|ram[4][7]                                          ; Lost fanout                                                                                      ;
; eeprom_manager:eeprom_manager_inst|eeprom_i2c_controller:eeprom_i2c_controller_inst|ram[5][7]                                          ; Lost fanout                                                                                      ;
; eeprom_manager:eeprom_manager_inst|eeprom_i2c_controller:eeprom_i2c_controller_inst|ram[6][7]                                          ; Lost fanout                                                                                      ;
; eeprom_manager:eeprom_manager_inst|eeprom_i2c_controller:eeprom_i2c_controller_inst|ram[7][7]                                          ; Lost fanout                                                                                      ;
; eeprom_manager:eeprom_manager_inst|eeprom_i2c_controller:eeprom_i2c_controller_inst|ram[8][7]                                          ; Lost fanout                                                                                      ;
; eeprom_manager:eeprom_manager_inst|eeprom_i2c_controller:eeprom_i2c_controller_inst|ram[9][7]                                          ; Lost fanout                                                                                      ;
; eeprom_manager:eeprom_manager_inst|eeprom_i2c_controller:eeprom_i2c_controller_inst|ram[10][7]                                         ; Lost fanout                                                                                      ;
; eeprom_manager:eeprom_manager_inst|eeprom_i2c_controller:eeprom_i2c_controller_inst|ram[11][7]                                         ; Lost fanout                                                                                      ;
; eeprom_manager:eeprom_manager_inst|eeprom_i2c_controller:eeprom_i2c_controller_inst|ram[12][7]                                         ; Lost fanout                                                                                      ;
; eeprom_manager:eeprom_manager_inst|eeprom_i2c_controller:eeprom_i2c_controller_inst|ram[13][7]                                         ; Lost fanout                                                                                      ;
; eeprom_manager:eeprom_manager_inst|eeprom_i2c_controller:eeprom_i2c_controller_inst|ram[14][7]                                         ; Lost fanout                                                                                      ;
; eeprom_manager:eeprom_manager_inst|eeprom_i2c_controller:eeprom_i2c_controller_inst|ram[15][7]                                         ; Lost fanout                                                                                      ;
; eeprom_manager:eeprom_manager_inst|eeprom_i2c_controller:eeprom_i2c_controller_inst|ram[16][7]                                         ; Lost fanout                                                                                      ;
; eeprom_manager:eeprom_manager_inst|eeprom_i2c_controller:eeprom_i2c_controller_inst|ram[17][7]                                         ; Lost fanout                                                                                      ;
; eeprom_manager:eeprom_manager_inst|eeprom_i2c_controller:eeprom_i2c_controller_inst|ram[18][7]                                         ; Lost fanout                                                                                      ;
; eeprom_manager:eeprom_manager_inst|eeprom_i2c_controller:eeprom_i2c_controller_inst|ram[19][7]                                         ; Lost fanout                                                                                      ;
; eeprom_manager:eeprom_manager_inst|eeprom_i2c_controller:eeprom_i2c_controller_inst|ram[20][7]                                         ; Lost fanout                                                                                      ;
; eeprom_manager:eeprom_manager_inst|eeprom_i2c_controller:eeprom_i2c_controller_inst|ram[21][7]                                         ; Lost fanout                                                                                      ;
; eeprom_manager:eeprom_manager_inst|eeprom_i2c_controller:eeprom_i2c_controller_inst|ram[22][7]                                         ; Lost fanout                                                                                      ;
; eeprom_manager:eeprom_manager_inst|eeprom_i2c_controller:eeprom_i2c_controller_inst|ram[23][7]                                         ; Lost fanout                                                                                      ;
; eeprom_manager:eeprom_manager_inst|eeprom_i2c_controller:eeprom_i2c_controller_inst|ram[24][7]                                         ; Lost fanout                                                                                      ;
; eeprom_manager:eeprom_manager_inst|eeprom_i2c_controller:eeprom_i2c_controller_inst|ram[25][7]                                         ; Lost fanout                                                                                      ;
; eeprom_manager:eeprom_manager_inst|eeprom_i2c_controller:eeprom_i2c_controller_inst|ram[26][7]                                         ; Lost fanout                                                                                      ;
; eeprom_manager:eeprom_manager_inst|eeprom_i2c_controller:eeprom_i2c_controller_inst|ram[27][7]                                         ; Lost fanout                                                                                      ;
; eeprom_manager:eeprom_manager_inst|eeprom_i2c_controller:eeprom_i2c_controller_inst|ram[28][7]                                         ; Lost fanout                                                                                      ;
; eeprom_manager:eeprom_manager_inst|eeprom_i2c_controller:eeprom_i2c_controller_inst|ram[29][7]                                         ; Lost fanout                                                                                      ;
; eeprom_manager:eeprom_manager_inst|eeprom_i2c_controller:eeprom_i2c_controller_inst|ram[30][7]                                         ; Lost fanout                                                                                      ;
; eeprom_manager:eeprom_manager_inst|eeprom_i2c_controller:eeprom_i2c_controller_inst|ram[31][7]                                         ; Lost fanout                                                                                      ;
; eeprom_manager:eeprom_manager_inst|eeprom_i2c_controller:eeprom_i2c_controller_inst|ram[32][7]                                         ; Lost fanout                                                                                      ;
; eeprom_manager:eeprom_manager_inst|eeprom_i2c_controller:eeprom_i2c_controller_inst|ram[33][7]                                         ; Lost fanout                                                                                      ;
; eeprom_manager:eeprom_manager_inst|eeprom_i2c_controller:eeprom_i2c_controller_inst|ram[34][7]                                         ; Lost fanout                                                                                      ;
; eeprom_manager:eeprom_manager_inst|eeprom_i2c_controller:eeprom_i2c_controller_inst|ram[35][7]                                         ; Lost fanout                                                                                      ;
; eeprom_manager:eeprom_manager_inst|eeprom_i2c_controller:eeprom_i2c_controller_inst|ram[36][7]                                         ; Lost fanout                                                                                      ;
; eeprom_manager:eeprom_manager_inst|eeprom_i2c_controller:eeprom_i2c_controller_inst|ram[37][7]                                         ; Lost fanout                                                                                      ;
; eeprom_manager:eeprom_manager_inst|eeprom_i2c_controller:eeprom_i2c_controller_inst|ram[38][7]                                         ; Lost fanout                                                                                      ;
; eeprom_manager:eeprom_manager_inst|eeprom_i2c_controller:eeprom_i2c_controller_inst|ram[39][7]                                         ; Lost fanout                                                                                      ;
; eeprom_manager:eeprom_manager_inst|eeprom_i2c_controller:eeprom_i2c_controller_inst|ram[40][7]                                         ; Lost fanout                                                                                      ;
; eeprom_manager:eeprom_manager_inst|eeprom_i2c_controller:eeprom_i2c_controller_inst|ram[41][7]                                         ; Lost fanout                                                                                      ;
; eeprom_manager:eeprom_manager_inst|eeprom_i2c_controller:eeprom_i2c_controller_inst|ram[42][7]                                         ; Lost fanout                                                                                      ;
; eeprom_manager:eeprom_manager_inst|eeprom_i2c_controller:eeprom_i2c_controller_inst|ram[43][7]                                         ; Lost fanout                                                                                      ;
; eeprom_manager:eeprom_manager_inst|eeprom_i2c_controller:eeprom_i2c_controller_inst|ram[44][7]                                         ; Lost fanout                                                                                      ;
; eeprom_manager:eeprom_manager_inst|eeprom_i2c_controller:eeprom_i2c_controller_inst|ram[45][7]                                         ; Lost fanout                                                                                      ;
; eeprom_manager:eeprom_manager_inst|eeprom_i2c_controller:eeprom_i2c_controller_inst|ram[46][7]                                         ; Lost fanout                                                                                      ;
; eeprom_manager:eeprom_manager_inst|eeprom_i2c_controller:eeprom_i2c_controller_inst|ram[47][7]                                         ; Lost fanout                                                                                      ;
; eeprom_manager:eeprom_manager_inst|eeprom_i2c_controller:eeprom_i2c_controller_inst|ram[48][7]                                         ; Lost fanout                                                                                      ;
; eeprom_manager:eeprom_manager_inst|eeprom_i2c_controller:eeprom_i2c_controller_inst|ram[49][7]                                         ; Lost fanout                                                                                      ;
; eeprom_manager:eeprom_manager_inst|eeprom_i2c_controller:eeprom_i2c_controller_inst|ram[50][7]                                         ; Lost fanout                                                                                      ;
; eeprom_manager:eeprom_manager_inst|eeprom_i2c_controller:eeprom_i2c_controller_inst|ram[51][7]                                         ; Lost fanout                                                                                      ;
; eeprom_manager:eeprom_manager_inst|eeprom_i2c_controller:eeprom_i2c_controller_inst|ram[52][7]                                         ; Lost fanout                                                                                      ;
; eeprom_manager:eeprom_manager_inst|eeprom_i2c_controller:eeprom_i2c_controller_inst|ram[53][7]                                         ; Lost fanout                                                                                      ;
; eeprom_manager:eeprom_manager_inst|eeprom_i2c_controller:eeprom_i2c_controller_inst|ram[54][7]                                         ; Lost fanout                                                                                      ;
; eeprom_manager:eeprom_manager_inst|eeprom_i2c_controller:eeprom_i2c_controller_inst|ram[55][7]                                         ; Lost fanout                                                                                      ;
; eeprom_manager:eeprom_manager_inst|eeprom_i2c_controller:eeprom_i2c_controller_inst|ram[56][7]                                         ; Lost fanout                                                                                      ;
; eeprom_manager:eeprom_manager_inst|eeprom_i2c_controller:eeprom_i2c_controller_inst|ram[57][7]                                         ; Lost fanout                                                                                      ;
; eeprom_manager:eeprom_manager_inst|eeprom_i2c_controller:eeprom_i2c_controller_inst|ram[58][7]                                         ; Lost fanout                                                                                      ;
; eeprom_manager:eeprom_manager_inst|eeprom_i2c_controller:eeprom_i2c_controller_inst|ram[59][7]                                         ; Lost fanout                                                                                      ;
; eeprom_manager:eeprom_manager_inst|eeprom_i2c_controller:eeprom_i2c_controller_inst|ram[60][7]                                         ; Lost fanout                                                                                      ;
; eeprom_manager:eeprom_manager_inst|eeprom_i2c_controller:eeprom_i2c_controller_inst|ram[61][7]                                         ; Lost fanout                                                                                      ;
; eeprom_manager:eeprom_manager_inst|eeprom_i2c_controller:eeprom_i2c_controller_inst|ram[62][7]                                         ; Lost fanout                                                                                      ;
; eeprom_manager:eeprom_manager_inst|eeprom_i2c_controller:eeprom_i2c_controller_inst|ram[63][7]                                         ; Lost fanout                                                                                      ;
; eeprom_manager:eeprom_manager_inst|eeprom_i2c_controller:eeprom_i2c_controller_inst|ram[64][7]                                         ; Lost fanout                                                                                      ;
; eeprom_manager:eeprom_manager_inst|eeprom_i2c_controller:eeprom_i2c_controller_inst|ram[65][7]                                         ; Lost fanout                                                                                      ;
; eeprom_manager:eeprom_manager_inst|eeprom_i2c_controller:eeprom_i2c_controller_inst|ram[66][7]                                         ; Lost fanout                                                                                      ;
; eeprom_manager:eeprom_manager_inst|eeprom_i2c_controller:eeprom_i2c_controller_inst|ram[67][7]                                         ; Lost fanout                                                                                      ;
; eeprom_manager:eeprom_manager_inst|eeprom_i2c_controller:eeprom_i2c_controller_inst|ram[68][7]                                         ; Lost fanout                                                                                      ;
; eeprom_manager:eeprom_manager_inst|eeprom_i2c_controller:eeprom_i2c_controller_inst|ram[69][7]                                         ; Lost fanout                                                                                      ;
; eeprom_manager:eeprom_manager_inst|eeprom_i2c_controller:eeprom_i2c_controller_inst|ram[70][7]                                         ; Lost fanout                                                                                      ;
; eeprom_manager:eeprom_manager_inst|eeprom_i2c_controller:eeprom_i2c_controller_inst|ram[71][7]                                         ; Lost fanout                                                                                      ;
; eeprom_manager:eeprom_manager_inst|eeprom_i2c_controller:eeprom_i2c_controller_inst|ram[72][7]                                         ; Lost fanout                                                                                      ;
; eeprom_manager:eeprom_manager_inst|eeprom_i2c_controller:eeprom_i2c_controller_inst|ram[73][7]                                         ; Lost fanout                                                                                      ;
; eeprom_manager:eeprom_manager_inst|eeprom_i2c_controller:eeprom_i2c_controller_inst|ram[74][7]                                         ; Lost fanout                                                                                      ;
; eeprom_manager:eeprom_manager_inst|eeprom_i2c_controller:eeprom_i2c_controller_inst|ram[75][7]                                         ; Lost fanout                                                                                      ;
; eeprom_manager:eeprom_manager_inst|eeprom_i2c_controller:eeprom_i2c_controller_inst|ram[76][7]                                         ; Lost fanout                                                                                      ;
; eeprom_manager:eeprom_manager_inst|eeprom_i2c_controller:eeprom_i2c_controller_inst|ram[77][7]                                         ; Lost fanout                                                                                      ;
; eeprom_manager:eeprom_manager_inst|eeprom_i2c_controller:eeprom_i2c_controller_inst|ram[78][7]                                         ; Lost fanout                                                                                      ;
; eeprom_manager:eeprom_manager_inst|eeprom_i2c_controller:eeprom_i2c_controller_inst|ram[79][7]                                         ; Lost fanout                                                                                      ;
; eeprom_manager:eeprom_manager_inst|eeprom_i2c_controller:eeprom_i2c_controller_inst|ram[80][7]                                         ; Lost fanout                                                                                      ;
; eeprom_manager:eeprom_manager_inst|eeprom_i2c_controller:eeprom_i2c_controller_inst|ram[81][7]                                         ; Lost fanout                                                                                      ;
; eeprom_manager:eeprom_manager_inst|eeprom_i2c_controller:eeprom_i2c_controller_inst|ram[82][7]                                         ; Lost fanout                                                                                      ;
; eeprom_manager:eeprom_manager_inst|eeprom_i2c_controller:eeprom_i2c_controller_inst|ram[83][7]                                         ; Lost fanout                                                                                      ;
; eeprom_manager:eeprom_manager_inst|eeprom_i2c_controller:eeprom_i2c_controller_inst|ram[84][7]                                         ; Lost fanout                                                                                      ;
; eeprom_manager:eeprom_manager_inst|eeprom_i2c_controller:eeprom_i2c_controller_inst|ram[85][7]                                         ; Lost fanout                                                                                      ;
; eeprom_manager:eeprom_manager_inst|eeprom_i2c_controller:eeprom_i2c_controller_inst|ram[86][7]                                         ; Lost fanout                                                                                      ;
; eeprom_manager:eeprom_manager_inst|eeprom_i2c_controller:eeprom_i2c_controller_inst|ram[87][7]                                         ; Lost fanout                                                                                      ;
; eeprom_manager:eeprom_manager_inst|eeprom_i2c_controller:eeprom_i2c_controller_inst|ram[88][7]                                         ; Lost fanout                                                                                      ;
; eeprom_manager:eeprom_manager_inst|eeprom_i2c_controller:eeprom_i2c_controller_inst|ram[89][7]                                         ; Lost fanout                                                                                      ;
; eeprom_manager:eeprom_manager_inst|eeprom_i2c_controller:eeprom_i2c_controller_inst|ram[90][7]                                         ; Lost fanout                                                                                      ;
; eeprom_manager:eeprom_manager_inst|eeprom_i2c_controller:eeprom_i2c_controller_inst|ram[91][7]                                         ; Lost fanout                                                                                      ;
; eeprom_manager:eeprom_manager_inst|eeprom_i2c_controller:eeprom_i2c_controller_inst|ram[92][7]                                         ; Lost fanout                                                                                      ;
; eeprom_manager:eeprom_manager_inst|eeprom_i2c_controller:eeprom_i2c_controller_inst|ram[93][7]                                         ; Lost fanout                                                                                      ;
; eeprom_manager:eeprom_manager_inst|eeprom_i2c_controller:eeprom_i2c_controller_inst|ram[94][7]                                         ; Lost fanout                                                                                      ;
; eeprom_manager:eeprom_manager_inst|eeprom_i2c_controller:eeprom_i2c_controller_inst|ram[95][7]                                         ; Lost fanout                                                                                      ;
; eeprom_manager:eeprom_manager_inst|eeprom_i2c_controller:eeprom_i2c_controller_inst|ram[96][7]                                         ; Lost fanout                                                                                      ;
; eeprom_manager:eeprom_manager_inst|eeprom_i2c_controller:eeprom_i2c_controller_inst|ram[97][7]                                         ; Lost fanout                                                                                      ;
; eeprom_manager:eeprom_manager_inst|eeprom_i2c_controller:eeprom_i2c_controller_inst|ram[98][7]                                         ; Lost fanout                                                                                      ;
; eeprom_manager:eeprom_manager_inst|eeprom_i2c_controller:eeprom_i2c_controller_inst|ram[99][7]                                         ; Lost fanout                                                                                      ;
; eeprom_manager:eeprom_manager_inst|eeprom_i2c_controller:eeprom_i2c_controller_inst|ram[100][7]                                        ; Lost fanout                                                                                      ;
; eeprom_manager:eeprom_manager_inst|eeprom_i2c_controller:eeprom_i2c_controller_inst|ram[101][7]                                        ; Lost fanout                                                                                      ;
; eeprom_manager:eeprom_manager_inst|eeprom_i2c_controller:eeprom_i2c_controller_inst|ram[102][7]                                        ; Lost fanout                                                                                      ;
; eeprom_manager:eeprom_manager_inst|eeprom_i2c_controller:eeprom_i2c_controller_inst|ram[103][7]                                        ; Lost fanout                                                                                      ;
; eeprom_manager:eeprom_manager_inst|eeprom_i2c_controller:eeprom_i2c_controller_inst|ram[104][7]                                        ; Lost fanout                                                                                      ;
; eeprom_manager:eeprom_manager_inst|eeprom_i2c_controller:eeprom_i2c_controller_inst|ram[105][7]                                        ; Lost fanout                                                                                      ;
; eeprom_manager:eeprom_manager_inst|eeprom_i2c_controller:eeprom_i2c_controller_inst|ram[106][7]                                        ; Lost fanout                                                                                      ;
; eeprom_manager:eeprom_manager_inst|eeprom_i2c_controller:eeprom_i2c_controller_inst|ram[107][7]                                        ; Lost fanout                                                                                      ;
; eeprom_manager:eeprom_manager_inst|eeprom_i2c_controller:eeprom_i2c_controller_inst|ram[108][7]                                        ; Lost fanout                                                                                      ;
; eeprom_manager:eeprom_manager_inst|eeprom_i2c_controller:eeprom_i2c_controller_inst|ram[109][7]                                        ; Lost fanout                                                                                      ;
; eeprom_manager:eeprom_manager_inst|eeprom_i2c_controller:eeprom_i2c_controller_inst|ram[110][7]                                        ; Lost fanout                                                                                      ;
; eeprom_manager:eeprom_manager_inst|eeprom_i2c_controller:eeprom_i2c_controller_inst|ram[111][7]                                        ; Lost fanout                                                                                      ;
; eeprom_manager:eeprom_manager_inst|eeprom_i2c_controller:eeprom_i2c_controller_inst|ram[112][7]                                        ; Lost fanout                                                                                      ;
; eeprom_manager:eeprom_manager_inst|eeprom_i2c_controller:eeprom_i2c_controller_inst|ram[113][7]                                        ; Lost fanout                                                                                      ;
; eeprom_manager:eeprom_manager_inst|eeprom_i2c_controller:eeprom_i2c_controller_inst|ram[114][7]                                        ; Lost fanout                                                                                      ;
; eeprom_manager:eeprom_manager_inst|eeprom_i2c_controller:eeprom_i2c_controller_inst|ram[115][7]                                        ; Lost fanout                                                                                      ;
; eeprom_manager:eeprom_manager_inst|eeprom_i2c_controller:eeprom_i2c_controller_inst|ram[116][7]                                        ; Lost fanout                                                                                      ;
; eeprom_manager:eeprom_manager_inst|eeprom_i2c_controller:eeprom_i2c_controller_inst|ram[117][7]                                        ; Lost fanout                                                                                      ;
; eeprom_manager:eeprom_manager_inst|eeprom_i2c_controller:eeprom_i2c_controller_inst|ram[118][7]                                        ; Lost fanout                                                                                      ;
; eeprom_manager:eeprom_manager_inst|eeprom_i2c_controller:eeprom_i2c_controller_inst|ram[119][7]                                        ; Lost fanout                                                                                      ;
; eeprom_manager:eeprom_manager_inst|eeprom_i2c_controller:eeprom_i2c_controller_inst|ram[120][7]                                        ; Lost fanout                                                                                      ;
; eeprom_manager:eeprom_manager_inst|eeprom_i2c_controller:eeprom_i2c_controller_inst|ram[121][7]                                        ; Lost fanout                                                                                      ;
; eeprom_manager:eeprom_manager_inst|eeprom_i2c_controller:eeprom_i2c_controller_inst|ram[122][7]                                        ; Lost fanout                                                                                      ;
; eeprom_manager:eeprom_manager_inst|eeprom_i2c_controller:eeprom_i2c_controller_inst|ram[123][7]                                        ; Lost fanout                                                                                      ;
; eeprom_manager:eeprom_manager_inst|eeprom_i2c_controller:eeprom_i2c_controller_inst|ram[124][7]                                        ; Lost fanout                                                                                      ;
; eeprom_manager:eeprom_manager_inst|eeprom_i2c_controller:eeprom_i2c_controller_inst|ram[125][7]                                        ; Lost fanout                                                                                      ;
; eeprom_manager:eeprom_manager_inst|eeprom_i2c_controller:eeprom_i2c_controller_inst|ram[126][7]                                        ; Lost fanout                                                                                      ;
; eeprom_manager:eeprom_manager_inst|eeprom_i2c_controller:eeprom_i2c_controller_inst|ram[127][7]                                        ; Lost fanout                                                                                      ;
; eeprom_manager:eeprom_manager_inst|eeprom_i2c_controller:eeprom_i2c_controller_inst|ram[128][7]                                        ; Lost fanout                                                                                      ;
; eeprom_manager:eeprom_manager_inst|eeprom_i2c_controller:eeprom_i2c_controller_inst|ram[129][7]                                        ; Lost fanout                                                                                      ;
; eeprom_manager:eeprom_manager_inst|eeprom_i2c_controller:eeprom_i2c_controller_inst|ram[130][7]                                        ; Lost fanout                                                                                      ;
; eeprom_manager:eeprom_manager_inst|eeprom_i2c_controller:eeprom_i2c_controller_inst|ram[131][7]                                        ; Lost fanout                                                                                      ;
; eeprom_manager:eeprom_manager_inst|eeprom_i2c_controller:eeprom_i2c_controller_inst|ram[132][7]                                        ; Lost fanout                                                                                      ;
; eeprom_manager:eeprom_manager_inst|eeprom_i2c_controller:eeprom_i2c_controller_inst|ram[133][7]                                        ; Lost fanout                                                                                      ;
; eeprom_manager:eeprom_manager_inst|eeprom_i2c_controller:eeprom_i2c_controller_inst|ram[134][7]                                        ; Lost fanout                                                                                      ;
; eeprom_manager:eeprom_manager_inst|eeprom_i2c_controller:eeprom_i2c_controller_inst|ram[135][7]                                        ; Lost fanout                                                                                      ;
; eeprom_manager:eeprom_manager_inst|eeprom_i2c_controller:eeprom_i2c_controller_inst|ram[136][7]                                        ; Lost fanout                                                                                      ;
; eeprom_manager:eeprom_manager_inst|eeprom_i2c_controller:eeprom_i2c_controller_inst|ram[137][7]                                        ; Lost fanout                                                                                      ;
; eeprom_manager:eeprom_manager_inst|eeprom_i2c_controller:eeprom_i2c_controller_inst|ram[138][7]                                        ; Lost fanout                                                                                      ;
; eeprom_manager:eeprom_manager_inst|eeprom_i2c_controller:eeprom_i2c_controller_inst|ram[139][7]                                        ; Lost fanout                                                                                      ;
; eeprom_manager:eeprom_manager_inst|eeprom_i2c_controller:eeprom_i2c_controller_inst|ram[140][7]                                        ; Lost fanout                                                                                      ;
; eeprom_manager:eeprom_manager_inst|eeprom_i2c_controller:eeprom_i2c_controller_inst|ram[141][7]                                        ; Lost fanout                                                                                      ;
; eeprom_manager:eeprom_manager_inst|eeprom_i2c_controller:eeprom_i2c_controller_inst|ram[142][7]                                        ; Lost fanout                                                                                      ;
; eeprom_manager:eeprom_manager_inst|eeprom_i2c_controller:eeprom_i2c_controller_inst|ram[143][7]                                        ; Lost fanout                                                                                      ;
; eeprom_manager:eeprom_manager_inst|eeprom_i2c_controller:eeprom_i2c_controller_inst|ram[144][7]                                        ; Lost fanout                                                                                      ;
; eeprom_manager:eeprom_manager_inst|eeprom_i2c_controller:eeprom_i2c_controller_inst|ram[145][7]                                        ; Lost fanout                                                                                      ;
; eeprom_manager:eeprom_manager_inst|eeprom_i2c_controller:eeprom_i2c_controller_inst|ram[146][7]                                        ; Lost fanout                                                                                      ;
; eeprom_manager:eeprom_manager_inst|eeprom_i2c_controller:eeprom_i2c_controller_inst|ram[147][7]                                        ; Lost fanout                                                                                      ;
; eeprom_manager:eeprom_manager_inst|eeprom_i2c_controller:eeprom_i2c_controller_inst|ram[148][7]                                        ; Lost fanout                                                                                      ;
; eeprom_manager:eeprom_manager_inst|eeprom_i2c_controller:eeprom_i2c_controller_inst|ram[149][7]                                        ; Lost fanout                                                                                      ;
; eeprom_manager:eeprom_manager_inst|eeprom_i2c_controller:eeprom_i2c_controller_inst|ram[150][7]                                        ; Lost fanout                                                                                      ;
; eeprom_manager:eeprom_manager_inst|eeprom_i2c_controller:eeprom_i2c_controller_inst|ram[151][7]                                        ; Lost fanout                                                                                      ;
; eeprom_manager:eeprom_manager_inst|eeprom_i2c_controller:eeprom_i2c_controller_inst|ram[152][7]                                        ; Lost fanout                                                                                      ;
; eeprom_manager:eeprom_manager_inst|eeprom_i2c_controller:eeprom_i2c_controller_inst|ram[153][7]                                        ; Lost fanout                                                                                      ;
; eeprom_manager:eeprom_manager_inst|eeprom_i2c_controller:eeprom_i2c_controller_inst|ram[154][7]                                        ; Lost fanout                                                                                      ;
; eeprom_manager:eeprom_manager_inst|eeprom_i2c_controller:eeprom_i2c_controller_inst|ram[155][7]                                        ; Lost fanout                                                                                      ;
; eeprom_manager:eeprom_manager_inst|eeprom_i2c_controller:eeprom_i2c_controller_inst|ram[156][7]                                        ; Lost fanout                                                                                      ;
; eeprom_manager:eeprom_manager_inst|eeprom_i2c_controller:eeprom_i2c_controller_inst|ram[157][7]                                        ; Lost fanout                                                                                      ;
; eeprom_manager:eeprom_manager_inst|eeprom_i2c_controller:eeprom_i2c_controller_inst|ram[158][7]                                        ; Lost fanout                                                                                      ;
; eeprom_manager:eeprom_manager_inst|eeprom_i2c_controller:eeprom_i2c_controller_inst|ram[159][7]                                        ; Lost fanout                                                                                      ;
; eeprom_manager:eeprom_manager_inst|eeprom_i2c_controller:eeprom_i2c_controller_inst|ram[160][7]                                        ; Lost fanout                                                                                      ;
; eeprom_manager:eeprom_manager_inst|eeprom_i2c_controller:eeprom_i2c_controller_inst|ram[161][7]                                        ; Lost fanout                                                                                      ;
; eeprom_manager:eeprom_manager_inst|eeprom_i2c_controller:eeprom_i2c_controller_inst|ram[162][7]                                        ; Lost fanout                                                                                      ;
; eeprom_manager:eeprom_manager_inst|eeprom_i2c_controller:eeprom_i2c_controller_inst|ram[163][7]                                        ; Lost fanout                                                                                      ;
; eeprom_manager:eeprom_manager_inst|eeprom_i2c_controller:eeprom_i2c_controller_inst|ram[164][7]                                        ; Lost fanout                                                                                      ;
; eeprom_manager:eeprom_manager_inst|eeprom_i2c_controller:eeprom_i2c_controller_inst|ram[165][7]                                        ; Lost fanout                                                                                      ;
; eeprom_manager:eeprom_manager_inst|eeprom_i2c_controller:eeprom_i2c_controller_inst|ram[166][7]                                        ; Lost fanout                                                                                      ;
; eeprom_manager:eeprom_manager_inst|eeprom_i2c_controller:eeprom_i2c_controller_inst|ram[167][7]                                        ; Lost fanout                                                                                      ;
; eeprom_manager:eeprom_manager_inst|eeprom_i2c_controller:eeprom_i2c_controller_inst|ram[168][7]                                        ; Lost fanout                                                                                      ;
; eeprom_manager:eeprom_manager_inst|eeprom_i2c_controller:eeprom_i2c_controller_inst|ram[169][7]                                        ; Lost fanout                                                                                      ;
; eeprom_manager:eeprom_manager_inst|eeprom_i2c_controller:eeprom_i2c_controller_inst|ram[170][7]                                        ; Lost fanout                                                                                      ;
; eeprom_manager:eeprom_manager_inst|eeprom_i2c_controller:eeprom_i2c_controller_inst|ram[171][7]                                        ; Lost fanout                                                                                      ;
; eeprom_manager:eeprom_manager_inst|eeprom_i2c_controller:eeprom_i2c_controller_inst|ram[172][7]                                        ; Lost fanout                                                                                      ;
; eeprom_manager:eeprom_manager_inst|eeprom_i2c_controller:eeprom_i2c_controller_inst|ram[173][7]                                        ; Lost fanout                                                                                      ;
; eeprom_manager:eeprom_manager_inst|eeprom_i2c_controller:eeprom_i2c_controller_inst|ram[174][7]                                        ; Lost fanout                                                                                      ;
; eeprom_manager:eeprom_manager_inst|eeprom_i2c_controller:eeprom_i2c_controller_inst|ram[175][7]                                        ; Lost fanout                                                                                      ;
; eeprom_manager:eeprom_manager_inst|eeprom_i2c_controller:eeprom_i2c_controller_inst|ram[176][7]                                        ; Lost fanout                                                                                      ;
; eeprom_manager:eeprom_manager_inst|eeprom_i2c_controller:eeprom_i2c_controller_inst|ram[177][7]                                        ; Lost fanout                                                                                      ;
; eeprom_manager:eeprom_manager_inst|eeprom_i2c_controller:eeprom_i2c_controller_inst|ram[178][7]                                        ; Lost fanout                                                                                      ;
; eeprom_manager:eeprom_manager_inst|eeprom_i2c_controller:eeprom_i2c_controller_inst|ram[179][7]                                        ; Lost fanout                                                                                      ;
; eeprom_manager:eeprom_manager_inst|eeprom_i2c_controller:eeprom_i2c_controller_inst|ram[180][7]                                        ; Lost fanout                                                                                      ;
; eeprom_manager:eeprom_manager_inst|eeprom_i2c_controller:eeprom_i2c_controller_inst|ram[181][7]                                        ; Lost fanout                                                                                      ;
; eeprom_manager:eeprom_manager_inst|eeprom_i2c_controller:eeprom_i2c_controller_inst|ram[182][7]                                        ; Lost fanout                                                                                      ;
; eeprom_manager:eeprom_manager_inst|eeprom_i2c_controller:eeprom_i2c_controller_inst|ram[183][7]                                        ; Lost fanout                                                                                      ;
; eeprom_manager:eeprom_manager_inst|eeprom_i2c_controller:eeprom_i2c_controller_inst|ram[184][7]                                        ; Lost fanout                                                                                      ;
; eeprom_manager:eeprom_manager_inst|eeprom_i2c_controller:eeprom_i2c_controller_inst|ram[185][7]                                        ; Lost fanout                                                                                      ;
; eeprom_manager:eeprom_manager_inst|eeprom_i2c_controller:eeprom_i2c_controller_inst|ram[186][7]                                        ; Lost fanout                                                                                      ;
; eeprom_manager:eeprom_manager_inst|eeprom_i2c_controller:eeprom_i2c_controller_inst|ram[187][7]                                        ; Lost fanout                                                                                      ;
; eeprom_manager:eeprom_manager_inst|eeprom_i2c_controller:eeprom_i2c_controller_inst|ram[188][7]                                        ; Lost fanout                                                                                      ;
; eeprom_manager:eeprom_manager_inst|eeprom_i2c_controller:eeprom_i2c_controller_inst|ram[189][7]                                        ; Lost fanout                                                                                      ;
; eeprom_manager:eeprom_manager_inst|eeprom_i2c_controller:eeprom_i2c_controller_inst|ram[190][7]                                        ; Lost fanout                                                                                      ;
; eeprom_manager:eeprom_manager_inst|eeprom_i2c_controller:eeprom_i2c_controller_inst|ram[191][7]                                        ; Lost fanout                                                                                      ;
; eeprom_manager:eeprom_manager_inst|eeprom_i2c_controller:eeprom_i2c_controller_inst|ram[192][7]                                        ; Lost fanout                                                                                      ;
; eeprom_manager:eeprom_manager_inst|eeprom_i2c_controller:eeprom_i2c_controller_inst|ram[193][7]                                        ; Lost fanout                                                                                      ;
; eeprom_manager:eeprom_manager_inst|eeprom_i2c_controller:eeprom_i2c_controller_inst|ram[194][7]                                        ; Lost fanout                                                                                      ;
; eeprom_manager:eeprom_manager_inst|eeprom_i2c_controller:eeprom_i2c_controller_inst|ram[195][7]                                        ; Lost fanout                                                                                      ;
; eeprom_manager:eeprom_manager_inst|eeprom_i2c_controller:eeprom_i2c_controller_inst|ram[196][7]                                        ; Lost fanout                                                                                      ;
; eeprom_manager:eeprom_manager_inst|eeprom_i2c_controller:eeprom_i2c_controller_inst|ram[197][7]                                        ; Lost fanout                                                                                      ;
; eeprom_manager:eeprom_manager_inst|eeprom_i2c_controller:eeprom_i2c_controller_inst|ram[198][7]                                        ; Lost fanout                                                                                      ;
; eeprom_manager:eeprom_manager_inst|eeprom_i2c_controller:eeprom_i2c_controller_inst|ram[199][7]                                        ; Lost fanout                                                                                      ;
; eeprom_manager:eeprom_manager_inst|eeprom_i2c_controller:eeprom_i2c_controller_inst|ram[200][7]                                        ; Lost fanout                                                                                      ;
; eeprom_manager:eeprom_manager_inst|eeprom_i2c_controller:eeprom_i2c_controller_inst|ram[201][7]                                        ; Lost fanout                                                                                      ;
; eeprom_manager:eeprom_manager_inst|eeprom_i2c_controller:eeprom_i2c_controller_inst|ram[202][7]                                        ; Lost fanout                                                                                      ;
; eeprom_manager:eeprom_manager_inst|eeprom_i2c_controller:eeprom_i2c_controller_inst|ram[203][7]                                        ; Lost fanout                                                                                      ;
; eeprom_manager:eeprom_manager_inst|eeprom_i2c_controller:eeprom_i2c_controller_inst|ram[204][7]                                        ; Lost fanout                                                                                      ;
; eeprom_manager:eeprom_manager_inst|eeprom_i2c_controller:eeprom_i2c_controller_inst|ram[205][7]                                        ; Lost fanout                                                                                      ;
; eeprom_manager:eeprom_manager_inst|eeprom_i2c_controller:eeprom_i2c_controller_inst|ram[206][7]                                        ; Lost fanout                                                                                      ;
; eeprom_manager:eeprom_manager_inst|eeprom_i2c_controller:eeprom_i2c_controller_inst|ram[207][7]                                        ; Lost fanout                                                                                      ;
; eeprom_manager:eeprom_manager_inst|eeprom_i2c_controller:eeprom_i2c_controller_inst|ram[208][7]                                        ; Lost fanout                                                                                      ;
; eeprom_manager:eeprom_manager_inst|eeprom_i2c_controller:eeprom_i2c_controller_inst|ram[209][7]                                        ; Lost fanout                                                                                      ;
; eeprom_manager:eeprom_manager_inst|eeprom_i2c_controller:eeprom_i2c_controller_inst|ram[210][7]                                        ; Lost fanout                                                                                      ;
; eeprom_manager:eeprom_manager_inst|eeprom_i2c_controller:eeprom_i2c_controller_inst|ram[211][7]                                        ; Lost fanout                                                                                      ;
; eeprom_manager:eeprom_manager_inst|eeprom_i2c_controller:eeprom_i2c_controller_inst|ram[212][7]                                        ; Lost fanout                                                                                      ;
; eeprom_manager:eeprom_manager_inst|eeprom_i2c_controller:eeprom_i2c_controller_inst|ram[213][7]                                        ; Lost fanout                                                                                      ;
; eeprom_manager:eeprom_manager_inst|eeprom_i2c_controller:eeprom_i2c_controller_inst|ram[214][7]                                        ; Lost fanout                                                                                      ;
; eeprom_manager:eeprom_manager_inst|eeprom_i2c_controller:eeprom_i2c_controller_inst|ram[215][7]                                        ; Lost fanout                                                                                      ;
; eeprom_manager:eeprom_manager_inst|eeprom_i2c_controller:eeprom_i2c_controller_inst|ram[216][7]                                        ; Lost fanout                                                                                      ;
; eeprom_manager:eeprom_manager_inst|eeprom_i2c_controller:eeprom_i2c_controller_inst|ram[217][7]                                        ; Lost fanout                                                                                      ;
; eeprom_manager:eeprom_manager_inst|eeprom_i2c_controller:eeprom_i2c_controller_inst|ram[218][7]                                        ; Lost fanout                                                                                      ;
; eeprom_manager:eeprom_manager_inst|eeprom_i2c_controller:eeprom_i2c_controller_inst|ram[219][7]                                        ; Lost fanout                                                                                      ;
; eeprom_manager:eeprom_manager_inst|eeprom_i2c_controller:eeprom_i2c_controller_inst|ram[220][7]                                        ; Lost fanout                                                                                      ;
; eeprom_manager:eeprom_manager_inst|eeprom_i2c_controller:eeprom_i2c_controller_inst|ram[221][7]                                        ; Lost fanout                                                                                      ;
; eeprom_manager:eeprom_manager_inst|eeprom_i2c_controller:eeprom_i2c_controller_inst|ram[222][7]                                        ; Lost fanout                                                                                      ;
; eeprom_manager:eeprom_manager_inst|eeprom_i2c_controller:eeprom_i2c_controller_inst|ram[223][7]                                        ; Lost fanout                                                                                      ;
; eeprom_manager:eeprom_manager_inst|eeprom_i2c_controller:eeprom_i2c_controller_inst|ram[224][7]                                        ; Lost fanout                                                                                      ;
; eeprom_manager:eeprom_manager_inst|eeprom_i2c_controller:eeprom_i2c_controller_inst|ram[225][7]                                        ; Lost fanout                                                                                      ;
; eeprom_manager:eeprom_manager_inst|eeprom_i2c_controller:eeprom_i2c_controller_inst|ram[226][7]                                        ; Lost fanout                                                                                      ;
; eeprom_manager:eeprom_manager_inst|eeprom_i2c_controller:eeprom_i2c_controller_inst|ram[227][7]                                        ; Lost fanout                                                                                      ;
; eeprom_manager:eeprom_manager_inst|eeprom_i2c_controller:eeprom_i2c_controller_inst|ram[228][7]                                        ; Lost fanout                                                                                      ;
; eeprom_manager:eeprom_manager_inst|eeprom_i2c_controller:eeprom_i2c_controller_inst|ram[229][7]                                        ; Lost fanout                                                                                      ;
; eeprom_manager:eeprom_manager_inst|eeprom_i2c_controller:eeprom_i2c_controller_inst|ram[230][7]                                        ; Lost fanout                                                                                      ;
; eeprom_manager:eeprom_manager_inst|eeprom_i2c_controller:eeprom_i2c_controller_inst|ram[231][7]                                        ; Lost fanout                                                                                      ;
; eeprom_manager:eeprom_manager_inst|eeprom_i2c_controller:eeprom_i2c_controller_inst|ram[232][7]                                        ; Lost fanout                                                                                      ;
; eeprom_manager:eeprom_manager_inst|eeprom_i2c_controller:eeprom_i2c_controller_inst|ram[233][7]                                        ; Lost fanout                                                                                      ;
; eeprom_manager:eeprom_manager_inst|eeprom_i2c_controller:eeprom_i2c_controller_inst|ram[234][7]                                        ; Lost fanout                                                                                      ;
; eeprom_manager:eeprom_manager_inst|eeprom_i2c_controller:eeprom_i2c_controller_inst|ram[235][7]                                        ; Lost fanout                                                                                      ;
; eeprom_manager:eeprom_manager_inst|eeprom_i2c_controller:eeprom_i2c_controller_inst|ram[236][7]                                        ; Lost fanout                                                                                      ;
; eeprom_manager:eeprom_manager_inst|eeprom_i2c_controller:eeprom_i2c_controller_inst|ram[237][7]                                        ; Lost fanout                                                                                      ;
; eeprom_manager:eeprom_manager_inst|eeprom_i2c_controller:eeprom_i2c_controller_inst|ram[238][7]                                        ; Lost fanout                                                                                      ;
; eeprom_manager:eeprom_manager_inst|eeprom_i2c_controller:eeprom_i2c_controller_inst|ram[239][7]                                        ; Lost fanout                                                                                      ;
; eeprom_manager:eeprom_manager_inst|eeprom_i2c_controller:eeprom_i2c_controller_inst|ram[240][7]                                        ; Lost fanout                                                                                      ;
; eeprom_manager:eeprom_manager_inst|eeprom_i2c_controller:eeprom_i2c_controller_inst|ram[241][7]                                        ; Lost fanout                                                                                      ;
; eeprom_manager:eeprom_manager_inst|eeprom_i2c_controller:eeprom_i2c_controller_inst|ram[242][7]                                        ; Lost fanout                                                                                      ;
; eeprom_manager:eeprom_manager_inst|eeprom_i2c_controller:eeprom_i2c_controller_inst|ram[243][7]                                        ; Lost fanout                                                                                      ;
; eeprom_manager:eeprom_manager_inst|eeprom_i2c_controller:eeprom_i2c_controller_inst|ram[244][7]                                        ; Lost fanout                                                                                      ;
; eeprom_manager:eeprom_manager_inst|eeprom_i2c_controller:eeprom_i2c_controller_inst|ram[245][7]                                        ; Lost fanout                                                                                      ;
; eeprom_manager:eeprom_manager_inst|eeprom_i2c_controller:eeprom_i2c_controller_inst|ram[246][7]                                        ; Lost fanout                                                                                      ;
; eeprom_manager:eeprom_manager_inst|eeprom_i2c_controller:eeprom_i2c_controller_inst|ram[247][7]                                        ; Lost fanout                                                                                      ;
; eeprom_manager:eeprom_manager_inst|eeprom_i2c_controller:eeprom_i2c_controller_inst|ram[248][7]                                        ; Lost fanout                                                                                      ;
; eeprom_manager:eeprom_manager_inst|eeprom_i2c_controller:eeprom_i2c_controller_inst|ram[249][7]                                        ; Lost fanout                                                                                      ;
; eeprom_manager:eeprom_manager_inst|eeprom_i2c_controller:eeprom_i2c_controller_inst|ram[250][7]                                        ; Lost fanout                                                                                      ;
; eeprom_manager:eeprom_manager_inst|eeprom_i2c_controller:eeprom_i2c_controller_inst|ram[251][7]                                        ; Lost fanout                                                                                      ;
; eeprom_manager:eeprom_manager_inst|eeprom_i2c_controller:eeprom_i2c_controller_inst|ram[252][7]                                        ; Lost fanout                                                                                      ;
; eeprom_manager:eeprom_manager_inst|eeprom_i2c_controller:eeprom_i2c_controller_inst|ram[253][7]                                        ; Lost fanout                                                                                      ;
; eeprom_manager:eeprom_manager_inst|eeprom_i2c_controller:eeprom_i2c_controller_inst|ram[254][7]                                        ; Lost fanout                                                                                      ;
; eeprom_manager:eeprom_manager_inst|eeprom_i2c_controller:eeprom_i2c_controller_inst|ram[255][7]                                        ; Lost fanout                                                                                      ;
; eeprom_manager:eeprom_manager_inst|I2C_MASTER:i2c_master_inst|baud_limit[0..7]                                                         ; Stuck at VCC due to stuck port clock_enable                                                      ;
; PS2_MODUL:PS2_MODUL_inst|PS2_ASCII_TABLE:PS2_ASCII_TABLE_inst|remove_table_size[0..4]                                                  ; Lost fanout                                                                                      ;
; PS2_MODUL:PS2_MODUL_inst|PS2_ASCII_TABLE:PS2_ASCII_TABLE_inst|state.RM_ARRAY                                                           ; Lost fanout                                                                                      ;
; PS2_MODUL:PS2_MODUL_inst|PS2_ASCII_TABLE:PS2_ASCII_TABLE_inst|state.START_ARRAY                                                        ; Stuck at GND due to stuck port data_in                                                           ;
; PS2_MODUL:PS2_MODUL_inst|PS2_MERGE:PS2_MERGE_inst|rising_edge_detector:new_dat_rising_edge_detector|rising_edge_detected               ; Lost fanout                                                                                      ;
; PS2_MODUL:PS2_MODUL_inst|PS2_RAW_DATA:PS2_RAW_DATA_inst|dat[0..7]                                                                      ; Lost fanout                                                                                      ;
; PS2_MODUL:PS2_MODUL_inst|PS2_RAW_DATA:PS2_RAW_DATA_inst|err                                                                            ; Lost fanout                                                                                      ;
; PS2_MODUL:PS2_MODUL_inst|PS2_RAW_DATA:PS2_RAW_DATA_inst|falling_edge_detector:ps2_dat_falling_edge_detector|falling_edge_detected      ; Lost fanout                                                                                      ;
; PS2_MODUL:PS2_MODUL_inst|antibounce:ps2_dat_antibounce|dff                                                                             ; Lost fanout                                                                                      ;
; PS2_MODUL:PS2_MODUL_inst|PS2_RAW_DATA:PS2_RAW_DATA_inst|falling_edge_detector:ps2_clk_falling_edge_detector|falling_edge_detected      ; Lost fanout                                                                                      ;
; PS2_MODUL:PS2_MODUL_inst|antibounce:ps2_clk_antibounce|dff                                                                             ; Lost fanout                                                                                      ;
; PS2_MODUL:PS2_MODUL_inst|PS2_RAW_DATA:PS2_RAW_DATA_inst|err_counter[0..13]                                                             ; Lost fanout                                                                                      ;
; PS2_MODUL:PS2_MODUL_inst|PS2_RAW_DATA:PS2_RAW_DATA_inst|counter[0..2]                                                                  ; Lost fanout                                                                                      ;
; PS2_MODUL:PS2_MODUL_inst|PS2_RAW_DATA:PS2_RAW_DATA_inst|parity_bit                                                                     ; Lost fanout                                                                                      ;
; PS2_MODUL:PS2_MODUL_inst|PS2_MERGE:PS2_MERGE_inst|rising_edge_detector:new_dat_rising_edge_detector|sig_dff                            ; Lost fanout                                                                                      ;
; PS2_MODUL:PS2_MODUL_inst|PS2_RAW_DATA:PS2_RAW_DATA_inst|new_dat                                                                        ; Lost fanout                                                                                      ;
; PS2_MODUL:PS2_MODUL_inst|PS2_RAW_DATA:PS2_RAW_DATA_inst|data_signal[0..7]                                                              ; Lost fanout                                                                                      ;
; PS2_MODUL:PS2_MODUL_inst|PS2_RAW_DATA:PS2_RAW_DATA_inst|falling_edge_detector:ps2_dat_falling_edge_detector|sig_dff                    ; Lost fanout                                                                                      ;
; PS2_MODUL:PS2_MODUL_inst|antibounce:ps2_dat_antibounce|counter[1..6]                                                                   ; Lost fanout                                                                                      ;
; PS2_MODUL:PS2_MODUL_inst|PS2_RAW_DATA:PS2_RAW_DATA_inst|falling_edge_detector:ps2_clk_falling_edge_detector|sig_dff                    ; Lost fanout                                                                                      ;
; PS2_MODUL:PS2_MODUL_inst|antibounce:ps2_clk_antibounce|counter[1..6]                                                                   ; Lost fanout                                                                                      ;
; PS2_MODUL:PS2_MODUL_inst|antibounce:ps2_dat_antibounce|counter[0]                                                                      ; Lost fanout                                                                                      ;
; PS2_MODUL:PS2_MODUL_inst|antibounce:ps2_clk_antibounce|counter[0]                                                                      ; Lost fanout                                                                                      ;
; PS2_MODUL:PS2_MODUL_inst|PS2_MERGE:PS2_MERGE_inst|state.IDLE                                                                           ; Lost fanout                                                                                      ;
; PS2_MODUL:PS2_MODUL_inst|PS2_MERGE:PS2_MERGE_inst|state.START                                                                          ; Lost fanout                                                                                      ;
; PS2_MODUL:PS2_MODUL_inst|PS2_MERGE:PS2_MERGE_inst|state.SEND                                                                           ; Lost fanout                                                                                      ;
; PS2_MODUL:PS2_MODUL_inst|PS2_MERGE:PS2_MERGE_inst|state.DONE                                                                           ; Lost fanout                                                                                      ;
; PS2_MODUL:PS2_MODUL_inst|PS2_RAW_DATA:PS2_RAW_DATA_inst|ps2_state.IDLE                                                                 ; Lost fanout                                                                                      ;
; PS2_MODUL:PS2_MODUL_inst|PS2_RAW_DATA:PS2_RAW_DATA_inst|ps2_state.START                                                                ; Lost fanout                                                                                      ;
; PS2_MODUL:PS2_MODUL_inst|PS2_RAW_DATA:PS2_RAW_DATA_inst|ps2_state.DATA_IN                                                              ; Lost fanout                                                                                      ;
; PS2_MODUL:PS2_MODUL_inst|PS2_RAW_DATA:PS2_RAW_DATA_inst|ps2_state.PARITY                                                               ; Lost fanout                                                                                      ;
; PS2_MODUL:PS2_MODUL_inst|PS2_RAW_DATA:PS2_RAW_DATA_inst|ps2_state.STOP                                                                 ; Lost fanout                                                                                      ;
; PS2_MODUL:PS2_MODUL_inst|PS2_RAW_DATA:PS2_RAW_DATA_inst|ps2_state.ERROR                                                                ; Lost fanout                                                                                      ;
; eeprom_manager:eeprom_manager_inst|eeprom_i2c_controller:eeprom_i2c_controller_inst|MODE.m_READ_SEQ                                    ; Lost fanout                                                                                      ;
; screencard:screencard_inst|adr[14]                                                                                                     ; Stuck at GND due to stuck port data_in                                                           ;
; PS2_MODUL:PS2_MODUL_inst|PS2_ASCII_TABLE:PS2_ASCII_TABLE_inst|state.COUNT_ARRAY                                                        ; Stuck at GND due to stuck port data_in                                                           ;
; PS2_MODUL:PS2_MODUL_inst|PS2_ASCII_TABLE:PS2_ASCII_TABLE_inst|state.AD_ARRAY                                                           ; Stuck at GND due to stuck port data_in                                                           ;
; PS2_MODUL:PS2_MODUL_inst|PS2_ASCII_TABLE:PS2_ASCII_TABLE_inst|new_ascii_remove_count[0..4]                                             ; Stuck at GND due to stuck port data_in                                                           ;
; PS2_MODUL:PS2_MODUL_inst|PS2_ASCII_TABLE:PS2_ASCII_TABLE_inst|new_ascii_ascii_count[0..4]                                              ; Stuck at GND due to stuck port data_in                                                           ;
; PS2_MODUL:PS2_MODUL_inst|PS2_ASCII_TABLE:PS2_ASCII_TABLE_inst|remove_table[15][0]                                                      ; Stuck at GND due to stuck port data_in                                                           ;
; memory:memory_inst|altsyncram:mem_rtl_0|altsyncram_qqq1:auto_generated|address_reg_b[1]                                                ; Stuck at GND due to stuck port data_in                                                           ;
; Total Number of Removed Registers = 2477                                                                                               ;                                                                                                  ;
+----------------------------------------------------------------------------------------------------------------------------------------+--------------------------------------------------------------------------------------------------+


+---------------------------------------------------------------------------------------------------------------------------------------------------------------------------------------------------------------------------------------------------------------------------------------------------------+
; Removed Registers Triggering Further Register Optimizations                                                                                                                                                                                                                                             ;
+-----------------------------------------------------------------------------------------------------------------------------------+---------------------------+-----------------------------------------------------------------------------------------------------------------------------------------+
; Register name                                                                                                                     ; Reason for Removal        ; Registers Removed due to This Register                                                                                                  ;
+-----------------------------------------------------------------------------------------------------------------------------------+---------------------------+-----------------------------------------------------------------------------------------------------------------------------------------+
; PS2_MODUL:PS2_MODUL_inst|PS2_MERGE:PS2_MERGE_inst|layer_sig                                                                       ; Lost Fanouts              ; PS2_MODUL:PS2_MODUL_inst|PS2_RAW_DATA:PS2_RAW_DATA_inst|dat[3],                                                                         ;
;                                                                                                                                   ;                           ; PS2_MODUL:PS2_MODUL_inst|PS2_RAW_DATA:PS2_RAW_DATA_inst|dat[4],                                                                         ;
;                                                                                                                                   ;                           ; PS2_MODUL:PS2_MODUL_inst|PS2_RAW_DATA:PS2_RAW_DATA_inst|err,                                                                            ;
;                                                                                                                                   ;                           ; PS2_MODUL:PS2_MODUL_inst|antibounce:ps2_dat_antibounce|dff,                                                                             ;
;                                                                                                                                   ;                           ; PS2_MODUL:PS2_MODUL_inst|PS2_RAW_DATA:PS2_RAW_DATA_inst|falling_edge_detector:ps2_clk_falling_edge_detector|falling_edge_detected,      ;
;                                                                                                                                   ;                           ; PS2_MODUL:PS2_MODUL_inst|antibounce:ps2_clk_antibounce|dff,                                                                             ;
;                                                                                                                                   ;                           ; PS2_MODUL:PS2_MODUL_inst|PS2_RAW_DATA:PS2_RAW_DATA_inst|data_signal[3],                                                                 ;
;                                                                                                                                   ;                           ; PS2_MODUL:PS2_MODUL_inst|PS2_RAW_DATA:PS2_RAW_DATA_inst|data_signal[4],                                                                 ;
;                                                                                                                                   ;                           ; PS2_MODUL:PS2_MODUL_inst|antibounce:ps2_dat_antibounce|counter[6],                                                                      ;
;                                                                                                                                   ;                           ; PS2_MODUL:PS2_MODUL_inst|antibounce:ps2_dat_antibounce|counter[5],                                                                      ;
;                                                                                                                                   ;                           ; PS2_MODUL:PS2_MODUL_inst|antibounce:ps2_dat_antibounce|counter[4],                                                                      ;
;                                                                                                                                   ;                           ; PS2_MODUL:PS2_MODUL_inst|antibounce:ps2_dat_antibounce|counter[3],                                                                      ;
;                                                                                                                                   ;                           ; PS2_MODUL:PS2_MODUL_inst|PS2_RAW_DATA:PS2_RAW_DATA_inst|falling_edge_detector:ps2_clk_falling_edge_detector|sig_dff,                    ;
;                                                                                                                                   ;                           ; PS2_MODUL:PS2_MODUL_inst|antibounce:ps2_clk_antibounce|counter[6],                                                                      ;
;                                                                                                                                   ;                           ; PS2_MODUL:PS2_MODUL_inst|antibounce:ps2_clk_antibounce|counter[5],                                                                      ;
;                                                                                                                                   ;                           ; PS2_MODUL:PS2_MODUL_inst|antibounce:ps2_clk_antibounce|counter[4],                                                                      ;
;                                                                                                                                   ;                           ; PS2_MODUL:PS2_MODUL_inst|antibounce:ps2_clk_antibounce|counter[3],                                                                      ;
;                                                                                                                                   ;                           ; PS2_MODUL:PS2_MODUL_inst|PS2_RAW_DATA:PS2_RAW_DATA_inst|ps2_state.START,                                                                ;
;                                                                                                                                   ;                           ; PS2_MODUL:PS2_MODUL_inst|PS2_RAW_DATA:PS2_RAW_DATA_inst|ps2_state.STOP,                                                                 ;
;                                                                                                                                   ;                           ; PS2_MODUL:PS2_MODUL_inst|PS2_RAW_DATA:PS2_RAW_DATA_inst|ps2_state.ERROR                                                                 ;
; PS2_MODUL:PS2_MODUL_inst|PS2_TO_ASCII:PS2_TO_ASCII_inst|new_ascii                                                                 ; Stuck at GND              ; PS2_MODUL:PS2_MODUL_inst|PS2_TO_ASCII:PS2_TO_ASCII_inst|rising_edge_detector:new_code_rising_edge_detector|rising_edge_detected,        ;
;                                                                                                                                   ; due to stuck port data_in ; PS2_MODUL:PS2_MODUL_inst|PS2_TO_ASCII:PS2_TO_ASCII_inst|rising_edge_detector:new_code_rising_edge_detector|sig_dff,                     ;
;                                                                                                                                   ;                           ; PS2_MODUL:PS2_MODUL_inst|PS2_ASCII_TABLE:PS2_ASCII_TABLE_inst|rising_edge_detector:new_ascii_rising_edge_detector|sig_dff,              ;
;                                                                                                                                   ;                           ; PS2_MODUL:PS2_MODUL_inst|PS2_ASCII_TABLE:PS2_ASCII_TABLE_inst|rising_edge_detector:new_ascii_rising_edge_detector|rising_edge_detected, ;
;                                                                                                                                   ;                           ; PS2_MODUL:PS2_MODUL_inst|PS2_MERGE:PS2_MERGE_inst|new_code,                                                                             ;
;                                                                                                                                   ;                           ; PS2_MODUL:PS2_MODUL_inst|PS2_ASCII_TABLE:PS2_ASCII_TABLE_inst|new_ascii_remove_count[4],                                                ;
;                                                                                                                                   ;                           ; PS2_MODUL:PS2_MODUL_inst|PS2_ASCII_TABLE:PS2_ASCII_TABLE_inst|new_ascii_remove_count[3],                                                ;
;                                                                                                                                   ;                           ; PS2_MODUL:PS2_MODUL_inst|PS2_ASCII_TABLE:PS2_ASCII_TABLE_inst|new_ascii_remove_count[2],                                                ;
;                                                                                                                                   ;                           ; PS2_MODUL:PS2_MODUL_inst|PS2_ASCII_TABLE:PS2_ASCII_TABLE_inst|new_ascii_remove_count[1],                                                ;
;                                                                                                                                   ;                           ; PS2_MODUL:PS2_MODUL_inst|PS2_ASCII_TABLE:PS2_ASCII_TABLE_inst|new_ascii_remove_count[0],                                                ;
;                                                                                                                                   ;                           ; PS2_MODUL:PS2_MODUL_inst|PS2_ASCII_TABLE:PS2_ASCII_TABLE_inst|new_ascii_ascii_count[4],                                                 ;
;                                                                                                                                   ;                           ; PS2_MODUL:PS2_MODUL_inst|PS2_ASCII_TABLE:PS2_ASCII_TABLE_inst|new_ascii_ascii_count[3],                                                 ;
;                                                                                                                                   ;                           ; PS2_MODUL:PS2_MODUL_inst|PS2_ASCII_TABLE:PS2_ASCII_TABLE_inst|new_ascii_ascii_count[2],                                                 ;
;                                                                                                                                   ;                           ; PS2_MODUL:PS2_MODUL_inst|PS2_ASCII_TABLE:PS2_ASCII_TABLE_inst|new_ascii_ascii_count[1],                                                 ;
;                                                                                                                                   ;                           ; PS2_MODUL:PS2_MODUL_inst|PS2_ASCII_TABLE:PS2_ASCII_TABLE_inst|new_ascii_ascii_count[0]                                                  ;
; PS2_MODUL:PS2_MODUL_inst|PS2_TO_ASCII:PS2_TO_ASCII_inst|ascii[0]                                                                  ; Stuck at GND              ; PS2_MODUL:PS2_MODUL_inst|PS2_ASCII_TABLE:PS2_ASCII_TABLE_inst|ascii_sig[0],                                                             ;
;                                                                                                                                   ; due to stuck port data_in ; PS2_MODUL:PS2_MODUL_inst|PS2_ASCII_TABLE:PS2_ASCII_TABLE_inst|remove_table_size[3],                                                     ;
;                                                                                                                                   ;                           ; PS2_MODUL:PS2_MODUL_inst|PS2_ASCII_TABLE:PS2_ASCII_TABLE_inst|remove_table_size[2],                                                     ;
;                                                                                                                                   ;                           ; PS2_MODUL:PS2_MODUL_inst|PS2_ASCII_TABLE:PS2_ASCII_TABLE_inst|remove_table_size[1],                                                     ;
;                                                                                                                                   ;                           ; PS2_MODUL:PS2_MODUL_inst|PS2_ASCII_TABLE:PS2_ASCII_TABLE_inst|remove_table_size[0],                                                     ;
;                                                                                                                                   ;                           ; PS2_MODUL:PS2_MODUL_inst|PS2_ASCII_TABLE:PS2_ASCII_TABLE_inst|remove_table_size[4]                                                      ;
; PS2_MODUL:PS2_MODUL_inst|PS2_RAW_DATA:PS2_RAW_DATA_inst|err_counter[0]                                                            ; Lost Fanouts              ; PS2_MODUL:PS2_MODUL_inst|PS2_RAW_DATA:PS2_RAW_DATA_inst|err_counter[10],                                                                ;
;                                                                                                                                   ;                           ; PS2_MODUL:PS2_MODUL_inst|PS2_RAW_DATA:PS2_RAW_DATA_inst|err_counter[11],                                                                ;
;                                                                                                                                   ;                           ; PS2_MODUL:PS2_MODUL_inst|PS2_RAW_DATA:PS2_RAW_DATA_inst|err_counter[12],                                                                ;
;                                                                                                                                   ;                           ; PS2_MODUL:PS2_MODUL_inst|PS2_RAW_DATA:PS2_RAW_DATA_inst|err_counter[13]                                                                 ;
; PS2_MODUL:PS2_MODUL_inst|PS2_RAW_DATA:PS2_RAW_DATA_inst|counter[0]                                                                ; Lost Fanouts              ; PS2_MODUL:PS2_MODUL_inst|PS2_RAW_DATA:PS2_RAW_DATA_inst|counter[1],                                                                     ;
;                                                                                                                                   ;                           ; PS2_MODUL:PS2_MODUL_inst|PS2_RAW_DATA:PS2_RAW_DATA_inst|counter[2],                                                                     ;
;                                                                                                                                   ;                           ; PS2_MODUL:PS2_MODUL_inst|PS2_RAW_DATA:PS2_RAW_DATA_inst|ps2_state.DATA_IN                                                               ;
; PS2_MODUL:PS2_MODUL_inst|PS2_ASCII_TABLE:PS2_ASCII_TABLE_inst|state.START_ARRAY                                                   ; Stuck at GND              ; PS2_MODUL:PS2_MODUL_inst|PS2_ASCII_TABLE:PS2_ASCII_TABLE_inst|state.COUNT_ARRAY,                                                        ;
;                                                                                                                                   ; due to stuck port data_in ; PS2_MODUL:PS2_MODUL_inst|PS2_ASCII_TABLE:PS2_ASCII_TABLE_inst|state.AD_ARRAY                                                            ;
; PS2_MODUL:PS2_MODUL_inst|PS2_MERGE:PS2_MERGE_inst|rising_edge_detector:new_dat_rising_edge_detector|rising_edge_detected          ; Lost Fanouts              ; PS2_MODUL:PS2_MODUL_inst|PS2_MERGE:PS2_MERGE_inst|rising_edge_detector:new_dat_rising_edge_detector|sig_dff,                            ;
;                                                                                                                                   ;                           ; PS2_MODUL:PS2_MODUL_inst|PS2_RAW_DATA:PS2_RAW_DATA_inst|new_dat                                                                         ;
; screencard:screencard_inst|base_display_adr[15]                                                                                   ; Stuck at VCC              ; screencard:screencard_inst|adr[14]                                                                                                      ;
;                                                                                                                                   ; due to stuck port data_in ;                                                                                                                                         ;
; PS2_MODUL:PS2_MODUL_inst|PS2_RAW_DATA:PS2_RAW_DATA_inst|dat[2]                                                                    ; Lost Fanouts              ; PS2_MODUL:PS2_MODUL_inst|PS2_RAW_DATA:PS2_RAW_DATA_inst|data_signal[2]                                                                  ;
; PS2_MODUL:PS2_MODUL_inst|PS2_RAW_DATA:PS2_RAW_DATA_inst|dat[1]                                                                    ; Lost Fanouts              ; PS2_MODUL:PS2_MODUL_inst|PS2_RAW_DATA:PS2_RAW_DATA_inst|data_signal[1]                                                                  ;
; PS2_MODUL:PS2_MODUL_inst|PS2_RAW_DATA:PS2_RAW_DATA_inst|dat[0]                                                                    ; Lost Fanouts              ; PS2_MODUL:PS2_MODUL_inst|PS2_RAW_DATA:PS2_RAW_DATA_inst|data_signal[0]                                                                  ;
; PS2_MODUL:PS2_MODUL_inst|PS2_RAW_DATA:PS2_RAW_DATA_inst|dat[5]                                                                    ; Lost Fanouts              ; PS2_MODUL:PS2_MODUL_inst|PS2_RAW_DATA:PS2_RAW_DATA_inst|data_signal[5]                                                                  ;
; PS2_MODUL:PS2_MODUL_inst|PS2_RAW_DATA:PS2_RAW_DATA_inst|dat[6]                                                                    ; Lost Fanouts              ; PS2_MODUL:PS2_MODUL_inst|PS2_RAW_DATA:PS2_RAW_DATA_inst|data_signal[6]                                                                  ;
; PS2_MODUL:PS2_MODUL_inst|PS2_RAW_DATA:PS2_RAW_DATA_inst|dat[7]                                                                    ; Lost Fanouts              ; PS2_MODUL:PS2_MODUL_inst|PS2_RAW_DATA:PS2_RAW_DATA_inst|data_signal[7]                                                                  ;
; PS2_MODUL:PS2_MODUL_inst|PS2_RAW_DATA:PS2_RAW_DATA_inst|falling_edge_detector:ps2_dat_falling_edge_detector|falling_edge_detected ; Lost Fanouts              ; PS2_MODUL:PS2_MODUL_inst|PS2_RAW_DATA:PS2_RAW_DATA_inst|falling_edge_detector:ps2_dat_falling_edge_detector|sig_dff                     ;
+-----------------------------------------------------------------------------------------------------------------------------------+---------------------------+-----------------------------------------------------------------------------------------------------------------------------------------+


+------------------------------------------------------+
; General Register Statistics                          ;
+----------------------------------------------+-------+
; Statistic                                    ; Value ;
+----------------------------------------------+-------+
; Total registers                              ; 1770  ;
; Number of registers using Synchronous Clear  ; 181   ;
; Number of registers using Synchronous Load   ; 84    ;
; Number of registers using Asynchronous Clear ; 422   ;
; Number of registers using Asynchronous Load  ; 0     ;
; Number of registers using Clock Enable       ; 820   ;
; Number of registers using Preset             ; 0     ;
+----------------------------------------------+-------+


+-------------------------------------------------------------------------------------------------------------------------------------------------------------------------------------------------------------------------------------------------------------------------------------------------------------------------------------------+
; Inverted Register Statistics                                                                                                                                                                                                                                                                                                              ;
+---------------------------------------------------------------------------------------------------------------------------------------------------------------------------------------------------------------------------------------------------------------------------------------------------------------------------------+---------+
; Inverted Register                                                                                                                                                                                                                                                                                                               ; Fan out ;
+---------------------------------------------------------------------------------------------------------------------------------------------------------------------------------------------------------------------------------------------------------------------------------------------------------------------------------+---------+
; screencard:screencard_inst|vga_adapter:vga_adpater_1|column[0]                                                                                                                                                                                                                                                                  ; 13      ;
; screencard:screencard_inst|vga_adapter:vga_adpater_1|column[1]                                                                                                                                                                                                                                                                  ; 9       ;
; screencard:screencard_inst|vga_adapter:vga_adpater_1|column[2]                                                                                                                                                                                                                                                                  ; 9       ;
; screencard:screencard_inst|vga_adapter:vga_adpater_1|column[9]                                                                                                                                                                                                                                                                  ; 7       ;
; screencard:screencard_inst|vga_adapter:vga_adpater_1|column[5]                                                                                                                                                                                                                                                                  ; 6       ;
; screencard:screencard_inst|vga_adapter:vga_adpater_1|column[6]                                                                                                                                                                                                                                                                  ; 6       ;
; screencard:screencard_inst|vga_adapter:vga_adpater_1|row[0]                                                                                                                                                                                                                                                                     ; 26      ;
; screencard:screencard_inst|vga_adapter:vga_adpater_1|row[1]                                                                                                                                                                                                                                                                     ; 17      ;
; screencard:screencard_inst|vga_adapter:vga_adpater_1|row[2]                                                                                                                                                                                                                                                                     ; 14      ;
; screencard:screencard_inst|vga_adapter:vga_adpater_1|row[3]                                                                                                                                                                                                                                                                     ; 10      ;
; screencard:screencard_inst|vga_adapter:vga_adpater_1|row[4]                                                                                                                                                                                                                                                                     ; 6       ;
; screencard:screencard_inst|vga_adapter:vga_adpater_1|row[6]                                                                                                                                                                                                                                                                     ; 6       ;
; screencard:screencard_inst|vga_adapter:vga_adpater_1|column[3]                                                                                                                                                                                                                                                                  ; 6       ;
; screencard:screencard_inst|vga_adapter:vga_adpater_1|column[4]                                                                                                                                                                                                                                                                  ; 6       ;
; screencard:screencard_inst|vga_adapter:vga_adpater_1|row[7]                                                                                                                                                                                                                                                                     ; 6       ;
; screencard:screencard_inst|vga_adapter:vga_adpater_1|row[8]                                                                                                                                                                                                                                                                     ; 6       ;
; clock_controller:clock_controller_inst|counter_goal[31]                                                                                                                                                                                                                                                                         ; 1       ;
; clock_controller:clock_controller_inst|counter[31]                                                                                                                                                                                                                                                                              ; 3       ;
; clock_controller:clock_controller_inst|counter[0]                                                                                                                                                                                                                                                                               ; 2       ;
; clock_controller:clock_controller_inst|counter_goal[0]                                                                                                                                                                                                                                                                          ; 1       ;
; clock_controller:clock_controller_inst|antibounce_key:antibounced_key_inst|dff                                                                                                                                                                                                                                                  ; 3       ;
; eeprom_manager:eeprom_manager_inst|I2C_MASTER:i2c_master_inst|\p_STATE_MACHINE:bit_cnt[1]                                                                                                                                                                                                                                       ; 10      ;
; eeprom_manager:eeprom_manager_inst|I2C_MASTER:i2c_master_inst|\p_STATE_MACHINE:bit_cnt[0]                                                                                                                                                                                                                                       ; 9       ;
; eeprom_manager:eeprom_manager_inst|I2C_MASTER:i2c_master_inst|\p_STATE_MACHINE:bit_cnt[2]                                                                                                                                                                                                                                       ; 9       ;
; random:random_inst|random_byte[0]                                                                                                                                                                                                                                                                                               ; 2       ;
; random:random_inst|random_byte[1]                                                                                                                                                                                                                                                                                               ; 2       ;
; random:random_inst|random_byte[2]                                                                                                                                                                                                                                                                                               ; 2       ;
; random:random_inst|random_byte[3]                                                                                                                                                                                                                                                                                               ; 2       ;
; random:random_inst|random_byte[4]                                                                                                                                                                                                                                                                                               ; 2       ;
; random:random_inst|random_byte[5]                                                                                                                                                                                                                                                                                               ; 3       ;
; random:random_inst|random_byte[6]                                                                                                                                                                                                                                                                                               ; 3       ;
; random:random_inst|random_byte[7]                                                                                                                                                                                                                                                                                               ; 1       ;
; random:random_inst|random_byte_sig[0]                                                                                                                                                                                                                                                                                           ; 1       ;
; timer_millis:timer_millis_inst|counter[0]                                                                                                                                                                                                                                                                                       ; 1       ;
; PS2_MODUL:PS2_MODUL_inst|PS2_ASCII_TABLE:PS2_ASCII_TABLE_inst|rising_edge_detector:en_rising_edge_detector|sig_dff                                                                                                                                                                                                              ; 1       ;
; sld_hub:auto_hub|alt_sld_fab_with_jtag_input:\instrumentation_fabric_with_node_gen:fabric_gen_new_way:with_jtag_input_gen:instrumentation_fabric|alt_sld_fab:instrumentation_fabric|alt_sld_fab_alt_sld_fab:alt_sld_fab|alt_sld_fab_alt_sld_fab_sldfabric:sldfabric|sld_jtag_hub:\jtag_hub_gen:real_sld_jtag_hub|jtag_ir_reg[2] ; 2       ;
; sld_hub:auto_hub|alt_sld_fab_with_jtag_input:\instrumentation_fabric_with_node_gen:fabric_gen_new_way:with_jtag_input_gen:instrumentation_fabric|alt_sld_fab:instrumentation_fabric|alt_sld_fab_alt_sld_fab:alt_sld_fab|alt_sld_fab_alt_sld_fab_sldfabric:sldfabric|sld_jtag_hub:\jtag_hub_gen:real_sld_jtag_hub|jtag_ir_reg[1] ; 3       ;
; sld_signaltap:auto_signaltap_0|sld_signaltap_impl:sld_signaltap_body|sld_signaltap_implb:sld_signaltap_body|sld_buffer_manager:sld_buffer_manager_inst|modified_post_count[1]                                                                                                                                                   ; 1       ;
; sld_signaltap:auto_signaltap_0|sld_signaltap_impl:sld_signaltap_body|sld_signaltap_implb:sld_signaltap_body|sld_buffer_manager:sld_buffer_manager_inst|modified_post_count[2]                                                                                                                                                   ; 1       ;
; sld_signaltap:auto_signaltap_0|sld_signaltap_impl:sld_signaltap_body|sld_signaltap_implb:sld_signaltap_body|sld_buffer_manager:sld_buffer_manager_inst|modified_post_count[3]                                                                                                                                                   ; 1       ;
; sld_signaltap:auto_signaltap_0|sld_signaltap_impl:sld_signaltap_body|sld_signaltap_implb:sld_signaltap_body|sld_buffer_manager:sld_buffer_manager_inst|modified_post_count[4]                                                                                                                                                   ; 1       ;
; sld_signaltap:auto_signaltap_0|sld_signaltap_impl:sld_signaltap_body|sld_signaltap_implb:sld_signaltap_body|sld_buffer_manager:sld_buffer_manager_inst|modified_post_count[5]                                                                                                                                                   ; 1       ;
; sld_signaltap:auto_signaltap_0|sld_signaltap_impl:sld_signaltap_body|sld_signaltap_implb:sld_signaltap_body|sld_buffer_manager:sld_buffer_manager_inst|modified_post_count[6]                                                                                                                                                   ; 1       ;
; sld_signaltap:auto_signaltap_0|sld_signaltap_impl:sld_signaltap_body|sld_signaltap_implb:sld_signaltap_body|sld_buffer_manager:sld_buffer_manager_inst|modified_post_count[7]                                                                                                                                                   ; 1       ;
; sld_signaltap:auto_signaltap_0|sld_signaltap_impl:sld_signaltap_body|sld_signaltap_implb:sld_signaltap_body|sld_buffer_manager:sld_buffer_manager_inst|modified_post_count[8]                                                                                                                                                   ; 1       ;
; sld_signaltap:auto_signaltap_0|sld_signaltap_impl:sld_signaltap_body|sld_signaltap_implb:sld_signaltap_body|sld_buffer_manager:sld_buffer_manager_inst|modified_post_count[9]                                                                                                                                                   ; 1       ;
; sld_signaltap:auto_signaltap_0|sld_signaltap_impl:sld_signaltap_body|sld_signaltap_implb:sld_signaltap_body|sld_buffer_manager:sld_buffer_manager_inst|modified_post_count[10]                                                                                                                                                  ; 1       ;
; sld_signaltap:auto_signaltap_0|sld_signaltap_impl:sld_signaltap_body|sld_signaltap_implb:sld_signaltap_body|sld_buffer_manager:sld_buffer_manager_inst|modified_post_count[11]                                                                                                                                                  ; 1       ;
; sld_signaltap:auto_signaltap_0|sld_signaltap_impl:sld_signaltap_body|sld_signaltap_implb:sld_signaltap_body|sld_buffer_manager:sld_buffer_manager_inst|modified_post_count[12]                                                                                                                                                  ; 1       ;
; sld_signaltap:auto_signaltap_0|sld_signaltap_impl:sld_signaltap_body|sld_signaltap_implb:sld_signaltap_body|sld_buffer_manager:sld_buffer_manager_inst|modified_post_count[13]                                                                                                                                                  ; 1       ;
; sld_signaltap:auto_signaltap_0|sld_signaltap_impl:sld_signaltap_body|sld_signaltap_implb:sld_signaltap_body|sld_buffer_manager:sld_buffer_manager_inst|modified_post_count[0]                                                                                                                                                   ; 1       ;
; Total number of inverted registers = 51                                                                                                                                                                                                                                                                                         ;         ;
+---------------------------------------------------------------------------------------------------------------------------------------------------------------------------------------------------------------------------------------------------------------------------------------------------------------------------------+---------+


+-----------------------------------------------------------------------+
; Registers Packed Into Inferred Megafunctions                          ;
+---------------------------------+------------------------------+------+
; Register Name                   ; Megafunction                 ; Type ;
+---------------------------------+------------------------------+------+
; memory:memory_inst|read_a[0..7] ; memory:memory_inst|mem_rtl_0 ; RAM  ;
; memory:memory_inst|read_b[0..7] ; memory:memory_inst|mem_rtl_0 ; RAM  ;
+---------------------------------+------------------------------+------+


+----------------------------------------------------------------------------------------------------------------------------------------------------------------------------------------------------------------------------+
; Multiplexer Restructuring Statistics (Restructuring Performed)                                                                                                                                                             ;
+--------------------+-----------+---------------+----------------------+------------------------+------------+--------------------------------------------------------------------------------------------------------------+
; Multiplexer Inputs ; Bus Width ; Baseline Area ; Area if Restructured ; Saving if Restructured ; Registered ; Example Multiplexer Output                                                                                   ;
+--------------------+-----------+---------------+----------------------+------------------------+------------+--------------------------------------------------------------------------------------------------------------+
; 3:1                ; 2 bits    ; 4 LEs         ; 2 LEs                ; 2 LEs                  ; Yes        ; |motherboard|screencard:screencard_inst|vga_adapter:vga_adpater_1|column[7]                                  ;
; 3:1                ; 3 bits    ; 6 LEs         ; 6 LEs                ; 0 LEs                  ; Yes        ; |motherboard|screencard:screencard_inst|VGA_B[6]                                                             ;
; 3:1                ; 3 bits    ; 6 LEs         ; 3 LEs                ; 3 LEs                  ; Yes        ; |motherboard|memory_support:memory_support_inst|keyboard_as                                                  ;
; 3:1                ; 8 bits    ; 16 LEs        ; 8 LEs                ; 8 LEs                  ; Yes        ; |motherboard|PS2_MODUL:PS2_MODUL_inst|PS2_RAW_DATA:PS2_RAW_DATA_inst|dat[2]                                  ;
; 3:1                ; 8 bits    ; 16 LEs        ; 8 LEs                ; 8 LEs                  ; Yes        ; |motherboard|PS2_MODUL:PS2_MODUL_inst|PS2_RAW_DATA:PS2_RAW_DATA_inst|data_signal[6]                          ;
; 3:1                ; 13 bits   ; 26 LEs        ; 13 LEs               ; 13 LEs                 ; Yes        ; |motherboard|clock_controller:clock_controller_inst|antibounce_key:antibounced_key_inst|counter[7]           ;
; 3:1                ; 8 bits    ; 16 LEs        ; 8 LEs                ; 8 LEs                  ; Yes        ; |motherboard|eeprom_manager:eeprom_manager_inst|eeprom_i2c_controller:eeprom_i2c_controller_inst|ram[0][2]   ;
; 3:1                ; 8 bits    ; 16 LEs        ; 8 LEs                ; 8 LEs                  ; Yes        ; |motherboard|eeprom_manager:eeprom_manager_inst|eeprom_i2c_controller:eeprom_i2c_controller_inst|ram[1][4]   ;
; 3:1                ; 8 bits    ; 16 LEs        ; 8 LEs                ; 8 LEs                  ; Yes        ; |motherboard|eeprom_manager:eeprom_manager_inst|eeprom_i2c_controller:eeprom_i2c_controller_inst|ram[2][2]   ;
; 3:1                ; 8 bits    ; 16 LEs        ; 8 LEs                ; 8 LEs                  ; Yes        ; |motherboard|eeprom_manager:eeprom_manager_inst|eeprom_i2c_controller:eeprom_i2c_controller_inst|ram[3][7]   ;
; 3:1                ; 8 bits    ; 16 LEs        ; 8 LEs                ; 8 LEs                  ; Yes        ; |motherboard|eeprom_manager:eeprom_manager_inst|eeprom_i2c_controller:eeprom_i2c_controller_inst|ram[4][7]   ;
; 3:1                ; 8 bits    ; 16 LEs        ; 8 LEs                ; 8 LEs                  ; Yes        ; |motherboard|eeprom_manager:eeprom_manager_inst|eeprom_i2c_controller:eeprom_i2c_controller_inst|ram[5][2]   ;
; 3:1                ; 8 bits    ; 16 LEs        ; 8 LEs                ; 8 LEs                  ; Yes        ; |motherboard|eeprom_manager:eeprom_manager_inst|eeprom_i2c_controller:eeprom_i2c_controller_inst|ram[6][2]   ;
; 3:1                ; 8 bits    ; 16 LEs        ; 8 LEs                ; 8 LEs                  ; Yes        ; |motherboard|eeprom_manager:eeprom_manager_inst|eeprom_i2c_controller:eeprom_i2c_controller_inst|ram[7][0]   ;
; 3:1                ; 8 bits    ; 16 LEs        ; 8 LEs                ; 8 LEs                  ; Yes        ; |motherboard|eeprom_manager:eeprom_manager_inst|eeprom_i2c_controller:eeprom_i2c_controller_inst|ram[8][2]   ;
; 3:1                ; 8 bits    ; 16 LEs        ; 8 LEs                ; 8 LEs                  ; Yes        ; |motherboard|eeprom_manager:eeprom_manager_inst|eeprom_i2c_controller:eeprom_i2c_controller_inst|ram[9][5]   ;
; 3:1                ; 8 bits    ; 16 LEs        ; 8 LEs                ; 8 LEs                  ; Yes        ; |motherboard|eeprom_manager:eeprom_manager_inst|eeprom_i2c_controller:eeprom_i2c_controller_inst|ram[10][7]  ;
; 3:1                ; 8 bits    ; 16 LEs        ; 8 LEs                ; 8 LEs                  ; Yes        ; |motherboard|eeprom_manager:eeprom_manager_inst|eeprom_i2c_controller:eeprom_i2c_controller_inst|ram[11][3]  ;
; 3:1                ; 8 bits    ; 16 LEs        ; 8 LEs                ; 8 LEs                  ; Yes        ; |motherboard|eeprom_manager:eeprom_manager_inst|eeprom_i2c_controller:eeprom_i2c_controller_inst|ram[12][7]  ;
; 3:1                ; 8 bits    ; 16 LEs        ; 8 LEs                ; 8 LEs                  ; Yes        ; |motherboard|eeprom_manager:eeprom_manager_inst|eeprom_i2c_controller:eeprom_i2c_controller_inst|ram[13][3]  ;
; 3:1                ; 8 bits    ; 16 LEs        ; 8 LEs                ; 8 LEs                  ; Yes        ; |motherboard|eeprom_manager:eeprom_manager_inst|eeprom_i2c_controller:eeprom_i2c_controller_inst|ram[14][7]  ;
; 3:1                ; 8 bits    ; 16 LEs        ; 8 LEs                ; 8 LEs                  ; Yes        ; |motherboard|eeprom_manager:eeprom_manager_inst|eeprom_i2c_controller:eeprom_i2c_controller_inst|ram[15][3]  ;
; 3:1                ; 8 bits    ; 16 LEs        ; 8 LEs                ; 8 LEs                  ; Yes        ; |motherboard|eeprom_manager:eeprom_manager_inst|eeprom_i2c_controller:eeprom_i2c_controller_inst|ram[16][4]  ;
; 3:1                ; 8 bits    ; 16 LEs        ; 8 LEs                ; 8 LEs                  ; Yes        ; |motherboard|eeprom_manager:eeprom_manager_inst|eeprom_i2c_controller:eeprom_i2c_controller_inst|ram[17][1]  ;
; 3:1                ; 8 bits    ; 16 LEs        ; 8 LEs                ; 8 LEs                  ; Yes        ; |motherboard|eeprom_manager:eeprom_manager_inst|eeprom_i2c_controller:eeprom_i2c_controller_inst|ram[18][6]  ;
; 3:1                ; 8 bits    ; 16 LEs        ; 8 LEs                ; 8 LEs                  ; Yes        ; |motherboard|eeprom_manager:eeprom_manager_inst|eeprom_i2c_controller:eeprom_i2c_controller_inst|ram[19][5]  ;
; 3:1                ; 8 bits    ; 16 LEs        ; 8 LEs                ; 8 LEs                  ; Yes        ; |motherboard|eeprom_manager:eeprom_manager_inst|eeprom_i2c_controller:eeprom_i2c_controller_inst|ram[20][7]  ;
; 3:1                ; 8 bits    ; 16 LEs        ; 8 LEs                ; 8 LEs                  ; Yes        ; |motherboard|eeprom_manager:eeprom_manager_inst|eeprom_i2c_controller:eeprom_i2c_controller_inst|ram[21][5]  ;
; 3:1                ; 8 bits    ; 16 LEs        ; 8 LEs                ; 8 LEs                  ; Yes        ; |motherboard|eeprom_manager:eeprom_manager_inst|eeprom_i2c_controller:eeprom_i2c_controller_inst|ram[22][1]  ;
; 3:1                ; 8 bits    ; 16 LEs        ; 8 LEs                ; 8 LEs                  ; Yes        ; |motherboard|eeprom_manager:eeprom_manager_inst|eeprom_i2c_controller:eeprom_i2c_controller_inst|ram[23][4]  ;
; 3:1                ; 8 bits    ; 16 LEs        ; 8 LEs                ; 8 LEs                  ; Yes        ; |motherboard|eeprom_manager:eeprom_manager_inst|eeprom_i2c_controller:eeprom_i2c_controller_inst|ram[24][6]  ;
; 3:1                ; 8 bits    ; 16 LEs        ; 8 LEs                ; 8 LEs                  ; Yes        ; |motherboard|eeprom_manager:eeprom_manager_inst|eeprom_i2c_controller:eeprom_i2c_controller_inst|ram[25][6]  ;
; 3:1                ; 8 bits    ; 16 LEs        ; 8 LEs                ; 8 LEs                  ; Yes        ; |motherboard|eeprom_manager:eeprom_manager_inst|eeprom_i2c_controller:eeprom_i2c_controller_inst|ram[26][5]  ;
; 3:1                ; 8 bits    ; 16 LEs        ; 8 LEs                ; 8 LEs                  ; Yes        ; |motherboard|eeprom_manager:eeprom_manager_inst|eeprom_i2c_controller:eeprom_i2c_controller_inst|ram[27][5]  ;
; 3:1                ; 8 bits    ; 16 LEs        ; 8 LEs                ; 8 LEs                  ; Yes        ; |motherboard|eeprom_manager:eeprom_manager_inst|eeprom_i2c_controller:eeprom_i2c_controller_inst|ram[28][7]  ;
; 3:1                ; 8 bits    ; 16 LEs        ; 8 LEs                ; 8 LEs                  ; Yes        ; |motherboard|eeprom_manager:eeprom_manager_inst|eeprom_i2c_controller:eeprom_i2c_controller_inst|ram[29][1]  ;
; 3:1                ; 8 bits    ; 16 LEs        ; 8 LEs                ; 8 LEs                  ; Yes        ; |motherboard|eeprom_manager:eeprom_manager_inst|eeprom_i2c_controller:eeprom_i2c_controller_inst|ram[30][1]  ;
; 3:1                ; 8 bits    ; 16 LEs        ; 8 LEs                ; 8 LEs                  ; Yes        ; |motherboard|eeprom_manager:eeprom_manager_inst|eeprom_i2c_controller:eeprom_i2c_controller_inst|ram[31][6]  ;
; 3:1                ; 8 bits    ; 16 LEs        ; 8 LEs                ; 8 LEs                  ; Yes        ; |motherboard|eeprom_manager:eeprom_manager_inst|eeprom_i2c_controller:eeprom_i2c_controller_inst|ram[32][4]  ;
; 3:1                ; 8 bits    ; 16 LEs        ; 8 LEs                ; 8 LEs                  ; Yes        ; |motherboard|eeprom_manager:eeprom_manager_inst|eeprom_i2c_controller:eeprom_i2c_controller_inst|ram[33][2]  ;
; 3:1                ; 8 bits    ; 16 LEs        ; 8 LEs                ; 8 LEs                  ; Yes        ; |motherboard|eeprom_manager:eeprom_manager_inst|eeprom_i2c_controller:eeprom_i2c_controller_inst|ram[34][2]  ;
; 3:1                ; 8 bits    ; 16 LEs        ; 8 LEs                ; 8 LEs                  ; Yes        ; |motherboard|eeprom_manager:eeprom_manager_inst|eeprom_i2c_controller:eeprom_i2c_controller_inst|ram[35][0]  ;
; 3:1                ; 8 bits    ; 16 LEs        ; 8 LEs                ; 8 LEs                  ; Yes        ; |motherboard|eeprom_manager:eeprom_manager_inst|eeprom_i2c_controller:eeprom_i2c_controller_inst|ram[36][2]  ;
; 3:1                ; 8 bits    ; 16 LEs        ; 8 LEs                ; 8 LEs                  ; Yes        ; |motherboard|eeprom_manager:eeprom_manager_inst|eeprom_i2c_controller:eeprom_i2c_controller_inst|ram[37][0]  ;
; 3:1                ; 8 bits    ; 16 LEs        ; 8 LEs                ; 8 LEs                  ; Yes        ; |motherboard|eeprom_manager:eeprom_manager_inst|eeprom_i2c_controller:eeprom_i2c_controller_inst|ram[38][4]  ;
; 3:1                ; 8 bits    ; 16 LEs        ; 8 LEs                ; 8 LEs                  ; Yes        ; |motherboard|eeprom_manager:eeprom_manager_inst|eeprom_i2c_controller:eeprom_i2c_controller_inst|ram[39][7]  ;
; 3:1                ; 8 bits    ; 16 LEs        ; 8 LEs                ; 8 LEs                  ; Yes        ; |motherboard|eeprom_manager:eeprom_manager_inst|eeprom_i2c_controller:eeprom_i2c_controller_inst|ram[40][7]  ;
; 3:1                ; 8 bits    ; 16 LEs        ; 8 LEs                ; 8 LEs                  ; Yes        ; |motherboard|eeprom_manager:eeprom_manager_inst|eeprom_i2c_controller:eeprom_i2c_controller_inst|ram[41][7]  ;
; 3:1                ; 8 bits    ; 16 LEs        ; 8 LEs                ; 8 LEs                  ; Yes        ; |motherboard|eeprom_manager:eeprom_manager_inst|eeprom_i2c_controller:eeprom_i2c_controller_inst|ram[42][3]  ;
; 3:1                ; 8 bits    ; 16 LEs        ; 8 LEs                ; 8 LEs                  ; Yes        ; |motherboard|eeprom_manager:eeprom_manager_inst|eeprom_i2c_controller:eeprom_i2c_controller_inst|ram[43][5]  ;
; 3:1                ; 8 bits    ; 16 LEs        ; 8 LEs                ; 8 LEs                  ; Yes        ; |motherboard|eeprom_manager:eeprom_manager_inst|eeprom_i2c_controller:eeprom_i2c_controller_inst|ram[44][5]  ;
; 3:1                ; 8 bits    ; 16 LEs        ; 8 LEs                ; 8 LEs                  ; Yes        ; |motherboard|eeprom_manager:eeprom_manager_inst|eeprom_i2c_controller:eeprom_i2c_controller_inst|ram[45][1]  ;
; 3:1                ; 8 bits    ; 16 LEs        ; 8 LEs                ; 8 LEs                  ; Yes        ; |motherboard|eeprom_manager:eeprom_manager_inst|eeprom_i2c_controller:eeprom_i2c_controller_inst|ram[46][1]  ;
; 3:1                ; 8 bits    ; 16 LEs        ; 8 LEs                ; 8 LEs                  ; Yes        ; |motherboard|eeprom_manager:eeprom_manager_inst|eeprom_i2c_controller:eeprom_i2c_controller_inst|ram[47][1]  ;
; 3:1                ; 8 bits    ; 16 LEs        ; 8 LEs                ; 8 LEs                  ; Yes        ; |motherboard|eeprom_manager:eeprom_manager_inst|eeprom_i2c_controller:eeprom_i2c_controller_inst|ram[48][1]  ;
; 3:1                ; 8 bits    ; 16 LEs        ; 8 LEs                ; 8 LEs                  ; Yes        ; |motherboard|eeprom_manager:eeprom_manager_inst|eeprom_i2c_controller:eeprom_i2c_controller_inst|ram[49][1]  ;
; 3:1                ; 8 bits    ; 16 LEs        ; 8 LEs                ; 8 LEs                  ; Yes        ; |motherboard|eeprom_manager:eeprom_manager_inst|eeprom_i2c_controller:eeprom_i2c_controller_inst|ram[50][0]  ;
; 3:1                ; 8 bits    ; 16 LEs        ; 8 LEs                ; 8 LEs                  ; Yes        ; |motherboard|eeprom_manager:eeprom_manager_inst|eeprom_i2c_controller:eeprom_i2c_controller_inst|ram[51][3]  ;
; 3:1                ; 8 bits    ; 16 LEs        ; 8 LEs                ; 8 LEs                  ; Yes        ; |motherboard|eeprom_manager:eeprom_manager_inst|eeprom_i2c_controller:eeprom_i2c_controller_inst|ram[52][6]  ;
; 3:1                ; 8 bits    ; 16 LEs        ; 8 LEs                ; 8 LEs                  ; Yes        ; |motherboard|eeprom_manager:eeprom_manager_inst|eeprom_i2c_controller:eeprom_i2c_controller_inst|ram[53][3]  ;
; 3:1                ; 8 bits    ; 16 LEs        ; 8 LEs                ; 8 LEs                  ; Yes        ; |motherboard|eeprom_manager:eeprom_manager_inst|eeprom_i2c_controller:eeprom_i2c_controller_inst|ram[54][7]  ;
; 3:1                ; 8 bits    ; 16 LEs        ; 8 LEs                ; 8 LEs                  ; Yes        ; |motherboard|eeprom_manager:eeprom_manager_inst|eeprom_i2c_controller:eeprom_i2c_controller_inst|ram[55][6]  ;
; 3:1                ; 8 bits    ; 16 LEs        ; 8 LEs                ; 8 LEs                  ; Yes        ; |motherboard|eeprom_manager:eeprom_manager_inst|eeprom_i2c_controller:eeprom_i2c_controller_inst|ram[56][2]  ;
; 3:1                ; 8 bits    ; 16 LEs        ; 8 LEs                ; 8 LEs                  ; Yes        ; |motherboard|eeprom_manager:eeprom_manager_inst|eeprom_i2c_controller:eeprom_i2c_controller_inst|ram[57][7]  ;
; 3:1                ; 8 bits    ; 16 LEs        ; 8 LEs                ; 8 LEs                  ; Yes        ; |motherboard|eeprom_manager:eeprom_manager_inst|eeprom_i2c_controller:eeprom_i2c_controller_inst|ram[58][1]  ;
; 3:1                ; 8 bits    ; 16 LEs        ; 8 LEs                ; 8 LEs                  ; Yes        ; |motherboard|eeprom_manager:eeprom_manager_inst|eeprom_i2c_controller:eeprom_i2c_controller_inst|ram[59][1]  ;
; 3:1                ; 8 bits    ; 16 LEs        ; 8 LEs                ; 8 LEs                  ; Yes        ; |motherboard|eeprom_manager:eeprom_manager_inst|eeprom_i2c_controller:eeprom_i2c_controller_inst|ram[60][1]  ;
; 3:1                ; 8 bits    ; 16 LEs        ; 8 LEs                ; 8 LEs                  ; Yes        ; |motherboard|eeprom_manager:eeprom_manager_inst|eeprom_i2c_controller:eeprom_i2c_controller_inst|ram[61][1]  ;
; 3:1                ; 8 bits    ; 16 LEs        ; 8 LEs                ; 8 LEs                  ; Yes        ; |motherboard|eeprom_manager:eeprom_manager_inst|eeprom_i2c_controller:eeprom_i2c_controller_inst|ram[62][1]  ;
; 3:1                ; 8 bits    ; 16 LEs        ; 8 LEs                ; 8 LEs                  ; Yes        ; |motherboard|eeprom_manager:eeprom_manager_inst|eeprom_i2c_controller:eeprom_i2c_controller_inst|ram[63][1]  ;
; 3:1                ; 8 bits    ; 16 LEs        ; 8 LEs                ; 8 LEs                  ; Yes        ; |motherboard|eeprom_manager:eeprom_manager_inst|eeprom_i2c_controller:eeprom_i2c_controller_inst|ram[64][3]  ;
; 3:1                ; 8 bits    ; 16 LEs        ; 8 LEs                ; 8 LEs                  ; Yes        ; |motherboard|eeprom_manager:eeprom_manager_inst|eeprom_i2c_controller:eeprom_i2c_controller_inst|ram[65][3]  ;
; 3:1                ; 8 bits    ; 16 LEs        ; 8 LEs                ; 8 LEs                  ; Yes        ; |motherboard|eeprom_manager:eeprom_manager_inst|eeprom_i2c_controller:eeprom_i2c_controller_inst|ram[66][3]  ;
; 3:1                ; 8 bits    ; 16 LEs        ; 8 LEs                ; 8 LEs                  ; Yes        ; |motherboard|eeprom_manager:eeprom_manager_inst|eeprom_i2c_controller:eeprom_i2c_controller_inst|ram[67][1]  ;
; 3:1                ; 8 bits    ; 16 LEs        ; 8 LEs                ; 8 LEs                  ; Yes        ; |motherboard|eeprom_manager:eeprom_manager_inst|eeprom_i2c_controller:eeprom_i2c_controller_inst|ram[68][1]  ;
; 3:1                ; 8 bits    ; 16 LEs        ; 8 LEs                ; 8 LEs                  ; Yes        ; |motherboard|eeprom_manager:eeprom_manager_inst|eeprom_i2c_controller:eeprom_i2c_controller_inst|ram[69][1]  ;
; 3:1                ; 8 bits    ; 16 LEs        ; 8 LEs                ; 8 LEs                  ; Yes        ; |motherboard|eeprom_manager:eeprom_manager_inst|eeprom_i2c_controller:eeprom_i2c_controller_inst|ram[70][1]  ;
; 3:1                ; 8 bits    ; 16 LEs        ; 8 LEs                ; 8 LEs                  ; Yes        ; |motherboard|eeprom_manager:eeprom_manager_inst|eeprom_i2c_controller:eeprom_i2c_controller_inst|ram[71][1]  ;
; 3:1                ; 8 bits    ; 16 LEs        ; 8 LEs                ; 8 LEs                  ; Yes        ; |motherboard|eeprom_manager:eeprom_manager_inst|eeprom_i2c_controller:eeprom_i2c_controller_inst|ram[72][1]  ;
; 3:1                ; 8 bits    ; 16 LEs        ; 8 LEs                ; 8 LEs                  ; Yes        ; |motherboard|eeprom_manager:eeprom_manager_inst|eeprom_i2c_controller:eeprom_i2c_controller_inst|ram[73][1]  ;
; 3:1                ; 8 bits    ; 16 LEs        ; 8 LEs                ; 8 LEs                  ; Yes        ; |motherboard|eeprom_manager:eeprom_manager_inst|eeprom_i2c_controller:eeprom_i2c_controller_inst|ram[74][1]  ;
; 3:1                ; 8 bits    ; 16 LEs        ; 8 LEs                ; 8 LEs                  ; Yes        ; |motherboard|eeprom_manager:eeprom_manager_inst|eeprom_i2c_controller:eeprom_i2c_controller_inst|ram[75][7]  ;
; 3:1                ; 8 bits    ; 16 LEs        ; 8 LEs                ; 8 LEs                  ; Yes        ; |motherboard|eeprom_manager:eeprom_manager_inst|eeprom_i2c_controller:eeprom_i2c_controller_inst|ram[76][5]  ;
; 3:1                ; 8 bits    ; 16 LEs        ; 8 LEs                ; 8 LEs                  ; Yes        ; |motherboard|eeprom_manager:eeprom_manager_inst|eeprom_i2c_controller:eeprom_i2c_controller_inst|ram[77][2]  ;
; 3:1                ; 8 bits    ; 16 LEs        ; 8 LEs                ; 8 LEs                  ; Yes        ; |motherboard|eeprom_manager:eeprom_manager_inst|eeprom_i2c_controller:eeprom_i2c_controller_inst|ram[78][0]  ;
; 3:1                ; 8 bits    ; 16 LEs        ; 8 LEs                ; 8 LEs                  ; Yes        ; |motherboard|eeprom_manager:eeprom_manager_inst|eeprom_i2c_controller:eeprom_i2c_controller_inst|ram[79][0]  ;
; 3:1                ; 8 bits    ; 16 LEs        ; 8 LEs                ; 8 LEs                  ; Yes        ; |motherboard|eeprom_manager:eeprom_manager_inst|eeprom_i2c_controller:eeprom_i2c_controller_inst|ram[80][6]  ;
; 3:1                ; 8 bits    ; 16 LEs        ; 8 LEs                ; 8 LEs                  ; Yes        ; |motherboard|eeprom_manager:eeprom_manager_inst|eeprom_i2c_controller:eeprom_i2c_controller_inst|ram[81][3]  ;
; 3:1                ; 8 bits    ; 16 LEs        ; 8 LEs                ; 8 LEs                  ; Yes        ; |motherboard|eeprom_manager:eeprom_manager_inst|eeprom_i2c_controller:eeprom_i2c_controller_inst|ram[82][1]  ;
; 3:1                ; 8 bits    ; 16 LEs        ; 8 LEs                ; 8 LEs                  ; Yes        ; |motherboard|eeprom_manager:eeprom_manager_inst|eeprom_i2c_controller:eeprom_i2c_controller_inst|ram[83][0]  ;
; 3:1                ; 8 bits    ; 16 LEs        ; 8 LEs                ; 8 LEs                  ; Yes        ; |motherboard|eeprom_manager:eeprom_manager_inst|eeprom_i2c_controller:eeprom_i2c_controller_inst|ram[84][0]  ;
; 3:1                ; 8 bits    ; 16 LEs        ; 8 LEs                ; 8 LEs                  ; Yes        ; |motherboard|eeprom_manager:eeprom_manager_inst|eeprom_i2c_controller:eeprom_i2c_controller_inst|ram[85][6]  ;
; 3:1                ; 8 bits    ; 16 LEs        ; 8 LEs                ; 8 LEs                  ; Yes        ; |motherboard|eeprom_manager:eeprom_manager_inst|eeprom_i2c_controller:eeprom_i2c_controller_inst|ram[86][0]  ;
; 3:1                ; 8 bits    ; 16 LEs        ; 8 LEs                ; 8 LEs                  ; Yes        ; |motherboard|eeprom_manager:eeprom_manager_inst|eeprom_i2c_controller:eeprom_i2c_controller_inst|ram[87][1]  ;
; 3:1                ; 8 bits    ; 16 LEs        ; 8 LEs                ; 8 LEs                  ; Yes        ; |motherboard|eeprom_manager:eeprom_manager_inst|eeprom_i2c_controller:eeprom_i2c_controller_inst|ram[88][3]  ;
; 3:1                ; 8 bits    ; 16 LEs        ; 8 LEs                ; 8 LEs                  ; Yes        ; |motherboard|eeprom_manager:eeprom_manager_inst|eeprom_i2c_controller:eeprom_i2c_controller_inst|ram[89][6]  ;
; 3:1                ; 8 bits    ; 16 LEs        ; 8 LEs                ; 8 LEs                  ; Yes        ; |motherboard|eeprom_manager:eeprom_manager_inst|eeprom_i2c_controller:eeprom_i2c_controller_inst|ram[90][6]  ;
; 3:1                ; 8 bits    ; 16 LEs        ; 8 LEs                ; 8 LEs                  ; Yes        ; |motherboard|eeprom_manager:eeprom_manager_inst|eeprom_i2c_controller:eeprom_i2c_controller_inst|ram[91][0]  ;
; 3:1                ; 8 bits    ; 16 LEs        ; 8 LEs                ; 8 LEs                  ; Yes        ; |motherboard|eeprom_manager:eeprom_manager_inst|eeprom_i2c_controller:eeprom_i2c_controller_inst|ram[92][2]  ;
; 3:1                ; 8 bits    ; 16 LEs        ; 8 LEs                ; 8 LEs                  ; Yes        ; |motherboard|eeprom_manager:eeprom_manager_inst|eeprom_i2c_controller:eeprom_i2c_controller_inst|ram[93][0]  ;
; 3:1                ; 8 bits    ; 16 LEs        ; 8 LEs                ; 8 LEs                  ; Yes        ; |motherboard|eeprom_manager:eeprom_manager_inst|eeprom_i2c_controller:eeprom_i2c_controller_inst|ram[94][5]  ;
; 3:1                ; 8 bits    ; 16 LEs        ; 8 LEs                ; 8 LEs                  ; Yes        ; |motherboard|eeprom_manager:eeprom_manager_inst|eeprom_i2c_controller:eeprom_i2c_controller_inst|ram[95][0]  ;
; 3:1                ; 8 bits    ; 16 LEs        ; 8 LEs                ; 8 LEs                  ; Yes        ; |motherboard|eeprom_manager:eeprom_manager_inst|eeprom_i2c_controller:eeprom_i2c_controller_inst|ram[96][3]  ;
; 3:1                ; 8 bits    ; 16 LEs        ; 8 LEs                ; 8 LEs                  ; Yes        ; |motherboard|eeprom_manager:eeprom_manager_inst|eeprom_i2c_controller:eeprom_i2c_controller_inst|ram[97][7]  ;
; 3:1                ; 8 bits    ; 16 LEs        ; 8 LEs                ; 8 LEs                  ; Yes        ; |motherboard|eeprom_manager:eeprom_manager_inst|eeprom_i2c_controller:eeprom_i2c_controller_inst|ram[98][2]  ;
; 3:1                ; 8 bits    ; 16 LEs        ; 8 LEs                ; 8 LEs                  ; Yes        ; |motherboard|eeprom_manager:eeprom_manager_inst|eeprom_i2c_controller:eeprom_i2c_controller_inst|ram[99][0]  ;
; 3:1                ; 8 bits    ; 16 LEs        ; 8 LEs                ; 8 LEs                  ; Yes        ; |motherboard|eeprom_manager:eeprom_manager_inst|eeprom_i2c_controller:eeprom_i2c_controller_inst|ram[100][2] ;
; 3:1                ; 8 bits    ; 16 LEs        ; 8 LEs                ; 8 LEs                  ; Yes        ; |motherboard|eeprom_manager:eeprom_manager_inst|eeprom_i2c_controller:eeprom_i2c_controller_inst|ram[101][7] ;
; 3:1                ; 8 bits    ; 16 LEs        ; 8 LEs                ; 8 LEs                  ; Yes        ; |motherboard|eeprom_manager:eeprom_manager_inst|eeprom_i2c_controller:eeprom_i2c_controller_inst|ram[102][0] ;
; 3:1                ; 8 bits    ; 16 LEs        ; 8 LEs                ; 8 LEs                  ; Yes        ; |motherboard|eeprom_manager:eeprom_manager_inst|eeprom_i2c_controller:eeprom_i2c_controller_inst|ram[103][7] ;
; 3:1                ; 8 bits    ; 16 LEs        ; 8 LEs                ; 8 LEs                  ; Yes        ; |motherboard|eeprom_manager:eeprom_manager_inst|eeprom_i2c_controller:eeprom_i2c_controller_inst|ram[104][0] ;
; 3:1                ; 8 bits    ; 16 LEs        ; 8 LEs                ; 8 LEs                  ; Yes        ; |motherboard|eeprom_manager:eeprom_manager_inst|eeprom_i2c_controller:eeprom_i2c_controller_inst|ram[105][1] ;
; 3:1                ; 8 bits    ; 16 LEs        ; 8 LEs                ; 8 LEs                  ; Yes        ; |motherboard|eeprom_manager:eeprom_manager_inst|eeprom_i2c_controller:eeprom_i2c_controller_inst|ram[106][2] ;
; 3:1                ; 8 bits    ; 16 LEs        ; 8 LEs                ; 8 LEs                  ; Yes        ; |motherboard|eeprom_manager:eeprom_manager_inst|eeprom_i2c_controller:eeprom_i2c_controller_inst|ram[107][1] ;
; 3:1                ; 8 bits    ; 16 LEs        ; 8 LEs                ; 8 LEs                  ; Yes        ; |motherboard|eeprom_manager:eeprom_manager_inst|eeprom_i2c_controller:eeprom_i2c_controller_inst|ram[108][6] ;
; 3:1                ; 8 bits    ; 16 LEs        ; 8 LEs                ; 8 LEs                  ; Yes        ; |motherboard|eeprom_manager:eeprom_manager_inst|eeprom_i2c_controller:eeprom_i2c_controller_inst|ram[109][5] ;
; 3:1                ; 8 bits    ; 16 LEs        ; 8 LEs                ; 8 LEs                  ; Yes        ; |motherboard|eeprom_manager:eeprom_manager_inst|eeprom_i2c_controller:eeprom_i2c_controller_inst|ram[110][4] ;
; 3:1                ; 8 bits    ; 16 LEs        ; 8 LEs                ; 8 LEs                  ; Yes        ; |motherboard|eeprom_manager:eeprom_manager_inst|eeprom_i2c_controller:eeprom_i2c_controller_inst|ram[111][4] ;
; 3:1                ; 8 bits    ; 16 LEs        ; 8 LEs                ; 8 LEs                  ; Yes        ; |motherboard|eeprom_manager:eeprom_manager_inst|eeprom_i2c_controller:eeprom_i2c_controller_inst|ram[112][1] ;
; 3:1                ; 8 bits    ; 16 LEs        ; 8 LEs                ; 8 LEs                  ; Yes        ; |motherboard|eeprom_manager:eeprom_manager_inst|eeprom_i2c_controller:eeprom_i2c_controller_inst|ram[113][5] ;
; 3:1                ; 8 bits    ; 16 LEs        ; 8 LEs                ; 8 LEs                  ; Yes        ; |motherboard|eeprom_manager:eeprom_manager_inst|eeprom_i2c_controller:eeprom_i2c_controller_inst|ram[114][5] ;
; 3:1                ; 8 bits    ; 16 LEs        ; 8 LEs                ; 8 LEs                  ; Yes        ; |motherboard|eeprom_manager:eeprom_manager_inst|eeprom_i2c_controller:eeprom_i2c_controller_inst|ram[115][5] ;
; 3:1                ; 8 bits    ; 16 LEs        ; 8 LEs                ; 8 LEs                  ; Yes        ; |motherboard|eeprom_manager:eeprom_manager_inst|eeprom_i2c_controller:eeprom_i2c_controller_inst|ram[116][5] ;
; 3:1                ; 8 bits    ; 16 LEs        ; 8 LEs                ; 8 LEs                  ; Yes        ; |motherboard|eeprom_manager:eeprom_manager_inst|eeprom_i2c_controller:eeprom_i2c_controller_inst|ram[117][2] ;
; 3:1                ; 8 bits    ; 16 LEs        ; 8 LEs                ; 8 LEs                  ; Yes        ; |motherboard|eeprom_manager:eeprom_manager_inst|eeprom_i2c_controller:eeprom_i2c_controller_inst|ram[118][5] ;
; 3:1                ; 8 bits    ; 16 LEs        ; 8 LEs                ; 8 LEs                  ; Yes        ; |motherboard|eeprom_manager:eeprom_manager_inst|eeprom_i2c_controller:eeprom_i2c_controller_inst|ram[119][5] ;
; 3:1                ; 8 bits    ; 16 LEs        ; 8 LEs                ; 8 LEs                  ; Yes        ; |motherboard|eeprom_manager:eeprom_manager_inst|eeprom_i2c_controller:eeprom_i2c_controller_inst|ram[120][6] ;
; 3:1                ; 8 bits    ; 16 LEs        ; 8 LEs                ; 8 LEs                  ; Yes        ; |motherboard|eeprom_manager:eeprom_manager_inst|eeprom_i2c_controller:eeprom_i2c_controller_inst|ram[121][6] ;
; 3:1                ; 8 bits    ; 16 LEs        ; 8 LEs                ; 8 LEs                  ; Yes        ; |motherboard|eeprom_manager:eeprom_manager_inst|eeprom_i2c_controller:eeprom_i2c_controller_inst|ram[122][4] ;
; 3:1                ; 8 bits    ; 16 LEs        ; 8 LEs                ; 8 LEs                  ; Yes        ; |motherboard|eeprom_manager:eeprom_manager_inst|eeprom_i2c_controller:eeprom_i2c_controller_inst|ram[123][2] ;
; 3:1                ; 8 bits    ; 16 LEs        ; 8 LEs                ; 8 LEs                  ; Yes        ; |motherboard|eeprom_manager:eeprom_manager_inst|eeprom_i2c_controller:eeprom_i2c_controller_inst|ram[124][7] ;
; 3:1                ; 8 bits    ; 16 LEs        ; 8 LEs                ; 8 LEs                  ; Yes        ; |motherboard|eeprom_manager:eeprom_manager_inst|eeprom_i2c_controller:eeprom_i2c_controller_inst|ram[125][2] ;
; 3:1                ; 8 bits    ; 16 LEs        ; 8 LEs                ; 8 LEs                  ; Yes        ; |motherboard|eeprom_manager:eeprom_manager_inst|eeprom_i2c_controller:eeprom_i2c_controller_inst|ram[126][6] ;
; 3:1                ; 8 bits    ; 16 LEs        ; 8 LEs                ; 8 LEs                  ; Yes        ; |motherboard|eeprom_manager:eeprom_manager_inst|eeprom_i2c_controller:eeprom_i2c_controller_inst|ram[127][0] ;
; 3:1                ; 8 bits    ; 16 LEs        ; 8 LEs                ; 8 LEs                  ; Yes        ; |motherboard|eeprom_manager:eeprom_manager_inst|eeprom_i2c_controller:eeprom_i2c_controller_inst|ram[128][1] ;
; 3:1                ; 8 bits    ; 16 LEs        ; 8 LEs                ; 8 LEs                  ; Yes        ; |motherboard|eeprom_manager:eeprom_manager_inst|eeprom_i2c_controller:eeprom_i2c_controller_inst|ram[129][0] ;
; 3:1                ; 8 bits    ; 16 LEs        ; 8 LEs                ; 8 LEs                  ; Yes        ; |motherboard|eeprom_manager:eeprom_manager_inst|eeprom_i2c_controller:eeprom_i2c_controller_inst|ram[130][5] ;
; 3:1                ; 8 bits    ; 16 LEs        ; 8 LEs                ; 8 LEs                  ; Yes        ; |motherboard|eeprom_manager:eeprom_manager_inst|eeprom_i2c_controller:eeprom_i2c_controller_inst|ram[131][0] ;
; 3:1                ; 8 bits    ; 16 LEs        ; 8 LEs                ; 8 LEs                  ; Yes        ; |motherboard|eeprom_manager:eeprom_manager_inst|eeprom_i2c_controller:eeprom_i2c_controller_inst|ram[132][3] ;
; 3:1                ; 8 bits    ; 16 LEs        ; 8 LEs                ; 8 LEs                  ; Yes        ; |motherboard|eeprom_manager:eeprom_manager_inst|eeprom_i2c_controller:eeprom_i2c_controller_inst|ram[133][0] ;
; 3:1                ; 8 bits    ; 16 LEs        ; 8 LEs                ; 8 LEs                  ; Yes        ; |motherboard|eeprom_manager:eeprom_manager_inst|eeprom_i2c_controller:eeprom_i2c_controller_inst|ram[134][3] ;
; 3:1                ; 8 bits    ; 16 LEs        ; 8 LEs                ; 8 LEs                  ; Yes        ; |motherboard|eeprom_manager:eeprom_manager_inst|eeprom_i2c_controller:eeprom_i2c_controller_inst|ram[135][6] ;
; 3:1                ; 8 bits    ; 16 LEs        ; 8 LEs                ; 8 LEs                  ; Yes        ; |motherboard|eeprom_manager:eeprom_manager_inst|eeprom_i2c_controller:eeprom_i2c_controller_inst|ram[136][7] ;
; 3:1                ; 8 bits    ; 16 LEs        ; 8 LEs                ; 8 LEs                  ; Yes        ; |motherboard|eeprom_manager:eeprom_manager_inst|eeprom_i2c_controller:eeprom_i2c_controller_inst|ram[137][7] ;
; 3:1                ; 8 bits    ; 16 LEs        ; 8 LEs                ; 8 LEs                  ; Yes        ; |motherboard|eeprom_manager:eeprom_manager_inst|eeprom_i2c_controller:eeprom_i2c_controller_inst|ram[138][3] ;
; 3:1                ; 8 bits    ; 16 LEs        ; 8 LEs                ; 8 LEs                  ; Yes        ; |motherboard|eeprom_manager:eeprom_manager_inst|eeprom_i2c_controller:eeprom_i2c_controller_inst|ram[139][0] ;
; 3:1                ; 8 bits    ; 16 LEs        ; 8 LEs                ; 8 LEs                  ; Yes        ; |motherboard|eeprom_manager:eeprom_manager_inst|eeprom_i2c_controller:eeprom_i2c_controller_inst|ram[140][5] ;
; 3:1                ; 8 bits    ; 16 LEs        ; 8 LEs                ; 8 LEs                  ; Yes        ; |motherboard|eeprom_manager:eeprom_manager_inst|eeprom_i2c_controller:eeprom_i2c_controller_inst|ram[141][4] ;
; 3:1                ; 8 bits    ; 16 LEs        ; 8 LEs                ; 8 LEs                  ; Yes        ; |motherboard|eeprom_manager:eeprom_manager_inst|eeprom_i2c_controller:eeprom_i2c_controller_inst|ram[142][2] ;
; 3:1                ; 8 bits    ; 16 LEs        ; 8 LEs                ; 8 LEs                  ; Yes        ; |motherboard|eeprom_manager:eeprom_manager_inst|eeprom_i2c_controller:eeprom_i2c_controller_inst|ram[143][4] ;
; 3:1                ; 8 bits    ; 16 LEs        ; 8 LEs                ; 8 LEs                  ; Yes        ; |motherboard|eeprom_manager:eeprom_manager_inst|eeprom_i2c_controller:eeprom_i2c_controller_inst|ram[144][5] ;
; 3:1                ; 8 bits    ; 16 LEs        ; 8 LEs                ; 8 LEs                  ; Yes        ; |motherboard|eeprom_manager:eeprom_manager_inst|eeprom_i2c_controller:eeprom_i2c_controller_inst|ram[145][1] ;
; 3:1                ; 8 bits    ; 16 LEs        ; 8 LEs                ; 8 LEs                  ; Yes        ; |motherboard|eeprom_manager:eeprom_manager_inst|eeprom_i2c_controller:eeprom_i2c_controller_inst|ram[146][3] ;
; 3:1                ; 8 bits    ; 16 LEs        ; 8 LEs                ; 8 LEs                  ; Yes        ; |motherboard|eeprom_manager:eeprom_manager_inst|eeprom_i2c_controller:eeprom_i2c_controller_inst|ram[147][1] ;
; 3:1                ; 8 bits    ; 16 LEs        ; 8 LEs                ; 8 LEs                  ; Yes        ; |motherboard|eeprom_manager:eeprom_manager_inst|eeprom_i2c_controller:eeprom_i2c_controller_inst|ram[148][7] ;
; 3:1                ; 8 bits    ; 16 LEs        ; 8 LEs                ; 8 LEs                  ; Yes        ; |motherboard|eeprom_manager:eeprom_manager_inst|eeprom_i2c_controller:eeprom_i2c_controller_inst|ram[149][5] ;
; 3:1                ; 8 bits    ; 16 LEs        ; 8 LEs                ; 8 LEs                  ; Yes        ; |motherboard|eeprom_manager:eeprom_manager_inst|eeprom_i2c_controller:eeprom_i2c_controller_inst|ram[150][5] ;
; 3:1                ; 8 bits    ; 16 LEs        ; 8 LEs                ; 8 LEs                  ; Yes        ; |motherboard|eeprom_manager:eeprom_manager_inst|eeprom_i2c_controller:eeprom_i2c_controller_inst|ram[151][7] ;
; 3:1                ; 8 bits    ; 16 LEs        ; 8 LEs                ; 8 LEs                  ; Yes        ; |motherboard|eeprom_manager:eeprom_manager_inst|eeprom_i2c_controller:eeprom_i2c_controller_inst|ram[152][6] ;
; 3:1                ; 8 bits    ; 16 LEs        ; 8 LEs                ; 8 LEs                  ; Yes        ; |motherboard|eeprom_manager:eeprom_manager_inst|eeprom_i2c_controller:eeprom_i2c_controller_inst|ram[153][4] ;
; 3:1                ; 8 bits    ; 16 LEs        ; 8 LEs                ; 8 LEs                  ; Yes        ; |motherboard|eeprom_manager:eeprom_manager_inst|eeprom_i2c_controller:eeprom_i2c_controller_inst|ram[154][1] ;
; 3:1                ; 8 bits    ; 16 LEs        ; 8 LEs                ; 8 LEs                  ; Yes        ; |motherboard|eeprom_manager:eeprom_manager_inst|eeprom_i2c_controller:eeprom_i2c_controller_inst|ram[155][4] ;
; 3:1                ; 8 bits    ; 16 LEs        ; 8 LEs                ; 8 LEs                  ; Yes        ; |motherboard|eeprom_manager:eeprom_manager_inst|eeprom_i2c_controller:eeprom_i2c_controller_inst|ram[156][7] ;
; 3:1                ; 8 bits    ; 16 LEs        ; 8 LEs                ; 8 LEs                  ; Yes        ; |motherboard|eeprom_manager:eeprom_manager_inst|eeprom_i2c_controller:eeprom_i2c_controller_inst|ram[157][3] ;
; 3:1                ; 8 bits    ; 16 LEs        ; 8 LEs                ; 8 LEs                  ; Yes        ; |motherboard|eeprom_manager:eeprom_manager_inst|eeprom_i2c_controller:eeprom_i2c_controller_inst|ram[158][4] ;
; 3:1                ; 8 bits    ; 16 LEs        ; 8 LEs                ; 8 LEs                  ; Yes        ; |motherboard|eeprom_manager:eeprom_manager_inst|eeprom_i2c_controller:eeprom_i2c_controller_inst|ram[159][7] ;
; 3:1                ; 8 bits    ; 16 LEs        ; 8 LEs                ; 8 LEs                  ; Yes        ; |motherboard|eeprom_manager:eeprom_manager_inst|eeprom_i2c_controller:eeprom_i2c_controller_inst|ram[160][6] ;
; 3:1                ; 8 bits    ; 16 LEs        ; 8 LEs                ; 8 LEs                  ; Yes        ; |motherboard|eeprom_manager:eeprom_manager_inst|eeprom_i2c_controller:eeprom_i2c_controller_inst|ram[161][1] ;
; 3:1                ; 8 bits    ; 16 LEs        ; 8 LEs                ; 8 LEs                  ; Yes        ; |motherboard|eeprom_manager:eeprom_manager_inst|eeprom_i2c_controller:eeprom_i2c_controller_inst|ram[162][4] ;
; 3:1                ; 8 bits    ; 16 LEs        ; 8 LEs                ; 8 LEs                  ; Yes        ; |motherboard|eeprom_manager:eeprom_manager_inst|eeprom_i2c_controller:eeprom_i2c_controller_inst|ram[163][4] ;
; 3:1                ; 8 bits    ; 16 LEs        ; 8 LEs                ; 8 LEs                  ; Yes        ; |motherboard|eeprom_manager:eeprom_manager_inst|eeprom_i2c_controller:eeprom_i2c_controller_inst|ram[164][4] ;
; 3:1                ; 8 bits    ; 16 LEs        ; 8 LEs                ; 8 LEs                  ; Yes        ; |motherboard|eeprom_manager:eeprom_manager_inst|eeprom_i2c_controller:eeprom_i2c_controller_inst|ram[165][3] ;
; 3:1                ; 8 bits    ; 16 LEs        ; 8 LEs                ; 8 LEs                  ; Yes        ; |motherboard|eeprom_manager:eeprom_manager_inst|eeprom_i2c_controller:eeprom_i2c_controller_inst|ram[166][6] ;
; 3:1                ; 8 bits    ; 16 LEs        ; 8 LEs                ; 8 LEs                  ; Yes        ; |motherboard|eeprom_manager:eeprom_manager_inst|eeprom_i2c_controller:eeprom_i2c_controller_inst|ram[167][0] ;
; 3:1                ; 8 bits    ; 16 LEs        ; 8 LEs                ; 8 LEs                  ; Yes        ; |motherboard|eeprom_manager:eeprom_manager_inst|eeprom_i2c_controller:eeprom_i2c_controller_inst|ram[168][5] ;
; 3:1                ; 8 bits    ; 16 LEs        ; 8 LEs                ; 8 LEs                  ; Yes        ; |motherboard|eeprom_manager:eeprom_manager_inst|eeprom_i2c_controller:eeprom_i2c_controller_inst|ram[169][1] ;
; 3:1                ; 8 bits    ; 16 LEs        ; 8 LEs                ; 8 LEs                  ; Yes        ; |motherboard|eeprom_manager:eeprom_manager_inst|eeprom_i2c_controller:eeprom_i2c_controller_inst|ram[170][6] ;
; 3:1                ; 8 bits    ; 16 LEs        ; 8 LEs                ; 8 LEs                  ; Yes        ; |motherboard|eeprom_manager:eeprom_manager_inst|eeprom_i2c_controller:eeprom_i2c_controller_inst|ram[171][6] ;
; 3:1                ; 8 bits    ; 16 LEs        ; 8 LEs                ; 8 LEs                  ; Yes        ; |motherboard|eeprom_manager:eeprom_manager_inst|eeprom_i2c_controller:eeprom_i2c_controller_inst|ram[172][6] ;
; 3:1                ; 8 bits    ; 16 LEs        ; 8 LEs                ; 8 LEs                  ; Yes        ; |motherboard|eeprom_manager:eeprom_manager_inst|eeprom_i2c_controller:eeprom_i2c_controller_inst|ram[173][6] ;
; 3:1                ; 8 bits    ; 16 LEs        ; 8 LEs                ; 8 LEs                  ; Yes        ; |motherboard|eeprom_manager:eeprom_manager_inst|eeprom_i2c_controller:eeprom_i2c_controller_inst|ram[174][6] ;
; 3:1                ; 8 bits    ; 16 LEs        ; 8 LEs                ; 8 LEs                  ; Yes        ; |motherboard|eeprom_manager:eeprom_manager_inst|eeprom_i2c_controller:eeprom_i2c_controller_inst|ram[175][6] ;
; 3:1                ; 8 bits    ; 16 LEs        ; 8 LEs                ; 8 LEs                  ; Yes        ; |motherboard|eeprom_manager:eeprom_manager_inst|eeprom_i2c_controller:eeprom_i2c_controller_inst|ram[176][6] ;
; 3:1                ; 8 bits    ; 16 LEs        ; 8 LEs                ; 8 LEs                  ; Yes        ; |motherboard|eeprom_manager:eeprom_manager_inst|eeprom_i2c_controller:eeprom_i2c_controller_inst|ram[177][6] ;
; 3:1                ; 8 bits    ; 16 LEs        ; 8 LEs                ; 8 LEs                  ; Yes        ; |motherboard|eeprom_manager:eeprom_manager_inst|eeprom_i2c_controller:eeprom_i2c_controller_inst|ram[178][6] ;
; 3:1                ; 8 bits    ; 16 LEs        ; 8 LEs                ; 8 LEs                  ; Yes        ; |motherboard|eeprom_manager:eeprom_manager_inst|eeprom_i2c_controller:eeprom_i2c_controller_inst|ram[179][6] ;
; 3:1                ; 8 bits    ; 16 LEs        ; 8 LEs                ; 8 LEs                  ; Yes        ; |motherboard|eeprom_manager:eeprom_manager_inst|eeprom_i2c_controller:eeprom_i2c_controller_inst|ram[180][6] ;
; 3:1                ; 8 bits    ; 16 LEs        ; 8 LEs                ; 8 LEs                  ; Yes        ; |motherboard|eeprom_manager:eeprom_manager_inst|eeprom_i2c_controller:eeprom_i2c_controller_inst|ram[181][6] ;
; 3:1                ; 8 bits    ; 16 LEs        ; 8 LEs                ; 8 LEs                  ; Yes        ; |motherboard|eeprom_manager:eeprom_manager_inst|eeprom_i2c_controller:eeprom_i2c_controller_inst|ram[182][6] ;
; 3:1                ; 8 bits    ; 16 LEs        ; 8 LEs                ; 8 LEs                  ; Yes        ; |motherboard|eeprom_manager:eeprom_manager_inst|eeprom_i2c_controller:eeprom_i2c_controller_inst|ram[183][5] ;
; 3:1                ; 8 bits    ; 16 LEs        ; 8 LEs                ; 8 LEs                  ; Yes        ; |motherboard|eeprom_manager:eeprom_manager_inst|eeprom_i2c_controller:eeprom_i2c_controller_inst|ram[184][4] ;
; 3:1                ; 8 bits    ; 16 LEs        ; 8 LEs                ; 8 LEs                  ; Yes        ; |motherboard|eeprom_manager:eeprom_manager_inst|eeprom_i2c_controller:eeprom_i2c_controller_inst|ram[185][3] ;
; 3:1                ; 8 bits    ; 16 LEs        ; 8 LEs                ; 8 LEs                  ; Yes        ; |motherboard|eeprom_manager:eeprom_manager_inst|eeprom_i2c_controller:eeprom_i2c_controller_inst|ram[186][1] ;
; 3:1                ; 8 bits    ; 16 LEs        ; 8 LEs                ; 8 LEs                  ; Yes        ; |motherboard|eeprom_manager:eeprom_manager_inst|eeprom_i2c_controller:eeprom_i2c_controller_inst|ram[187][2] ;
; 3:1                ; 8 bits    ; 16 LEs        ; 8 LEs                ; 8 LEs                  ; Yes        ; |motherboard|eeprom_manager:eeprom_manager_inst|eeprom_i2c_controller:eeprom_i2c_controller_inst|ram[188][3] ;
; 3:1                ; 8 bits    ; 16 LEs        ; 8 LEs                ; 8 LEs                  ; Yes        ; |motherboard|eeprom_manager:eeprom_manager_inst|eeprom_i2c_controller:eeprom_i2c_controller_inst|ram[189][7] ;
; 3:1                ; 8 bits    ; 16 LEs        ; 8 LEs                ; 8 LEs                  ; Yes        ; |motherboard|eeprom_manager:eeprom_manager_inst|eeprom_i2c_controller:eeprom_i2c_controller_inst|ram[190][6] ;
; 3:1                ; 8 bits    ; 16 LEs        ; 8 LEs                ; 8 LEs                  ; Yes        ; |motherboard|eeprom_manager:eeprom_manager_inst|eeprom_i2c_controller:eeprom_i2c_controller_inst|ram[191][6] ;
; 3:1                ; 8 bits    ; 16 LEs        ; 8 LEs                ; 8 LEs                  ; Yes        ; |motherboard|eeprom_manager:eeprom_manager_inst|eeprom_i2c_controller:eeprom_i2c_controller_inst|ram[192][6] ;
; 3:1                ; 8 bits    ; 16 LEs        ; 8 LEs                ; 8 LEs                  ; Yes        ; |motherboard|eeprom_manager:eeprom_manager_inst|eeprom_i2c_controller:eeprom_i2c_controller_inst|ram[193][6] ;
; 3:1                ; 8 bits    ; 16 LEs        ; 8 LEs                ; 8 LEs                  ; Yes        ; |motherboard|eeprom_manager:eeprom_manager_inst|eeprom_i2c_controller:eeprom_i2c_controller_inst|ram[194][6] ;
; 3:1                ; 8 bits    ; 16 LEs        ; 8 LEs                ; 8 LEs                  ; Yes        ; |motherboard|eeprom_manager:eeprom_manager_inst|eeprom_i2c_controller:eeprom_i2c_controller_inst|ram[195][6] ;
; 3:1                ; 8 bits    ; 16 LEs        ; 8 LEs                ; 8 LEs                  ; Yes        ; |motherboard|eeprom_manager:eeprom_manager_inst|eeprom_i2c_controller:eeprom_i2c_controller_inst|ram[196][6] ;
; 3:1                ; 8 bits    ; 16 LEs        ; 8 LEs                ; 8 LEs                  ; Yes        ; |motherboard|eeprom_manager:eeprom_manager_inst|eeprom_i2c_controller:eeprom_i2c_controller_inst|ram[197][6] ;
; 3:1                ; 8 bits    ; 16 LEs        ; 8 LEs                ; 8 LEs                  ; Yes        ; |motherboard|eeprom_manager:eeprom_manager_inst|eeprom_i2c_controller:eeprom_i2c_controller_inst|ram[198][6] ;
; 3:1                ; 8 bits    ; 16 LEs        ; 8 LEs                ; 8 LEs                  ; Yes        ; |motherboard|eeprom_manager:eeprom_manager_inst|eeprom_i2c_controller:eeprom_i2c_controller_inst|ram[199][6] ;
; 3:1                ; 8 bits    ; 16 LEs        ; 8 LEs                ; 8 LEs                  ; Yes        ; |motherboard|eeprom_manager:eeprom_manager_inst|eeprom_i2c_controller:eeprom_i2c_controller_inst|ram[200][6] ;
; 3:1                ; 8 bits    ; 16 LEs        ; 8 LEs                ; 8 LEs                  ; Yes        ; |motherboard|eeprom_manager:eeprom_manager_inst|eeprom_i2c_controller:eeprom_i2c_controller_inst|ram[201][7] ;
; 3:1                ; 8 bits    ; 16 LEs        ; 8 LEs                ; 8 LEs                  ; Yes        ; |motherboard|eeprom_manager:eeprom_manager_inst|eeprom_i2c_controller:eeprom_i2c_controller_inst|ram[202][0] ;
; 3:1                ; 8 bits    ; 16 LEs        ; 8 LEs                ; 8 LEs                  ; Yes        ; |motherboard|eeprom_manager:eeprom_manager_inst|eeprom_i2c_controller:eeprom_i2c_controller_inst|ram[203][0] ;
; 3:1                ; 8 bits    ; 16 LEs        ; 8 LEs                ; 8 LEs                  ; Yes        ; |motherboard|eeprom_manager:eeprom_manager_inst|eeprom_i2c_controller:eeprom_i2c_controller_inst|ram[204][0] ;
; 3:1                ; 8 bits    ; 16 LEs        ; 8 LEs                ; 8 LEs                  ; Yes        ; |motherboard|eeprom_manager:eeprom_manager_inst|eeprom_i2c_controller:eeprom_i2c_controller_inst|ram[205][3] ;
; 3:1                ; 8 bits    ; 16 LEs        ; 8 LEs                ; 8 LEs                  ; Yes        ; |motherboard|eeprom_manager:eeprom_manager_inst|eeprom_i2c_controller:eeprom_i2c_controller_inst|ram[206][4] ;
; 3:1                ; 8 bits    ; 16 LEs        ; 8 LEs                ; 8 LEs                  ; Yes        ; |motherboard|eeprom_manager:eeprom_manager_inst|eeprom_i2c_controller:eeprom_i2c_controller_inst|ram[207][0] ;
; 3:1                ; 8 bits    ; 16 LEs        ; 8 LEs                ; 8 LEs                  ; Yes        ; |motherboard|eeprom_manager:eeprom_manager_inst|eeprom_i2c_controller:eeprom_i2c_controller_inst|ram[208][2] ;
; 3:1                ; 8 bits    ; 16 LEs        ; 8 LEs                ; 8 LEs                  ; Yes        ; |motherboard|eeprom_manager:eeprom_manager_inst|eeprom_i2c_controller:eeprom_i2c_controller_inst|ram[209][4] ;
; 3:1                ; 8 bits    ; 16 LEs        ; 8 LEs                ; 8 LEs                  ; Yes        ; |motherboard|eeprom_manager:eeprom_manager_inst|eeprom_i2c_controller:eeprom_i2c_controller_inst|ram[210][3] ;
; 3:1                ; 8 bits    ; 16 LEs        ; 8 LEs                ; 8 LEs                  ; Yes        ; |motherboard|eeprom_manager:eeprom_manager_inst|eeprom_i2c_controller:eeprom_i2c_controller_inst|ram[211][5] ;
; 3:1                ; 8 bits    ; 16 LEs        ; 8 LEs                ; 8 LEs                  ; Yes        ; |motherboard|eeprom_manager:eeprom_manager_inst|eeprom_i2c_controller:eeprom_i2c_controller_inst|ram[212][7] ;
; 3:1                ; 8 bits    ; 16 LEs        ; 8 LEs                ; 8 LEs                  ; Yes        ; |motherboard|eeprom_manager:eeprom_manager_inst|eeprom_i2c_controller:eeprom_i2c_controller_inst|ram[213][0] ;
; 3:1                ; 8 bits    ; 16 LEs        ; 8 LEs                ; 8 LEs                  ; Yes        ; |motherboard|eeprom_manager:eeprom_manager_inst|eeprom_i2c_controller:eeprom_i2c_controller_inst|ram[214][0] ;
; 3:1                ; 8 bits    ; 16 LEs        ; 8 LEs                ; 8 LEs                  ; Yes        ; |motherboard|eeprom_manager:eeprom_manager_inst|eeprom_i2c_controller:eeprom_i2c_controller_inst|ram[215][0] ;
; 3:1                ; 8 bits    ; 16 LEs        ; 8 LEs                ; 8 LEs                  ; Yes        ; |motherboard|eeprom_manager:eeprom_manager_inst|eeprom_i2c_controller:eeprom_i2c_controller_inst|ram[216][3] ;
; 3:1                ; 8 bits    ; 16 LEs        ; 8 LEs                ; 8 LEs                  ; Yes        ; |motherboard|eeprom_manager:eeprom_manager_inst|eeprom_i2c_controller:eeprom_i2c_controller_inst|ram[217][7] ;
; 3:1                ; 8 bits    ; 16 LEs        ; 8 LEs                ; 8 LEs                  ; Yes        ; |motherboard|eeprom_manager:eeprom_manager_inst|eeprom_i2c_controller:eeprom_i2c_controller_inst|ram[218][7] ;
; 3:1                ; 8 bits    ; 16 LEs        ; 8 LEs                ; 8 LEs                  ; Yes        ; |motherboard|eeprom_manager:eeprom_manager_inst|eeprom_i2c_controller:eeprom_i2c_controller_inst|ram[219][7] ;
; 3:1                ; 8 bits    ; 16 LEs        ; 8 LEs                ; 8 LEs                  ; Yes        ; |motherboard|eeprom_manager:eeprom_manager_inst|eeprom_i2c_controller:eeprom_i2c_controller_inst|ram[220][0] ;
; 3:1                ; 8 bits    ; 16 LEs        ; 8 LEs                ; 8 LEs                  ; Yes        ; |motherboard|eeprom_manager:eeprom_manager_inst|eeprom_i2c_controller:eeprom_i2c_controller_inst|ram[221][5] ;
; 3:1                ; 8 bits    ; 16 LEs        ; 8 LEs                ; 8 LEs                  ; Yes        ; |motherboard|eeprom_manager:eeprom_manager_inst|eeprom_i2c_controller:eeprom_i2c_controller_inst|ram[222][5] ;
; 3:1                ; 8 bits    ; 16 LEs        ; 8 LEs                ; 8 LEs                  ; Yes        ; |motherboard|eeprom_manager:eeprom_manager_inst|eeprom_i2c_controller:eeprom_i2c_controller_inst|ram[223][2] ;
; 3:1                ; 8 bits    ; 16 LEs        ; 8 LEs                ; 8 LEs                  ; Yes        ; |motherboard|eeprom_manager:eeprom_manager_inst|eeprom_i2c_controller:eeprom_i2c_controller_inst|ram[224][2] ;
; 3:1                ; 8 bits    ; 16 LEs        ; 8 LEs                ; 8 LEs                  ; Yes        ; |motherboard|eeprom_manager:eeprom_manager_inst|eeprom_i2c_controller:eeprom_i2c_controller_inst|ram[225][5] ;
; 3:1                ; 8 bits    ; 16 LEs        ; 8 LEs                ; 8 LEs                  ; Yes        ; |motherboard|eeprom_manager:eeprom_manager_inst|eeprom_i2c_controller:eeprom_i2c_controller_inst|ram[226][5] ;
; 3:1                ; 8 bits    ; 16 LEs        ; 8 LEs                ; 8 LEs                  ; Yes        ; |motherboard|eeprom_manager:eeprom_manager_inst|eeprom_i2c_controller:eeprom_i2c_controller_inst|ram[227][3] ;
; 3:1                ; 8 bits    ; 16 LEs        ; 8 LEs                ; 8 LEs                  ; Yes        ; |motherboard|eeprom_manager:eeprom_manager_inst|eeprom_i2c_controller:eeprom_i2c_controller_inst|ram[228][0] ;
; 3:1                ; 8 bits    ; 16 LEs        ; 8 LEs                ; 8 LEs                  ; Yes        ; |motherboard|eeprom_manager:eeprom_manager_inst|eeprom_i2c_controller:eeprom_i2c_controller_inst|ram[229][5] ;
; 3:1                ; 8 bits    ; 16 LEs        ; 8 LEs                ; 8 LEs                  ; Yes        ; |motherboard|eeprom_manager:eeprom_manager_inst|eeprom_i2c_controller:eeprom_i2c_controller_inst|ram[230][4] ;
; 3:1                ; 8 bits    ; 16 LEs        ; 8 LEs                ; 8 LEs                  ; Yes        ; |motherboard|eeprom_manager:eeprom_manager_inst|eeprom_i2c_controller:eeprom_i2c_controller_inst|ram[231][7] ;
; 3:1                ; 8 bits    ; 16 LEs        ; 8 LEs                ; 8 LEs                  ; Yes        ; |motherboard|eeprom_manager:eeprom_manager_inst|eeprom_i2c_controller:eeprom_i2c_controller_inst|ram[232][7] ;
; 3:1                ; 8 bits    ; 16 LEs        ; 8 LEs                ; 8 LEs                  ; Yes        ; |motherboard|eeprom_manager:eeprom_manager_inst|eeprom_i2c_controller:eeprom_i2c_controller_inst|ram[233][7] ;
; 3:1                ; 8 bits    ; 16 LEs        ; 8 LEs                ; 8 LEs                  ; Yes        ; |motherboard|eeprom_manager:eeprom_manager_inst|eeprom_i2c_controller:eeprom_i2c_controller_inst|ram[234][2] ;
; 3:1                ; 8 bits    ; 16 LEs        ; 8 LEs                ; 8 LEs                  ; Yes        ; |motherboard|eeprom_manager:eeprom_manager_inst|eeprom_i2c_controller:eeprom_i2c_controller_inst|ram[235][4] ;
; 3:1                ; 8 bits    ; 16 LEs        ; 8 LEs                ; 8 LEs                  ; Yes        ; |motherboard|eeprom_manager:eeprom_manager_inst|eeprom_i2c_controller:eeprom_i2c_controller_inst|ram[236][4] ;
; 3:1                ; 8 bits    ; 16 LEs        ; 8 LEs                ; 8 LEs                  ; Yes        ; |motherboard|eeprom_manager:eeprom_manager_inst|eeprom_i2c_controller:eeprom_i2c_controller_inst|ram[237][7] ;
; 3:1                ; 8 bits    ; 16 LEs        ; 8 LEs                ; 8 LEs                  ; Yes        ; |motherboard|eeprom_manager:eeprom_manager_inst|eeprom_i2c_controller:eeprom_i2c_controller_inst|ram[238][0] ;
; 3:1                ; 8 bits    ; 16 LEs        ; 8 LEs                ; 8 LEs                  ; Yes        ; |motherboard|eeprom_manager:eeprom_manager_inst|eeprom_i2c_controller:eeprom_i2c_controller_inst|ram[239][3] ;
; 3:1                ; 8 bits    ; 16 LEs        ; 8 LEs                ; 8 LEs                  ; Yes        ; |motherboard|eeprom_manager:eeprom_manager_inst|eeprom_i2c_controller:eeprom_i2c_controller_inst|ram[240][5] ;
; 3:1                ; 8 bits    ; 16 LEs        ; 8 LEs                ; 8 LEs                  ; Yes        ; |motherboard|eeprom_manager:eeprom_manager_inst|eeprom_i2c_controller:eeprom_i2c_controller_inst|ram[241][5] ;
; 3:1                ; 8 bits    ; 16 LEs        ; 8 LEs                ; 8 LEs                  ; Yes        ; |motherboard|eeprom_manager:eeprom_manager_inst|eeprom_i2c_controller:eeprom_i2c_controller_inst|ram[242][4] ;
; 3:1                ; 8 bits    ; 16 LEs        ; 8 LEs                ; 8 LEs                  ; Yes        ; |motherboard|eeprom_manager:eeprom_manager_inst|eeprom_i2c_controller:eeprom_i2c_controller_inst|ram[243][4] ;
; 3:1                ; 8 bits    ; 16 LEs        ; 8 LEs                ; 8 LEs                  ; Yes        ; |motherboard|eeprom_manager:eeprom_manager_inst|eeprom_i2c_controller:eeprom_i2c_controller_inst|ram[244][1] ;
; 3:1                ; 8 bits    ; 16 LEs        ; 8 LEs                ; 8 LEs                  ; Yes        ; |motherboard|eeprom_manager:eeprom_manager_inst|eeprom_i2c_controller:eeprom_i2c_controller_inst|ram[245][1] ;
; 3:1                ; 8 bits    ; 16 LEs        ; 8 LEs                ; 8 LEs                  ; Yes        ; |motherboard|eeprom_manager:eeprom_manager_inst|eeprom_i2c_controller:eeprom_i2c_controller_inst|ram[246][5] ;
; 3:1                ; 8 bits    ; 16 LEs        ; 8 LEs                ; 8 LEs                  ; Yes        ; |motherboard|eeprom_manager:eeprom_manager_inst|eeprom_i2c_controller:eeprom_i2c_controller_inst|ram[247][1] ;
; 3:1                ; 8 bits    ; 16 LEs        ; 8 LEs                ; 8 LEs                  ; Yes        ; |motherboard|eeprom_manager:eeprom_manager_inst|eeprom_i2c_controller:eeprom_i2c_controller_inst|ram[248][4] ;
; 3:1                ; 8 bits    ; 16 LEs        ; 8 LEs                ; 8 LEs                  ; Yes        ; |motherboard|eeprom_manager:eeprom_manager_inst|eeprom_i2c_controller:eeprom_i2c_controller_inst|ram[249][4] ;
; 3:1                ; 8 bits    ; 16 LEs        ; 8 LEs                ; 8 LEs                  ; Yes        ; |motherboard|eeprom_manager:eeprom_manager_inst|eeprom_i2c_controller:eeprom_i2c_controller_inst|ram[250][7] ;
; 3:1                ; 8 bits    ; 16 LEs        ; 8 LEs                ; 8 LEs                  ; Yes        ; |motherboard|eeprom_manager:eeprom_manager_inst|eeprom_i2c_controller:eeprom_i2c_controller_inst|ram[251][3] ;
; 3:1                ; 8 bits    ; 16 LEs        ; 8 LEs                ; 8 LEs                  ; Yes        ; |motherboard|eeprom_manager:eeprom_manager_inst|eeprom_i2c_controller:eeprom_i2c_controller_inst|ram[252][2] ;
; 3:1                ; 8 bits    ; 16 LEs        ; 8 LEs                ; 8 LEs                  ; Yes        ; |motherboard|eeprom_manager:eeprom_manager_inst|eeprom_i2c_controller:eeprom_i2c_controller_inst|ram[253][4] ;
; 3:1                ; 8 bits    ; 16 LEs        ; 8 LEs                ; 8 LEs                  ; Yes        ; |motherboard|eeprom_manager:eeprom_manager_inst|eeprom_i2c_controller:eeprom_i2c_controller_inst|ram[254][7] ;
; 3:1                ; 8 bits    ; 16 LEs        ; 8 LEs                ; 8 LEs                  ; Yes        ; |motherboard|eeprom_manager:eeprom_manager_inst|eeprom_i2c_controller:eeprom_i2c_controller_inst|ram[255][7] ;
; 3:1                ; 16 bits   ; 32 LEs        ; 16 LEs               ; 16 LEs                 ; Yes        ; |motherboard|memory_support:memory_support_inst|millis_temp[3]                                               ;
; 3:1                ; 8 bits    ; 16 LEs        ; 8 LEs                ; 8 LEs                  ; Yes        ; |motherboard|memory_support:memory_support_inst|random_temp[6]                                               ;
; 3:1                ; 8 bits    ; 16 LEs        ; 8 LEs                ; 8 LEs                  ; Yes        ; |motherboard|eeprom_manager:eeprom_manager_inst|I2C_MASTER:i2c_master_inst|RD_BYTE[4]                        ;
; 3:1                ; 10 bits   ; 20 LEs        ; 10 LEs               ; 10 LEs                 ; Yes        ; |motherboard|screencard:screencard_inst|vga_adapter:vga_adpater_1|h_counter[0]                               ;
; 3:1                ; 9 bits    ; 18 LEs        ; 9 LEs                ; 9 LEs                  ; Yes        ; |motherboard|memory_support:memory_support_inst|mem_data_in[6]                                               ;
; 3:1                ; 16 bits   ; 32 LEs        ; 16 LEs               ; 16 LEs                 ; Yes        ; |motherboard|timer_millis:timer_millis_inst|millis_sig[2]                                                    ;
; 3:1                ; 31 bits   ; 62 LEs        ; 31 LEs               ; 31 LEs                 ; Yes        ; |motherboard|timer_millis:timer_millis_inst|counter[12]                                                      ;
; 4:1                ; 10 bits   ; 20 LEs        ; 10 LEs               ; 10 LEs                 ; Yes        ; |motherboard|screencard:screencard_inst|vga_adapter:vga_adpater_1|v_counter[8]                               ;
; 4:1                ; 30 bits   ; 60 LEs        ; 30 LEs               ; 30 LEs                 ; Yes        ; |motherboard|clock_controller:clock_controller_inst|counter[16]                                              ;
; 4:1                ; 6 bits    ; 12 LEs        ; 12 LEs               ; 0 LEs                  ; Yes        ; |motherboard|screencard:screencard_inst|adr_int[2]                                                           ;
; 5:1                ; 3 bits    ; 9 LEs         ; 6 LEs                ; 3 LEs                  ; Yes        ; |motherboard|eeprom_manager:eeprom_manager_inst|eeprom_i2c_controller:eeprom_i2c_controller_inst|WR_BYTE[7]  ;
; 5:1                ; 4 bits    ; 12 LEs        ; 4 LEs                ; 8 LEs                  ; Yes        ; |motherboard|PS2_MODUL:PS2_MODUL_inst|PS2_ASCII_TABLE:PS2_ASCII_TABLE_inst|rotation[3]                       ;
; 4:1                ; 9 bits    ; 18 LEs        ; 0 LEs                ; 18 LEs                 ; Yes        ; |motherboard|eeprom_manager:eeprom_manager_inst|I2C_MASTER:i2c_master_inst|w_byte[0]                         ;
; 10:1               ; 3 bits    ; 18 LEs        ; 18 LEs               ; 0 LEs                  ; Yes        ; |motherboard|screencard:screencard_inst|VGA_G[7]                                                             ;
; 6:1                ; 5 bits    ; 20 LEs        ; 15 LEs               ; 5 LEs                  ; Yes        ; |motherboard|screencard:screencard_inst|adr_int[11]                                                          ;
; 5:1                ; 2 bits    ; 6 LEs         ; 2 LEs                ; 4 LEs                  ; Yes        ; |motherboard|eeprom_manager:eeprom_manager_inst|I2C_MASTER:i2c_master_inst|stopp_internal                    ;
; 6:1                ; 5 bits    ; 20 LEs        ; 10 LEs               ; 10 LEs                 ; Yes        ; |motherboard|PS2_MODUL:PS2_MODUL_inst|PS2_ASCII_TABLE:PS2_ASCII_TABLE_inst|ascii_table_size[1]               ;
; 6:1                ; 5 bits    ; 20 LEs        ; 10 LEs               ; 10 LEs                 ; Yes        ; |motherboard|PS2_MODUL:PS2_MODUL_inst|PS2_ASCII_TABLE:PS2_ASCII_TABLE_inst|remove_table_size[4]              ;
; 6:1                ; 4 bits    ; 16 LEs        ; 4 LEs                ; 12 LEs                 ; Yes        ; |motherboard|PS2_MODUL:PS2_MODUL_inst|PS2_ASCII_TABLE:PS2_ASCII_TABLE_inst|array_iterator[0]                 ;
; 7:1                ; 8 bits    ; 32 LEs        ; 8 LEs                ; 24 LEs                 ; Yes        ; |motherboard|eeprom_manager:eeprom_manager_inst|eeprom_i2c_controller:eeprom_i2c_controller_inst|counter[6]  ;
; 3:1                ; 8 bits    ; 16 LEs        ; 8 LEs                ; 8 LEs                  ; Yes        ; |motherboard|screencard:screencard_inst|vga_adapter:vga_adpater_1|row[1]                                     ;
; 3:1                ; 8 bits    ; 16 LEs        ; 8 LEs                ; 8 LEs                  ; Yes        ; |motherboard|screencard:screencard_inst|vga_adapter:vga_adpater_1|column[6]                                  ;
; 4:1                ; 2 bits    ; 4 LEs         ; 2 LEs                ; 2 LEs                  ; Yes        ; |motherboard|clock_controller:clock_controller_inst|counter[31]                                              ;
; 5:1                ; 3 bits    ; 9 LEs         ; 3 LEs                ; 6 LEs                  ; Yes        ; |motherboard|eeprom_manager:eeprom_manager_inst|I2C_MASTER:i2c_master_inst|\p_STATE_MACHINE:bit_cnt[2]       ;
; 3:1                ; 8 bits    ; 16 LEs        ; 0 LEs                ; 16 LEs                 ; Yes        ; |motherboard|eeprom_manager:eeprom_manager_inst|I2C_MASTER:i2c_master_inst|baud_limit[7]                     ;
; 263:1              ; 8 bits    ; 1400 LEs      ; 40 LEs               ; 1360 LEs               ; Yes        ; |motherboard|memory_support:memory_support_inst|cpu_data_in[5]                                               ;
; 3:1                ; 3 bits    ; 6 LEs         ; 6 LEs                ; 0 LEs                  ; No         ; |motherboard|screencard:screencard_inst|VGA_B                                                                ;
; 3:1                ; 2 bits    ; 4 LEs         ; 4 LEs                ; 0 LEs                  ; No         ; |motherboard|screencard:screencard_inst|font:font_inst|Mux332                                                ;
; 3:1                ; 2 bits    ; 4 LEs         ; 4 LEs                ; 0 LEs                  ; No         ; |motherboard|screencard:screencard_inst|font:font_inst|Mux332                                                ;
; 3:1                ; 2 bits    ; 4 LEs         ; 4 LEs                ; 0 LEs                  ; No         ; |motherboard|eeprom_manager:eeprom_manager_inst|eeprom_i2c_controller:eeprom_i2c_controller_inst|MODE        ;
; 4:1                ; 2 bits    ; 4 LEs         ; 4 LEs                ; 0 LEs                  ; No         ; |motherboard|screencard:screencard_inst|font:font_inst|Mux332                                                ;
; 16:1               ; 2 bits    ; 20 LEs        ; 20 LEs               ; 0 LEs                  ; No         ; |motherboard|PS2_MODUL:PS2_MODUL_inst|PS2_ASCII_TABLE:PS2_ASCII_TABLE_inst|Mux16                             ;
; 5:1                ; 3 bits    ; 9 LEs         ; 9 LEs                ; 0 LEs                  ; No         ; |motherboard|eeprom_manager:eeprom_manager_inst|I2C_MASTER:i2c_master_inst|PHASE                             ;
; 1:1                ; 4 bits    ; 0 LEs         ; 0 LEs                ; 0 LEs                  ; No         ; |motherboard|screencard:screencard_inst|Add7                                                                 ;
; 9:1                ; 4 bits    ; 24 LEs        ; 16 LEs               ; 8 LEs                  ; No         ; |motherboard|screencard:screencard_inst|vga_adapter:vga_adpater_1|v_state                                    ;
; 9:1                ; 4 bits    ; 24 LEs        ; 16 LEs               ; 8 LEs                  ; No         ; |motherboard|screencard:screencard_inst|vga_adapter:vga_adpater_1|h_state                                    ;
; 8:1                ; 4 bits    ; 20 LEs        ; 12 LEs               ; 8 LEs                  ; No         ; |motherboard|PS2_MODUL:PS2_MODUL_inst|PS2_ASCII_TABLE:PS2_ASCII_TABLE_inst|Selector19                        ;
; 9:1                ; 2 bits    ; 12 LEs        ; 4 LEs                ; 8 LEs                  ; No         ; |motherboard|PS2_MODUL:PS2_MODUL_inst|PS2_ASCII_TABLE:PS2_ASCII_TABLE_inst|Selector21                        ;
; 9:1                ; 2 bits    ; 12 LEs        ; 6 LEs                ; 6 LEs                  ; No         ; |motherboard|PS2_MODUL:PS2_MODUL_inst|PS2_RAW_DATA:PS2_RAW_DATA_inst|ps2_state                               ;
; 11:1               ; 2 bits    ; 14 LEs        ; 8 LEs                ; 6 LEs                  ; No         ; |motherboard|PS2_MODUL:PS2_MODUL_inst|PS2_ASCII_TABLE:PS2_ASCII_TABLE_inst|Selector22                        ;
; 12:1               ; 2 bits    ; 16 LEs        ; 4 LEs                ; 12 LEs                 ; No         ; |motherboard|eeprom_manager:eeprom_manager_inst|eeprom_i2c_controller:eeprom_i2c_controller_inst|STATE       ;
; 14:1               ; 2 bits    ; 18 LEs        ; 8 LEs                ; 10 LEs                 ; No         ; |motherboard|eeprom_manager:eeprom_manager_inst|eeprom_i2c_controller:eeprom_i2c_controller_inst|STATE       ;
+--------------------+-----------+---------------+----------------------+------------------------+------------+--------------------------------------------------------------------------------------------------------------+


+-------------------------------------------------------+
; Source assignments for sld_signaltap:auto_signaltap_0 ;
+-----------------+-------+------+----------------------+
; Assignment      ; Value ; From ; To                   ;
+-----------------+-------+------+----------------------+
; MESSAGE_DISABLE ; 13410 ; -    ; -                    ;
+-----------------+-------+------+----------------------+


+-----------------------------------------------------------------------------------------------+
; Source assignments for memory:memory_inst|altsyncram:mem_rtl_0|altsyncram_qqq1:auto_generated ;
+---------------------------------+--------------------+------+---------------------------------+
; Assignment                      ; Value              ; From ; To                              ;
+---------------------------------+--------------------+------+---------------------------------+
; OPTIMIZE_POWER_DURING_SYNTHESIS ; NORMAL_COMPILATION ; -    ; -                               ;
+---------------------------------+--------------------+------+---------------------------------+


+-----------------------------------------------------------------------------+
; Parameter Settings for User Entity Instance: Top-level Entity: |motherboard ;
+---------------------+------------------+------------------------------------+
; Parameter Name      ; Value            ; Type                               ;
+---------------------+------------------+------------------------------------+
; adr_keyboard_ascii  ; 1001001011000001 ; Unsigned Binary                    ;
; adr_keyboard_info   ; 1001001011000010 ; Unsigned Binary                    ;
; adr_random          ; 1001001011000011 ; Unsigned Binary                    ;
; adr_timer_millis_ll ; 1001001011000100 ; Unsigned Binary                    ;
; adr_timer_millis_hh ; 1001001011000101 ; Unsigned Binary                    ;
; adr_eeprom_start    ; 1001001011000110 ; Unsigned Binary                    ;
; adr_eeprom_end      ; 1001001111000101 ; Unsigned Binary                    ;
+---------------------+------------------+------------------------------------+
Note: In order to hide this table in the UI and the text report file, please set the "Show Parameter Settings in Synthesis Report" option in "Analysis and Synthesis Settings -> More Settings" to "Off".


+---------------------------------------------------------------------------------+
; Parameter Settings for User Entity Instance: memory_support:memory_support_inst ;
+---------------------+------------------+----------------------------------------+
; Parameter Name      ; Value            ; Type                                   ;
+---------------------+------------------+----------------------------------------+
; adr_keyboard_ascii  ; 1001001011000001 ; Unsigned Binary                        ;
; adr_keyboard_info   ; 1001001011000010 ; Unsigned Binary                        ;
; adr_random          ; 1001001011000011 ; Unsigned Binary                        ;
; adr_timer_millis_ll ; 1001001011000100 ; Unsigned Binary                        ;
; adr_timer_millis_hh ; 1001001011000101 ; Unsigned Binary                        ;
; adr_eeprom_start    ; 1001001011000110 ; Unsigned Binary                        ;
; adr_eeprom_end      ; 1001001111000101 ; Unsigned Binary                        ;
+---------------------+------------------+----------------------------------------+
Note: In order to hide this table in the UI and the text report file, please set the "Show Parameter Settings in Synthesis Report" option in "Analysis and Synthesis Settings -> More Settings" to "Off".


+----------------------------------------------------------------------------------------------------------------------------------+
; Parameter Settings for User Entity Instance: eeprom_manager:eeprom_manager_inst|eeprom_i2c_controller:eeprom_i2c_controller_inst ;
+----------------+--------+--------------------------------------------------------------------------------------------------------+
; Parameter Name ; Value  ; Type                                                                                                   ;
+----------------+--------+--------------------------------------------------------------------------------------------------------+
; setup_wait     ; 100000 ; Signed Integer                                                                                         ;
+----------------+--------+--------------------------------------------------------------------------------------------------------+
Note: In order to hide this table in the UI and the text report file, please set the "Show Parameter Settings in Synthesis Report" option in "Analysis and Synthesis Settings -> More Settings" to "Off".


+-----------------------------------------------------------------------------+
; Parameter Settings for User Entity Instance: timer_millis:timer_millis_inst ;
+----------------+----------+-------------------------------------------------+
; Parameter Name ; Value    ; Type                                            ;
+----------------+----------+-------------------------------------------------+
; clock_speed    ; 50000000 ; Signed Integer                                  ;
+----------------+----------+-------------------------------------------------+
Note: In order to hide this table in the UI and the text report file, please set the "Show Parameter Settings in Synthesis Report" option in "Analysis and Synthesis Settings -> More Settings" to "Off".


+------------------------------------------------------------------------------------------------------+
; Parameter Settings for User Entity Instance: PS2_MODUL:PS2_MODUL_inst|PS2_RAW_DATA:PS2_RAW_DATA_inst ;
+----------------+----------+--------------------------------------------------------------------------+
; Parameter Name ; Value    ; Type                                                                     ;
+----------------+----------+--------------------------------------------------------------------------+
; clk_freq       ; 50000000 ; Signed Integer                                                           ;
+----------------+----------+--------------------------------------------------------------------------+
Note: In order to hide this table in the UI and the text report file, please set the "Show Parameter Settings in Synthesis Report" option in "Analysis and Synthesis Settings -> More Settings" to "Off".


+-------------------------------------------------------------------------+
; Parameter Settings for User Entity Instance: screencard:screencard_inst ;
+------------------+------------------+-----------------------------------+
; Parameter Name   ; Value            ; Type                              ;
+------------------+------------------+-----------------------------------+
; main_display_adr ; 1000000000000000 ; Unsigned Binary                   ;
; info_display_adr ; 1000111100000000 ; Unsigned Binary                   ;
; h_pixels         ; 640              ; Signed Integer                    ;
; h_front_porch    ; 16               ; Signed Integer                    ;
; h_sync_pulse     ; 96               ; Signed Integer                    ;
; h_back_porch     ; 48               ; Signed Integer                    ;
; h_polarity       ; '0'              ; Enumerated                        ;
; v_pixels         ; 480              ; Signed Integer                    ;
; v_front_porch    ; 10               ; Signed Integer                    ;
; v_sync_pulse     ; 2                ; Signed Integer                    ;
; v_back_porch     ; 33               ; Signed Integer                    ;
; v_polarity       ; '0'              ; Enumerated                        ;
+------------------+------------------+-----------------------------------+
Note: In order to hide this table in the UI and the text report file, please set the "Show Parameter Settings in Synthesis Report" option in "Analysis and Synthesis Settings -> More Settings" to "Off".


+---------------------------------------------------------------------------------------------------+
; Parameter Settings for User Entity Instance: screencard:screencard_inst|vga_adapter:vga_adpater_1 ;
+----------------+-------+--------------------------------------------------------------------------+
; Parameter Name ; Value ; Type                                                                     ;
+----------------+-------+--------------------------------------------------------------------------+
; h_pixels       ; 640   ; Signed Integer                                                           ;
; h_front_porch  ; 16    ; Signed Integer                                                           ;
; h_sync_pulse   ; 96    ; Signed Integer                                                           ;
; h_back_porch   ; 48    ; Signed Integer                                                           ;
; h_polarity     ; '0'   ; Enumerated                                                               ;
; v_pixels       ; 480   ; Signed Integer                                                           ;
; v_front_porch  ; 10    ; Signed Integer                                                           ;
; v_sync_pulse   ; 2     ; Signed Integer                                                           ;
; v_back_porch   ; 33    ; Signed Integer                                                           ;
; v_polarity     ; '0'   ; Enumerated                                                               ;
+----------------+-------+--------------------------------------------------------------------------+
Note: In order to hide this table in the UI and the text report file, please set the "Show Parameter Settings in Synthesis Report" option in "Analysis and Synthesis Settings -> More Settings" to "Off".


+------------------------------------------------------------------------------------------------------------------------------------------------------------------------------------------------------------------------------------------------------------------------------------+
; Parameter Settings for Inferred Entity Instance: sld_signaltap:auto_signaltap_0                                                                                                                                                                                                    ;
+-------------------------------------------------+-----------------------------------------------------------------------------------------------------------------------------------------------------------------------------------------------------------------+----------------+
; Parameter Name                                  ; Value                                                                                                                                                                                                           ; Type           ;
+-------------------------------------------------+-----------------------------------------------------------------------------------------------------------------------------------------------------------------------------------------------------------------+----------------+
; lpm_type                                        ; sld_signaltap                                                                                                                                                                                                   ; String         ;
; sld_node_info                                   ; 805334528                                                                                                                                                                                                       ; Untyped        ;
; SLD_SECTION_ID                                  ; hdl_signaltap_0                                                                                                                                                                                                 ; String         ;
; SLD_IP_VERSION                                  ; 6                                                                                                                                                                                                               ; Signed Integer ;
; SLD_IP_MINOR_VERSION                            ; 0                                                                                                                                                                                                               ; Signed Integer ;
; SLD_COMMON_IP_VERSION                           ; 0                                                                                                                                                                                                               ; Signed Integer ;
; sld_data_bits                                   ; 60                                                                                                                                                                                                              ; Untyped        ;
; sld_trigger_bits                                ; 60                                                                                                                                                                                                              ; Untyped        ;
; SLD_NODE_CRC_BITS                               ; 32                                                                                                                                                                                                              ; Signed Integer ;
; SLD_NODE_CRC_HIWORD                             ; 41394                                                                                                                                                                                                           ; Signed Integer ;
; SLD_NODE_CRC_LOWORD                             ; 50132                                                                                                                                                                                                           ; Signed Integer ;
; sld_incremental_routing                         ; 1                                                                                                                                                                                                               ; Untyped        ;
; sld_sample_depth                                ; 8192                                                                                                                                                                                                            ; Untyped        ;
; sld_segment_size                                ; 8192                                                                                                                                                                                                            ; Untyped        ;
; sld_ram_block_type                              ; AUTO                                                                                                                                                                                                            ; Untyped        ;
; sld_state_bits                                  ; 11                                                                                                                                                                                                              ; Untyped        ;
; sld_buffer_full_stop                            ; 1                                                                                                                                                                                                               ; Untyped        ;
; SLD_MEM_ADDRESS_BITS                            ; 7                                                                                                                                                                                                               ; Signed Integer ;
; SLD_DATA_BIT_CNTR_BITS                          ; 4                                                                                                                                                                                                               ; Signed Integer ;
; sld_trigger_level                               ; 1                                                                                                                                                                                                               ; Untyped        ;
; sld_trigger_in_enabled                          ; 0                                                                                                                                                                                                               ; Untyped        ;
; SLD_HPS_TRIGGER_IN_ENABLED                      ; 0                                                                                                                                                                                                               ; Signed Integer ;
; SLD_HPS_TRIGGER_OUT_ENABLED                     ; 0                                                                                                                                                                                                               ; Signed Integer ;
; SLD_HPS_EVENT_ENABLED                           ; 0                                                                                                                                                                                                               ; Signed Integer ;
; SLD_HPS_EVENT_ID                                ; 0                                                                                                                                                                                                               ; Signed Integer ;
; sld_advanced_trigger_entity                     ; basic,1,                                                                                                                                                                                                        ; Untyped        ;
; sld_trigger_level_pipeline                      ; 1                                                                                                                                                                                                               ; Untyped        ;
; sld_trigger_pipeline                            ; 0                                                                                                                                                                                                               ; Untyped        ;
; sld_ram_pipeline                                ; 0                                                                                                                                                                                                               ; Untyped        ;
; sld_counter_pipeline                            ; 0                                                                                                                                                                                                               ; Untyped        ;
; sld_enable_advanced_trigger                     ; 0                                                                                                                                                                                                               ; Untyped        ;
; SLD_ADVANCED_TRIGGER_1                          ; NONE                                                                                                                                                                                                            ; String         ;
; SLD_ADVANCED_TRIGGER_2                          ; NONE                                                                                                                                                                                                            ; String         ;
; SLD_ADVANCED_TRIGGER_3                          ; NONE                                                                                                                                                                                                            ; String         ;
; SLD_ADVANCED_TRIGGER_4                          ; NONE                                                                                                                                                                                                            ; String         ;
; SLD_ADVANCED_TRIGGER_5                          ; NONE                                                                                                                                                                                                            ; String         ;
; SLD_ADVANCED_TRIGGER_6                          ; NONE                                                                                                                                                                                                            ; String         ;
; SLD_ADVANCED_TRIGGER_7                          ; NONE                                                                                                                                                                                                            ; String         ;
; SLD_ADVANCED_TRIGGER_8                          ; NONE                                                                                                                                                                                                            ; String         ;
; SLD_ADVANCED_TRIGGER_9                          ; NONE                                                                                                                                                                                                            ; String         ;
; SLD_ADVANCED_TRIGGER_10                         ; NONE                                                                                                                                                                                                            ; String         ;
; sld_inversion_mask_length                       ; 207                                                                                                                                                                                                             ; Untyped        ;
; sld_inversion_mask                              ; 000000000000000000000000000000000000000000000000000000000000000000000000000000000000000000000000000000000000000000000000000000000000000000000000000000000000000000000000000000000000000000000000000000000000000 ; Untyped        ;
; sld_power_up_trigger                            ; 0                                                                                                                                                                                                               ; Untyped        ;
; SLD_STATE_FLOW_MGR_ENTITY                       ; state_flow_mgr_entity.vhd                                                                                                                                                                                       ; String         ;
; sld_state_flow_use_generated                    ; 0                                                                                                                                                                                                               ; Untyped        ;
; sld_current_resource_width                      ; 1                                                                                                                                                                                                               ; Untyped        ;
; sld_attribute_mem_mode                          ; OFF                                                                                                                                                                                                             ; Untyped        ;
; sld_storage_qualifier_bits                      ; 60                                                                                                                                                                                                              ; Untyped        ;
; SLD_STORAGE_QUALIFIER_GAP_RECORD                ; 0                                                                                                                                                                                                               ; Signed Integer ;
; SLD_STORAGE_QUALIFIER_MODE                      ; OFF                                                                                                                                                                                                             ; String         ;
; SLD_STORAGE_QUALIFIER_ENABLE_ADVANCED_CONDITION ; 0                                                                                                                                                                                                               ; Signed Integer ;
; sld_storage_qualifier_inversion_mask_length     ; 0                                                                                                                                                                                                               ; Untyped        ;
; SLD_STORAGE_QUALIFIER_ADVANCED_CONDITION_ENTITY ; basic                                                                                                                                                                                                           ; String         ;
; SLD_STORAGE_QUALIFIER_PIPELINE                  ; 0                                                                                                                                                                                                               ; Signed Integer ;
; SLD_CREATE_MONITOR_INTERFACE                    ; 0                                                                                                                                                                                                               ; Signed Integer ;
; SLD_USE_JTAG_SIGNAL_ADAPTER                     ; 1                                                                                                                                                                                                               ; Signed Integer ;
+-------------------------------------------------+-----------------------------------------------------------------------------------------------------------------------------------------------------------------------------------------------------------------+----------------+
Note: In order to hide this table in the UI and the text report file, please set the "Show Parameter Settings in Synthesis Report" option in "Analysis and Synthesis Settings -> More Settings" to "Off".


+------------------------------------------------------------------------------------------+
; Parameter Settings for Inferred Entity Instance: memory:memory_inst|altsyncram:mem_rtl_0 ;
+------------------------------------+----------------------+------------------------------+
; Parameter Name                     ; Value                ; Type                         ;
+------------------------------------+----------------------+------------------------------+
; BYTE_SIZE_BLOCK                    ; 8                    ; Untyped                      ;
; AUTO_CARRY_CHAINS                  ; ON                   ; AUTO_CARRY                   ;
; IGNORE_CARRY_BUFFERS               ; OFF                  ; IGNORE_CARRY                 ;
; AUTO_CASCADE_CHAINS                ; ON                   ; AUTO_CASCADE                 ;
; IGNORE_CASCADE_BUFFERS             ; OFF                  ; IGNORE_CASCADE               ;
; WIDTH_BYTEENA                      ; 1                    ; Untyped                      ;
; OPERATION_MODE                     ; BIDIR_DUAL_PORT      ; Untyped                      ;
; WIDTH_A                            ; 8                    ; Untyped                      ;
; WIDTHAD_A                          ; 16                   ; Untyped                      ;
; NUMWORDS_A                         ; 65536                ; Untyped                      ;
; OUTDATA_REG_A                      ; UNREGISTERED         ; Untyped                      ;
; ADDRESS_ACLR_A                     ; NONE                 ; Untyped                      ;
; OUTDATA_ACLR_A                     ; NONE                 ; Untyped                      ;
; WRCONTROL_ACLR_A                   ; NONE                 ; Untyped                      ;
; INDATA_ACLR_A                      ; NONE                 ; Untyped                      ;
; BYTEENA_ACLR_A                     ; NONE                 ; Untyped                      ;
; WIDTH_B                            ; 8                    ; Untyped                      ;
; WIDTHAD_B                          ; 16                   ; Untyped                      ;
; NUMWORDS_B                         ; 65536                ; Untyped                      ;
; INDATA_REG_B                       ; CLOCK1               ; Untyped                      ;
; WRCONTROL_WRADDRESS_REG_B          ; CLOCK1               ; Untyped                      ;
; RDCONTROL_REG_B                    ; CLOCK1               ; Untyped                      ;
; ADDRESS_REG_B                      ; CLOCK1               ; Untyped                      ;
; OUTDATA_REG_B                      ; UNREGISTERED         ; Untyped                      ;
; BYTEENA_REG_B                      ; CLOCK1               ; Untyped                      ;
; INDATA_ACLR_B                      ; NONE                 ; Untyped                      ;
; WRCONTROL_ACLR_B                   ; NONE                 ; Untyped                      ;
; ADDRESS_ACLR_B                     ; NONE                 ; Untyped                      ;
; OUTDATA_ACLR_B                     ; NONE                 ; Untyped                      ;
; RDCONTROL_ACLR_B                   ; NONE                 ; Untyped                      ;
; BYTEENA_ACLR_B                     ; NONE                 ; Untyped                      ;
; WIDTH_BYTEENA_A                    ; 1                    ; Untyped                      ;
; WIDTH_BYTEENA_B                    ; 1                    ; Untyped                      ;
; RAM_BLOCK_TYPE                     ; M9K                  ; Untyped                      ;
; BYTE_SIZE                          ; 8                    ; Untyped                      ;
; READ_DURING_WRITE_MODE_MIXED_PORTS ; DONT_CARE            ; Untyped                      ;
; READ_DURING_WRITE_MODE_PORT_A      ; NEW_DATA_NO_NBE_READ ; Untyped                      ;
; READ_DURING_WRITE_MODE_PORT_B      ; NEW_DATA_NO_NBE_READ ; Untyped                      ;
; INIT_FILE                          ; memory.hex           ; Untyped                      ;
; INIT_FILE_LAYOUT                   ; PORT_A               ; Untyped                      ;
; MAXIMUM_DEPTH                      ; 0                    ; Untyped                      ;
; CLOCK_ENABLE_INPUT_A               ; NORMAL               ; Untyped                      ;
; CLOCK_ENABLE_INPUT_B               ; NORMAL               ; Untyped                      ;
; CLOCK_ENABLE_OUTPUT_A              ; NORMAL               ; Untyped                      ;
; CLOCK_ENABLE_OUTPUT_B              ; NORMAL               ; Untyped                      ;
; CLOCK_ENABLE_CORE_A                ; USE_INPUT_CLKEN      ; Untyped                      ;
; CLOCK_ENABLE_CORE_B                ; USE_INPUT_CLKEN      ; Untyped                      ;
; ENABLE_ECC                         ; FALSE                ; Untyped                      ;
; ECC_PIPELINE_STAGE_ENABLED         ; FALSE                ; Untyped                      ;
; WIDTH_ECCSTATUS                    ; 3                    ; Untyped                      ;
; DEVICE_FAMILY                      ; Cyclone IV E         ; Untyped                      ;
; CBXI_PARAMETER                     ; altsyncram_qqq1      ; Untyped                      ;
+------------------------------------+----------------------+------------------------------+
Note: In order to hide this table in the UI and the text report file, please set the "Show Parameter Settings in Synthesis Report" option in "Analysis and Synthesis Settings -> More Settings" to "Off".


+---------------------------------------------------------------------------------------------+
; Parameter Settings for Inferred Entity Instance: screencard:screencard_inst|lpm_divide:Div0 ;
+------------------------+----------------+---------------------------------------------------+
; Parameter Name         ; Value          ; Type                                              ;
+------------------------+----------------+---------------------------------------------------+
; LPM_WIDTHN             ; 7              ; Untyped                                           ;
; LPM_WIDTHD             ; 6              ; Untyped                                           ;
; LPM_NREPRESENTATION    ; UNSIGNED       ; Untyped                                           ;
; LPM_DREPRESENTATION    ; UNSIGNED       ; Untyped                                           ;
; LPM_PIPELINE           ; 0              ; Untyped                                           ;
; LPM_REMAINDERPOSITIVE  ; TRUE           ; Untyped                                           ;
; MAXIMIZE_SPEED         ; 5              ; Untyped                                           ;
; CBXI_PARAMETER         ; lpm_divide_khm ; Untyped                                           ;
; CARRY_CHAIN            ; MANUAL         ; Untyped                                           ;
; OPTIMIZE_FOR_SPEED     ; 5              ; Untyped                                           ;
; AUTO_CARRY_CHAINS      ; ON             ; AUTO_CARRY                                        ;
; IGNORE_CARRY_BUFFERS   ; OFF            ; IGNORE_CARRY                                      ;
; AUTO_CASCADE_CHAINS    ; ON             ; AUTO_CASCADE                                      ;
; IGNORE_CASCADE_BUFFERS ; OFF            ; IGNORE_CASCADE                                    ;
+------------------------+----------------+---------------------------------------------------+
Note: In order to hide this table in the UI and the text report file, please set the "Show Parameter Settings in Synthesis Report" option in "Analysis and Synthesis Settings -> More Settings" to "Off".


+---------------------------------------------------------------------------------------------------------+
; Parameter Settings for Inferred Entity Instance: clock_controller:clock_controller_inst|lpm_divide:Div0 ;
+------------------------+----------------+---------------------------------------------------------------+
; Parameter Name         ; Value          ; Type                                                          ;
+------------------------+----------------+---------------------------------------------------------------+
; LPM_WIDTHN             ; 26             ; Untyped                                                       ;
; LPM_WIDTHD             ; 7              ; Untyped                                                       ;
; LPM_NREPRESENTATION    ; UNSIGNED       ; Untyped                                                       ;
; LPM_DREPRESENTATION    ; UNSIGNED       ; Untyped                                                       ;
; LPM_PIPELINE           ; 0              ; Untyped                                                       ;
; LPM_REMAINDERPOSITIVE  ; TRUE           ; Untyped                                                       ;
; MAXIMIZE_SPEED         ; 5              ; Untyped                                                       ;
; CBXI_PARAMETER         ; lpm_divide_6jm ; Untyped                                                       ;
; CARRY_CHAIN            ; MANUAL         ; Untyped                                                       ;
; OPTIMIZE_FOR_SPEED     ; 5              ; Untyped                                                       ;
; AUTO_CARRY_CHAINS      ; ON             ; AUTO_CARRY                                                    ;
; IGNORE_CARRY_BUFFERS   ; OFF            ; IGNORE_CARRY                                                  ;
; AUTO_CASCADE_CHAINS    ; ON             ; AUTO_CASCADE                                                  ;
; IGNORE_CASCADE_BUFFERS ; OFF            ; IGNORE_CASCADE                                                ;
+------------------------+----------------+---------------------------------------------------------------+
Note: In order to hide this table in the UI and the text report file, please set the "Show Parameter Settings in Synthesis Report" option in "Analysis and Synthesis Settings -> More Settings" to "Off".


+--------------------------------------------------------------------------------------------------------+
; Parameter Settings for Inferred Entity Instance: clock_controller:clock_controller_inst|lpm_mult:Mult0 ;
+------------------------------------------------+--------------+----------------------------------------+
; Parameter Name                                 ; Value        ; Type                                   ;
+------------------------------------------------+--------------+----------------------------------------+
; AUTO_CARRY_CHAINS                              ; ON           ; AUTO_CARRY                             ;
; IGNORE_CARRY_BUFFERS                           ; OFF          ; IGNORE_CARRY                           ;
; AUTO_CASCADE_CHAINS                            ; ON           ; AUTO_CASCADE                           ;
; IGNORE_CASCADE_BUFFERS                         ; OFF          ; IGNORE_CASCADE                         ;
; LPM_WIDTHA                                     ; 7            ; Untyped                                ;
; LPM_WIDTHB                                     ; 26           ; Untyped                                ;
; LPM_WIDTHP                                     ; 33           ; Untyped                                ;
; LPM_WIDTHR                                     ; 33           ; Untyped                                ;
; LPM_WIDTHS                                     ; 1            ; Untyped                                ;
; LPM_REPRESENTATION                             ; UNSIGNED     ; Untyped                                ;
; LPM_PIPELINE                                   ; 0            ; Untyped                                ;
; LATENCY                                        ; 0            ; Untyped                                ;
; INPUT_A_IS_CONSTANT                            ; NO           ; Untyped                                ;
; INPUT_B_IS_CONSTANT                            ; NO           ; Untyped                                ;
; USE_EAB                                        ; OFF          ; Untyped                                ;
; MAXIMIZE_SPEED                                 ; 5            ; Untyped                                ;
; DEVICE_FAMILY                                  ; Cyclone IV E ; Untyped                                ;
; CARRY_CHAIN                                    ; MANUAL       ; Untyped                                ;
; APEX20K_TECHNOLOGY_MAPPER                      ; LUT          ; TECH_MAPPER_APEX20K                    ;
; DEDICATED_MULTIPLIER_CIRCUITRY                 ; AUTO         ; Untyped                                ;
; DEDICATED_MULTIPLIER_MIN_INPUT_WIDTH_FOR_AUTO  ; 0            ; Untyped                                ;
; DEDICATED_MULTIPLIER_MIN_OUTPUT_WIDTH_FOR_AUTO ; 0            ; Untyped                                ;
; CBXI_PARAMETER                                 ; mult_obt     ; Untyped                                ;
; INPUT_A_FIXED_VALUE                            ; Bx           ; Untyped                                ;
; INPUT_B_FIXED_VALUE                            ; Bx           ; Untyped                                ;
; USE_AHDL_IMPLEMENTATION                        ; OFF          ; Untyped                                ;
+------------------------------------------------+--------------+----------------------------------------+
Note: In order to hide this table in the UI and the text report file, please set the "Show Parameter Settings in Synthesis Report" option in "Analysis and Synthesis Settings -> More Settings" to "Off".


+-------------------------------------------------------------------------------------+
; altsyncram Parameter Settings by Entity Instance                                    ;
+-------------------------------------------+-----------------------------------------+
; Name                                      ; Value                                   ;
+-------------------------------------------+-----------------------------------------+
; Number of entity instances                ; 1                                       ;
; Entity Instance                           ; memory:memory_inst|altsyncram:mem_rtl_0 ;
;     -- OPERATION_MODE                     ; BIDIR_DUAL_PORT                         ;
;     -- WIDTH_A                            ; 8                                       ;
;     -- NUMWORDS_A                         ; 65536                                   ;
;     -- OUTDATA_REG_A                      ; UNREGISTERED                            ;
;     -- WIDTH_B                            ; 8                                       ;
;     -- NUMWORDS_B                         ; 65536                                   ;
;     -- ADDRESS_REG_B                      ; CLOCK1                                  ;
;     -- OUTDATA_REG_B                      ; UNREGISTERED                            ;
;     -- RAM_BLOCK_TYPE                     ; M9K                                     ;
;     -- READ_DURING_WRITE_MODE_MIXED_PORTS ; DONT_CARE                               ;
+-------------------------------------------+-----------------------------------------+


+-----------------------------------------------------------------------------------------------+
; lpm_mult Parameter Settings by Entity Instance                                                ;
+---------------------------------------+-------------------------------------------------------+
; Name                                  ; Value                                                 ;
+---------------------------------------+-------------------------------------------------------+
; Number of entity instances            ; 1                                                     ;
; Entity Instance                       ; clock_controller:clock_controller_inst|lpm_mult:Mult0 ;
;     -- LPM_WIDTHA                     ; 7                                                     ;
;     -- LPM_WIDTHB                     ; 26                                                    ;
;     -- LPM_WIDTHP                     ; 33                                                    ;
;     -- LPM_REPRESENTATION             ; UNSIGNED                                              ;
;     -- INPUT_A_IS_CONSTANT            ; NO                                                    ;
;     -- INPUT_B_IS_CONSTANT            ; NO                                                    ;
;     -- USE_EAB                        ; OFF                                                   ;
;     -- DEDICATED_MULTIPLIER_CIRCUITRY ; AUTO                                                  ;
;     -- INPUT_A_FIXED_VALUE            ; Bx                                                    ;
;     -- INPUT_B_FIXED_VALUE            ; Bx                                                    ;
+---------------------------------------+-------------------------------------------------------+


+------------------------------------------------------------------------------------------------------------------------------------------------------------------------+
; Port Connectivity Checks: "PS2_MODUL:PS2_MODUL_inst|PS2_TO_ASCII:PS2_TO_ASCII_inst"                                                                                    ;
+------+-------+----------+----------------------------------------------------------------------------------------------------------------------------------------------+
; Port ; Type  ; Severity ; Details                                                                                                                                      ;
+------+-------+----------+----------------------------------------------------------------------------------------------------------------------------------------------+
; rdy  ; Input ; Warning  ; Declared by entity but not connected by instance. If a default value exists, it will be used.  Otherwise, the port will be connected to GND. ;
+------+-------+----------+----------------------------------------------------------------------------------------------------------------------------------------------+


+-------------------------------------------------------------------------------------------------------------------------------------------------------------------------------------------------------------------------------------------------------------------------+
; Signal Tap Logic Analyzer Settings                                                                                                                                                                                                                                      ;
+----------------+------------------+---------------------+------------------+--------------+----------+------------------------+----------------------+--------------------+-----------------------------+-----------------+------------------+--------------------------+
; Instance Index ; Instance Name    ; Trigger Input Width ; Data Input Width ; Sample Depth ; Segments ; Storage Qualifier Type ; Trigger Flow Control ; Trigger Conditions ; Advanced Trigger Conditions ; Trigger In Used ; Trigger Out Used ; Power-Up Trigger Enabled ;
+----------------+------------------+---------------------+------------------+--------------+----------+------------------------+----------------------+--------------------+-----------------------------+-----------------+------------------+--------------------------+
; 0              ; auto_signaltap_0 ; 60                  ; 60               ; 8192         ; 1        ; continuous             ; sequential           ; 1                  ; 0                           ; no              ; no               ; no                       ;
+----------------+------------------+---------------------+------------------+--------------+----------+------------------------+----------------------+--------------------+-----------------------------+-----------------+------------------+--------------------------+


+-----------------------------------------------------+
; Post-Synthesis Netlist Statistics for Top Partition ;
+-----------------------+-----------------------------+
; Type                  ; Count                       ;
+-----------------------+-----------------------------+
; boundary_port         ; 193                         ;
; cycloneiii_ff         ; 572                         ;
;     ENA               ; 255                         ;
;     ENA SCLR          ; 38                          ;
;     ENA SLD           ; 3                           ;
;     SCLR              ; 95                          ;
;     SLD               ; 10                          ;
;     plain             ; 171                         ;
; cycloneiii_io_obuf    ; 46                          ;
; cycloneiii_lcell_comb ; 2979                        ;
;     arith             ; 364                         ;
;         2 data inputs ; 196                         ;
;         3 data inputs ; 168                         ;
;     normal            ; 2615                        ;
;         0 data inputs ; 29                          ;
;         1 data inputs ; 20                          ;
;         2 data inputs ; 462                         ;
;         3 data inputs ; 364                         ;
;         4 data inputs ; 1740                        ;
; cycloneiii_mac_mult   ; 2                           ;
; cycloneiii_mac_out    ; 2                           ;
; cycloneiii_ram_block  ; 64                          ;
;                       ;                             ;
; Max LUT depth         ; 48.90                       ;
; Average LUT depth     ; 11.71                       ;
+-----------------------+-----------------------------+


+-------------------------------+
; Elapsed Time Per Partition    ;
+----------------+--------------+
; Partition Name ; Elapsed Time ;
+----------------+--------------+
; Top            ; 00:00:07     ;
+----------------+--------------+


+-------------------------------------------------------------------------------------------------------------------------------------------------------------------------------------------------------------------------------------+
; Connections to In-System Debugging Instance "auto_signaltap_0"                                                                                                                                                                      ;
+----------------------------------+---------------+-----------+--------------------------------+-------------------+-------------------------------------------------------------------------------------------------------+---------+
; Name                             ; Type          ; Status    ; Partition Name                 ; Netlist Type Used ; Actual Connection                                                                                     ; Details ;
+----------------------------------+---------------+-----------+--------------------------------+-------------------+-------------------------------------------------------------------------------------------------------+---------+
; CLOCK_50                         ; pre-synthesis ; connected ; Top                            ; post-synthesis    ; CLOCK_50                                                                                              ; N/A     ;
; GPIO[10]                         ; pre-synthesis ; connected ; Top                            ; post-synthesis    ; GPIO[10]                                                                                              ; N/A     ;
; GPIO[10]                         ; pre-synthesis ; connected ; Top                            ; post-synthesis    ; GPIO[10]                                                                                              ; N/A     ;
; GPIO[11]                         ; pre-synthesis ; connected ; Top                            ; post-synthesis    ; GPIO[11]                                                                                              ; N/A     ;
; GPIO[11]                         ; pre-synthesis ; connected ; Top                            ; post-synthesis    ; GPIO[11]                                                                                              ; N/A     ;
; GPIO[12]                         ; pre-synthesis ; connected ; Top                            ; post-synthesis    ; GPIO[12]                                                                                              ; N/A     ;
; GPIO[12]                         ; pre-synthesis ; connected ; Top                            ; post-synthesis    ; GPIO[12]                                                                                              ; N/A     ;
; GPIO[13]                         ; pre-synthesis ; connected ; Top                            ; post-synthesis    ; GPIO[13]                                                                                              ; N/A     ;
; GPIO[13]                         ; pre-synthesis ; connected ; Top                            ; post-synthesis    ; GPIO[13]                                                                                              ; N/A     ;
; GPIO[14]                         ; pre-synthesis ; connected ; Top                            ; post-synthesis    ; GPIO[14]                                                                                              ; N/A     ;
; GPIO[14]                         ; pre-synthesis ; connected ; Top                            ; post-synthesis    ; GPIO[14]                                                                                              ; N/A     ;
; GPIO[15]                         ; pre-synthesis ; connected ; Top                            ; post-synthesis    ; GPIO[15]                                                                                              ; N/A     ;
; GPIO[15]                         ; pre-synthesis ; connected ; Top                            ; post-synthesis    ; GPIO[15]                                                                                              ; N/A     ;
; GPIO[16]                         ; pre-synthesis ; connected ; Top                            ; post-synthesis    ; GPIO[16]                                                                                              ; N/A     ;
; GPIO[16]                         ; pre-synthesis ; connected ; Top                            ; post-synthesis    ; GPIO[16]                                                                                              ; N/A     ;
; GPIO[17]                         ; pre-synthesis ; connected ; Top                            ; post-synthesis    ; GPIO[17]                                                                                              ; N/A     ;
; GPIO[17]                         ; pre-synthesis ; connected ; Top                            ; post-synthesis    ; GPIO[17]                                                                                              ; N/A     ;
; GPIO[18]                         ; pre-synthesis ; connected ; Top                            ; post-synthesis    ; GPIO[18]                                                                                              ; N/A     ;
; GPIO[18]                         ; pre-synthesis ; connected ; Top                            ; post-synthesis    ; GPIO[18]                                                                                              ; N/A     ;
; GPIO[19]                         ; pre-synthesis ; connected ; Top                            ; post-synthesis    ; GPIO[19]                                                                                              ; N/A     ;
; GPIO[19]                         ; pre-synthesis ; connected ; Top                            ; post-synthesis    ; GPIO[19]                                                                                              ; N/A     ;
; GPIO[20]                         ; pre-synthesis ; connected ; Top                            ; post-synthesis    ; GPIO[20]                                                                                              ; N/A     ;
; GPIO[20]                         ; pre-synthesis ; connected ; Top                            ; post-synthesis    ; GPIO[20]                                                                                              ; N/A     ;
; GPIO[21]                         ; pre-synthesis ; connected ; Top                            ; post-synthesis    ; GPIO[21]                                                                                              ; N/A     ;
; GPIO[21]                         ; pre-synthesis ; connected ; Top                            ; post-synthesis    ; GPIO[21]                                                                                              ; N/A     ;
; GPIO[22]                         ; pre-synthesis ; connected ; Top                            ; post-synthesis    ; GPIO[22]                                                                                              ; N/A     ;
; GPIO[22]                         ; pre-synthesis ; connected ; Top                            ; post-synthesis    ; GPIO[22]                                                                                              ; N/A     ;
; GPIO[23]                         ; pre-synthesis ; connected ; Top                            ; post-synthesis    ; GPIO[23]                                                                                              ; N/A     ;
; GPIO[23]                         ; pre-synthesis ; connected ; Top                            ; post-synthesis    ; GPIO[23]                                                                                              ; N/A     ;
; GPIO[24]                         ; pre-synthesis ; connected ; Top                            ; post-synthesis    ; GPIO[24]                                                                                              ; N/A     ;
; GPIO[24]                         ; pre-synthesis ; connected ; Top                            ; post-synthesis    ; GPIO[24]                                                                                              ; N/A     ;
; GPIO[25]                         ; pre-synthesis ; connected ; Top                            ; post-synthesis    ; GPIO[25]                                                                                              ; N/A     ;
; GPIO[25]                         ; pre-synthesis ; connected ; Top                            ; post-synthesis    ; GPIO[25]                                                                                              ; N/A     ;
; GPIO[26]                         ; pre-synthesis ; connected ; Top                            ; post-synthesis    ; GPIO[26]                                                                                              ; N/A     ;
; GPIO[26]                         ; pre-synthesis ; connected ; Top                            ; post-synthesis    ; GPIO[26]                                                                                              ; N/A     ;
; GPIO[27]                         ; pre-synthesis ; connected ; Top                            ; post-synthesis    ; GPIO[27]                                                                                              ; N/A     ;
; GPIO[27]                         ; pre-synthesis ; connected ; Top                            ; post-synthesis    ; GPIO[27]                                                                                              ; N/A     ;
; GPIO[28]                         ; pre-synthesis ; connected ; Top                            ; post-synthesis    ; GPIO[28]                                                                                              ; N/A     ;
; GPIO[28]                         ; pre-synthesis ; connected ; Top                            ; post-synthesis    ; GPIO[28]                                                                                              ; N/A     ;
; GPIO[29]                         ; pre-synthesis ; connected ; Top                            ; post-synthesis    ; GPIO[29]                                                                                              ; N/A     ;
; GPIO[29]                         ; pre-synthesis ; connected ; Top                            ; post-synthesis    ; GPIO[29]                                                                                              ; N/A     ;
; GPIO[30]                         ; pre-synthesis ; connected ; Top                            ; post-synthesis    ; GPIO[30]                                                                                              ; N/A     ;
; GPIO[30]                         ; pre-synthesis ; connected ; Top                            ; post-synthesis    ; GPIO[30]                                                                                              ; N/A     ;
; GPIO[31]                         ; pre-synthesis ; connected ; Top                            ; post-synthesis    ; GPIO[31]                                                                                              ; N/A     ;
; GPIO[31]                         ; pre-synthesis ; connected ; Top                            ; post-synthesis    ; GPIO[31]                                                                                              ; N/A     ;
; GPIO[32]                         ; pre-synthesis ; connected ; Top                            ; post-synthesis    ; GPIO[32]                                                                                              ; N/A     ;
; GPIO[32]                         ; pre-synthesis ; connected ; Top                            ; post-synthesis    ; GPIO[32]                                                                                              ; N/A     ;
; GPIO[33]                         ; pre-synthesis ; connected ; Top                            ; post-synthesis    ; GPIO[33]                                                                                              ; N/A     ;
; GPIO[33]                         ; pre-synthesis ; connected ; Top                            ; post-synthesis    ; GPIO[33]                                                                                              ; N/A     ;
; GPIO[6]                          ; pre-synthesis ; connected ; Top                            ; post-synthesis    ; GPIO[6]                                                                                               ; N/A     ;
; GPIO[6]                          ; pre-synthesis ; connected ; Top                            ; post-synthesis    ; GPIO[6]                                                                                               ; N/A     ;
; GPIO[8]                          ; pre-synthesis ; connected ; Top                            ; post-synthesis    ; GPIO[8]                                                                                               ; N/A     ;
; GPIO[8]                          ; pre-synthesis ; connected ; Top                            ; post-synthesis    ; GPIO[8]                                                                                               ; N/A     ;
; GPIO[9]                          ; pre-synthesis ; connected ; Top                            ; post-synthesis    ; GPIO[9]                                                                                               ; N/A     ;
; GPIO[9]                          ; pre-synthesis ; connected ; Top                            ; post-synthesis    ; GPIO[9]                                                                                               ; N/A     ;
; memory:memory_inst|addr_a[0]     ; pre-synthesis ; connected ; Top                            ; post-synthesis    ; memory_support:memory_support_inst|cpu_address_dff[0]                                                 ; N/A     ;
; memory:memory_inst|addr_a[0]     ; pre-synthesis ; connected ; Top                            ; post-synthesis    ; memory_support:memory_support_inst|cpu_address_dff[0]                                                 ; N/A     ;
; memory:memory_inst|addr_a[10]    ; pre-synthesis ; connected ; Top                            ; post-synthesis    ; memory_support:memory_support_inst|cpu_address_dff[10]                                                ; N/A     ;
; memory:memory_inst|addr_a[10]    ; pre-synthesis ; connected ; Top                            ; post-synthesis    ; memory_support:memory_support_inst|cpu_address_dff[10]                                                ; N/A     ;
; memory:memory_inst|addr_a[11]    ; pre-synthesis ; connected ; Top                            ; post-synthesis    ; memory_support:memory_support_inst|cpu_address_dff[11]                                                ; N/A     ;
; memory:memory_inst|addr_a[11]    ; pre-synthesis ; connected ; Top                            ; post-synthesis    ; memory_support:memory_support_inst|cpu_address_dff[11]                                                ; N/A     ;
; memory:memory_inst|addr_a[12]    ; pre-synthesis ; connected ; Top                            ; post-synthesis    ; memory_support:memory_support_inst|cpu_address_dff[12]                                                ; N/A     ;
; memory:memory_inst|addr_a[12]    ; pre-synthesis ; connected ; Top                            ; post-synthesis    ; memory_support:memory_support_inst|cpu_address_dff[12]                                                ; N/A     ;
; memory:memory_inst|addr_a[13]    ; pre-synthesis ; connected ; Top                            ; post-synthesis    ; memory_support:memory_support_inst|cpu_address_dff[13]                                                ; N/A     ;
; memory:memory_inst|addr_a[13]    ; pre-synthesis ; connected ; Top                            ; post-synthesis    ; memory_support:memory_support_inst|cpu_address_dff[13]                                                ; N/A     ;
; memory:memory_inst|addr_a[14]    ; pre-synthesis ; connected ; Top                            ; post-synthesis    ; memory_support:memory_support_inst|cpu_address_dff[14]                                                ; N/A     ;
; memory:memory_inst|addr_a[14]    ; pre-synthesis ; connected ; Top                            ; post-synthesis    ; memory_support:memory_support_inst|cpu_address_dff[14]                                                ; N/A     ;
; memory:memory_inst|addr_a[15]    ; pre-synthesis ; connected ; Top                            ; post-synthesis    ; memory_support:memory_support_inst|cpu_address_dff[15]                                                ; N/A     ;
; memory:memory_inst|addr_a[15]    ; pre-synthesis ; connected ; Top                            ; post-synthesis    ; memory_support:memory_support_inst|cpu_address_dff[15]                                                ; N/A     ;
; memory:memory_inst|addr_a[1]     ; pre-synthesis ; connected ; Top                            ; post-synthesis    ; memory_support:memory_support_inst|cpu_address_dff[1]                                                 ; N/A     ;
; memory:memory_inst|addr_a[1]     ; pre-synthesis ; connected ; Top                            ; post-synthesis    ; memory_support:memory_support_inst|cpu_address_dff[1]                                                 ; N/A     ;
; memory:memory_inst|addr_a[2]     ; pre-synthesis ; connected ; Top                            ; post-synthesis    ; memory_support:memory_support_inst|cpu_address_dff[2]                                                 ; N/A     ;
; memory:memory_inst|addr_a[2]     ; pre-synthesis ; connected ; Top                            ; post-synthesis    ; memory_support:memory_support_inst|cpu_address_dff[2]                                                 ; N/A     ;
; memory:memory_inst|addr_a[3]     ; pre-synthesis ; connected ; Top                            ; post-synthesis    ; memory_support:memory_support_inst|cpu_address_dff[3]                                                 ; N/A     ;
; memory:memory_inst|addr_a[3]     ; pre-synthesis ; connected ; Top                            ; post-synthesis    ; memory_support:memory_support_inst|cpu_address_dff[3]                                                 ; N/A     ;
; memory:memory_inst|addr_a[4]     ; pre-synthesis ; connected ; Top                            ; post-synthesis    ; memory_support:memory_support_inst|cpu_address_dff[4]                                                 ; N/A     ;
; memory:memory_inst|addr_a[4]     ; pre-synthesis ; connected ; Top                            ; post-synthesis    ; memory_support:memory_support_inst|cpu_address_dff[4]                                                 ; N/A     ;
; memory:memory_inst|addr_a[5]     ; pre-synthesis ; connected ; Top                            ; post-synthesis    ; memory_support:memory_support_inst|cpu_address_dff[5]                                                 ; N/A     ;
; memory:memory_inst|addr_a[5]     ; pre-synthesis ; connected ; Top                            ; post-synthesis    ; memory_support:memory_support_inst|cpu_address_dff[5]                                                 ; N/A     ;
; memory:memory_inst|addr_a[6]     ; pre-synthesis ; connected ; Top                            ; post-synthesis    ; memory_support:memory_support_inst|cpu_address_dff[6]                                                 ; N/A     ;
; memory:memory_inst|addr_a[6]     ; pre-synthesis ; connected ; Top                            ; post-synthesis    ; memory_support:memory_support_inst|cpu_address_dff[6]                                                 ; N/A     ;
; memory:memory_inst|addr_a[7]     ; pre-synthesis ; connected ; Top                            ; post-synthesis    ; memory_support:memory_support_inst|cpu_address_dff[7]                                                 ; N/A     ;
; memory:memory_inst|addr_a[7]     ; pre-synthesis ; connected ; Top                            ; post-synthesis    ; memory_support:memory_support_inst|cpu_address_dff[7]                                                 ; N/A     ;
; memory:memory_inst|addr_a[8]     ; pre-synthesis ; connected ; Top                            ; post-synthesis    ; memory_support:memory_support_inst|cpu_address_dff[8]                                                 ; N/A     ;
; memory:memory_inst|addr_a[8]     ; pre-synthesis ; connected ; Top                            ; post-synthesis    ; memory_support:memory_support_inst|cpu_address_dff[8]                                                 ; N/A     ;
; memory:memory_inst|addr_a[9]     ; pre-synthesis ; connected ; Top                            ; post-synthesis    ; memory_support:memory_support_inst|cpu_address_dff[9]                                                 ; N/A     ;
; memory:memory_inst|addr_a[9]     ; pre-synthesis ; connected ; Top                            ; post-synthesis    ; memory_support:memory_support_inst|cpu_address_dff[9]                                                 ; N/A     ;
; memory:memory_inst|data_in_a[0]  ; pre-synthesis ; connected ; Top                            ; post-synthesis    ; memory_support:memory_support_inst|mem_data_in[0]                                                     ; N/A     ;
; memory:memory_inst|data_in_a[0]  ; pre-synthesis ; connected ; Top                            ; post-synthesis    ; memory_support:memory_support_inst|mem_data_in[0]                                                     ; N/A     ;
; memory:memory_inst|data_in_a[1]  ; pre-synthesis ; connected ; Top                            ; post-synthesis    ; memory_support:memory_support_inst|mem_data_in[1]                                                     ; N/A     ;
; memory:memory_inst|data_in_a[1]  ; pre-synthesis ; connected ; Top                            ; post-synthesis    ; memory_support:memory_support_inst|mem_data_in[1]                                                     ; N/A     ;
; memory:memory_inst|data_in_a[2]  ; pre-synthesis ; connected ; Top                            ; post-synthesis    ; memory_support:memory_support_inst|mem_data_in[2]                                                     ; N/A     ;
; memory:memory_inst|data_in_a[2]  ; pre-synthesis ; connected ; Top                            ; post-synthesis    ; memory_support:memory_support_inst|mem_data_in[2]                                                     ; N/A     ;
; memory:memory_inst|data_in_a[3]  ; pre-synthesis ; connected ; Top                            ; post-synthesis    ; memory_support:memory_support_inst|mem_data_in[3]                                                     ; N/A     ;
; memory:memory_inst|data_in_a[3]  ; pre-synthesis ; connected ; Top                            ; post-synthesis    ; memory_support:memory_support_inst|mem_data_in[3]                                                     ; N/A     ;
; memory:memory_inst|data_in_a[4]  ; pre-synthesis ; connected ; Top                            ; post-synthesis    ; memory_support:memory_support_inst|mem_data_in[4]                                                     ; N/A     ;
; memory:memory_inst|data_in_a[4]  ; pre-synthesis ; connected ; Top                            ; post-synthesis    ; memory_support:memory_support_inst|mem_data_in[4]                                                     ; N/A     ;
; memory:memory_inst|data_in_a[5]  ; pre-synthesis ; connected ; Top                            ; post-synthesis    ; memory_support:memory_support_inst|mem_data_in[5]                                                     ; N/A     ;
; memory:memory_inst|data_in_a[5]  ; pre-synthesis ; connected ; Top                            ; post-synthesis    ; memory_support:memory_support_inst|mem_data_in[5]                                                     ; N/A     ;
; memory:memory_inst|data_in_a[6]  ; pre-synthesis ; connected ; Top                            ; post-synthesis    ; memory_support:memory_support_inst|mem_data_in[6]                                                     ; N/A     ;
; memory:memory_inst|data_in_a[6]  ; pre-synthesis ; connected ; Top                            ; post-synthesis    ; memory_support:memory_support_inst|mem_data_in[6]                                                     ; N/A     ;
; memory:memory_inst|data_in_a[7]  ; pre-synthesis ; connected ; Top                            ; post-synthesis    ; memory_support:memory_support_inst|mem_data_in[7]                                                     ; N/A     ;
; memory:memory_inst|data_in_a[7]  ; pre-synthesis ; connected ; Top                            ; post-synthesis    ; memory_support:memory_support_inst|mem_data_in[7]                                                     ; N/A     ;
; memory:memory_inst|data_out_a[0] ; pre-synthesis ; connected ; Top                            ; post-synthesis    ; memory:memory_inst|altsyncram:mem_rtl_0|altsyncram_qqq1:auto_generated|mux_bnb:mux4|result_node[0]~5  ; N/A     ;
; memory:memory_inst|data_out_a[0] ; pre-synthesis ; connected ; Top                            ; post-synthesis    ; memory:memory_inst|altsyncram:mem_rtl_0|altsyncram_qqq1:auto_generated|mux_bnb:mux4|result_node[0]~5  ; N/A     ;
; memory:memory_inst|data_out_a[1] ; pre-synthesis ; connected ; Top                            ; post-synthesis    ; memory:memory_inst|altsyncram:mem_rtl_0|altsyncram_qqq1:auto_generated|mux_bnb:mux4|result_node[1]~11 ; N/A     ;
; memory:memory_inst|data_out_a[1] ; pre-synthesis ; connected ; Top                            ; post-synthesis    ; memory:memory_inst|altsyncram:mem_rtl_0|altsyncram_qqq1:auto_generated|mux_bnb:mux4|result_node[1]~11 ; N/A     ;
; memory:memory_inst|data_out_a[2] ; pre-synthesis ; connected ; Top                            ; post-synthesis    ; memory:memory_inst|altsyncram:mem_rtl_0|altsyncram_qqq1:auto_generated|mux_bnb:mux4|result_node[2]~17 ; N/A     ;
; memory:memory_inst|data_out_a[2] ; pre-synthesis ; connected ; Top                            ; post-synthesis    ; memory:memory_inst|altsyncram:mem_rtl_0|altsyncram_qqq1:auto_generated|mux_bnb:mux4|result_node[2]~17 ; N/A     ;
; memory:memory_inst|data_out_a[3] ; pre-synthesis ; connected ; Top                            ; post-synthesis    ; memory:memory_inst|altsyncram:mem_rtl_0|altsyncram_qqq1:auto_generated|mux_bnb:mux4|result_node[3]~23 ; N/A     ;
; memory:memory_inst|data_out_a[3] ; pre-synthesis ; connected ; Top                            ; post-synthesis    ; memory:memory_inst|altsyncram:mem_rtl_0|altsyncram_qqq1:auto_generated|mux_bnb:mux4|result_node[3]~23 ; N/A     ;
; memory:memory_inst|data_out_a[4] ; pre-synthesis ; connected ; Top                            ; post-synthesis    ; memory:memory_inst|altsyncram:mem_rtl_0|altsyncram_qqq1:auto_generated|mux_bnb:mux4|result_node[4]~29 ; N/A     ;
; memory:memory_inst|data_out_a[4] ; pre-synthesis ; connected ; Top                            ; post-synthesis    ; memory:memory_inst|altsyncram:mem_rtl_0|altsyncram_qqq1:auto_generated|mux_bnb:mux4|result_node[4]~29 ; N/A     ;
; memory:memory_inst|data_out_a[5] ; pre-synthesis ; connected ; Top                            ; post-synthesis    ; memory:memory_inst|altsyncram:mem_rtl_0|altsyncram_qqq1:auto_generated|mux_bnb:mux4|result_node[5]~35 ; N/A     ;
; memory:memory_inst|data_out_a[5] ; pre-synthesis ; connected ; Top                            ; post-synthesis    ; memory:memory_inst|altsyncram:mem_rtl_0|altsyncram_qqq1:auto_generated|mux_bnb:mux4|result_node[5]~35 ; N/A     ;
; memory:memory_inst|data_out_a[6] ; pre-synthesis ; connected ; Top                            ; post-synthesis    ; memory:memory_inst|altsyncram:mem_rtl_0|altsyncram_qqq1:auto_generated|mux_bnb:mux4|result_node[6]~41 ; N/A     ;
; memory:memory_inst|data_out_a[6] ; pre-synthesis ; connected ; Top                            ; post-synthesis    ; memory:memory_inst|altsyncram:mem_rtl_0|altsyncram_qqq1:auto_generated|mux_bnb:mux4|result_node[6]~41 ; N/A     ;
; memory:memory_inst|data_out_a[7] ; pre-synthesis ; connected ; Top                            ; post-synthesis    ; memory:memory_inst|altsyncram:mem_rtl_0|altsyncram_qqq1:auto_generated|mux_bnb:mux4|result_node[7]~47 ; N/A     ;
; memory:memory_inst|data_out_a[7] ; pre-synthesis ; connected ; Top                            ; post-synthesis    ; memory:memory_inst|altsyncram:mem_rtl_0|altsyncram_qqq1:auto_generated|mux_bnb:mux4|result_node[7]~47 ; N/A     ;
; memory:memory_inst|we_a          ; pre-synthesis ; connected ; Top                            ; post-synthesis    ; memory_support:memory_support_inst|mem_wren                                                           ; N/A     ;
; memory:memory_inst|we_a          ; pre-synthesis ; connected ; Top                            ; post-synthesis    ; memory_support:memory_support_inst|mem_wren                                                           ; N/A     ;
; auto_signaltap_0|gnd             ; post-fitting  ; connected ; sld_signaltap:auto_signaltap_0 ; post-synthesis    ; sld_signaltap:auto_signaltap_0|~GND                                                                   ; N/A     ;
; auto_signaltap_0|gnd             ; post-fitting  ; connected ; sld_signaltap:auto_signaltap_0 ; post-synthesis    ; sld_signaltap:auto_signaltap_0|~GND                                                                   ; N/A     ;
; auto_signaltap_0|gnd             ; post-fitting  ; connected ; sld_signaltap:auto_signaltap_0 ; post-synthesis    ; sld_signaltap:auto_signaltap_0|~GND                                                                   ; N/A     ;
; auto_signaltap_0|gnd             ; post-fitting  ; connected ; sld_signaltap:auto_signaltap_0 ; post-synthesis    ; sld_signaltap:auto_signaltap_0|~GND                                                                   ; N/A     ;
; auto_signaltap_0|gnd             ; post-fitting  ; connected ; sld_signaltap:auto_signaltap_0 ; post-synthesis    ; sld_signaltap:auto_signaltap_0|~GND                                                                   ; N/A     ;
; auto_signaltap_0|gnd             ; post-fitting  ; connected ; sld_signaltap:auto_signaltap_0 ; post-synthesis    ; sld_signaltap:auto_signaltap_0|~GND                                                                   ; N/A     ;
; auto_signaltap_0|gnd             ; post-fitting  ; connected ; sld_signaltap:auto_signaltap_0 ; post-synthesis    ; sld_signaltap:auto_signaltap_0|~GND                                                                   ; N/A     ;
; auto_signaltap_0|gnd             ; post-fitting  ; connected ; sld_signaltap:auto_signaltap_0 ; post-synthesis    ; sld_signaltap:auto_signaltap_0|~GND                                                                   ; N/A     ;
; auto_signaltap_0|gnd             ; post-fitting  ; connected ; sld_signaltap:auto_signaltap_0 ; post-synthesis    ; sld_signaltap:auto_signaltap_0|~GND                                                                   ; N/A     ;
; auto_signaltap_0|gnd             ; post-fitting  ; connected ; sld_signaltap:auto_signaltap_0 ; post-synthesis    ; sld_signaltap:auto_signaltap_0|~GND                                                                   ; N/A     ;
; auto_signaltap_0|gnd             ; post-fitting  ; connected ; sld_signaltap:auto_signaltap_0 ; post-synthesis    ; sld_signaltap:auto_signaltap_0|~GND                                                                   ; N/A     ;
; auto_signaltap_0|gnd             ; post-fitting  ; connected ; sld_signaltap:auto_signaltap_0 ; post-synthesis    ; sld_signaltap:auto_signaltap_0|~GND                                                                   ; N/A     ;
; auto_signaltap_0|gnd             ; post-fitting  ; connected ; sld_signaltap:auto_signaltap_0 ; post-synthesis    ; sld_signaltap:auto_signaltap_0|~GND                                                                   ; N/A     ;
; auto_signaltap_0|gnd             ; post-fitting  ; connected ; sld_signaltap:auto_signaltap_0 ; post-synthesis    ; sld_signaltap:auto_signaltap_0|~GND                                                                   ; N/A     ;
; auto_signaltap_0|gnd             ; post-fitting  ; connected ; sld_signaltap:auto_signaltap_0 ; post-synthesis    ; sld_signaltap:auto_signaltap_0|~GND                                                                   ; N/A     ;
; auto_signaltap_0|gnd             ; post-fitting  ; connected ; sld_signaltap:auto_signaltap_0 ; post-synthesis    ; sld_signaltap:auto_signaltap_0|~GND                                                                   ; N/A     ;
; auto_signaltap_0|vcc             ; post-fitting  ; connected ; sld_signaltap:auto_signaltap_0 ; post-synthesis    ; sld_signaltap:auto_signaltap_0|~VCC                                                                   ; N/A     ;
; auto_signaltap_0|vcc             ; post-fitting  ; connected ; sld_signaltap:auto_signaltap_0 ; post-synthesis    ; sld_signaltap:auto_signaltap_0|~VCC                                                                   ; N/A     ;
; auto_signaltap_0|vcc             ; post-fitting  ; connected ; sld_signaltap:auto_signaltap_0 ; post-synthesis    ; sld_signaltap:auto_signaltap_0|~VCC                                                                   ; N/A     ;
; auto_signaltap_0|vcc             ; post-fitting  ; connected ; sld_signaltap:auto_signaltap_0 ; post-synthesis    ; sld_signaltap:auto_signaltap_0|~VCC                                                                   ; N/A     ;
; auto_signaltap_0|vcc             ; post-fitting  ; connected ; sld_signaltap:auto_signaltap_0 ; post-synthesis    ; sld_signaltap:auto_signaltap_0|~VCC                                                                   ; N/A     ;
; auto_signaltap_0|vcc             ; post-fitting  ; connected ; sld_signaltap:auto_signaltap_0 ; post-synthesis    ; sld_signaltap:auto_signaltap_0|~VCC                                                                   ; N/A     ;
; auto_signaltap_0|vcc             ; post-fitting  ; connected ; sld_signaltap:auto_signaltap_0 ; post-synthesis    ; sld_signaltap:auto_signaltap_0|~VCC                                                                   ; N/A     ;
; auto_signaltap_0|vcc             ; post-fitting  ; connected ; sld_signaltap:auto_signaltap_0 ; post-synthesis    ; sld_signaltap:auto_signaltap_0|~VCC                                                                   ; N/A     ;
; auto_signaltap_0|vcc             ; post-fitting  ; connected ; sld_signaltap:auto_signaltap_0 ; post-synthesis    ; sld_signaltap:auto_signaltap_0|~VCC                                                                   ; N/A     ;
; auto_signaltap_0|vcc             ; post-fitting  ; connected ; sld_signaltap:auto_signaltap_0 ; post-synthesis    ; sld_signaltap:auto_signaltap_0|~VCC                                                                   ; N/A     ;
; auto_signaltap_0|vcc             ; post-fitting  ; connected ; sld_signaltap:auto_signaltap_0 ; post-synthesis    ; sld_signaltap:auto_signaltap_0|~VCC                                                                   ; N/A     ;
; auto_signaltap_0|vcc             ; post-fitting  ; connected ; sld_signaltap:auto_signaltap_0 ; post-synthesis    ; sld_signaltap:auto_signaltap_0|~VCC                                                                   ; N/A     ;
; auto_signaltap_0|vcc             ; post-fitting  ; connected ; sld_signaltap:auto_signaltap_0 ; post-synthesis    ; sld_signaltap:auto_signaltap_0|~VCC                                                                   ; N/A     ;
; auto_signaltap_0|vcc             ; post-fitting  ; connected ; sld_signaltap:auto_signaltap_0 ; post-synthesis    ; sld_signaltap:auto_signaltap_0|~VCC                                                                   ; N/A     ;
; auto_signaltap_0|vcc             ; post-fitting  ; connected ; sld_signaltap:auto_signaltap_0 ; post-synthesis    ; sld_signaltap:auto_signaltap_0|~VCC                                                                   ; N/A     ;
; auto_signaltap_0|vcc             ; post-fitting  ; connected ; sld_signaltap:auto_signaltap_0 ; post-synthesis    ; sld_signaltap:auto_signaltap_0|~VCC                                                                   ; N/A     ;
+----------------------------------+---------------+-----------+--------------------------------+-------------------+-------------------------------------------------------------------------------------------------------+---------+


+-------------------------------+
; Analysis & Synthesis Messages ;
+-------------------------------+
Info: *******************************************************************
Info: Running Quartus Prime Analysis & Synthesis
    Info: Version 23.1std.1 Build 993 05/14/2024 SC Lite Edition
    Info: Processing started: Fri Apr 24 17:22:56 2026
Info: Command: quartus_map --read_settings_files=on --write_settings_files=off motherboard -c motherboard
Warning (18236): Number of processors has not been specified which may cause overloading on shared machines.  Set the global assignment NUM_PARALLEL_PROCESSORS in your QSF to an appropriate value for best performance.
Info (20030): Parallel compilation is enabled and will use 16 of the 16 processors detected
Warning (12125): Using design file motherboard.vhd, which is not specified as a design file for the current project, but contains definitions for 2 design units and 1 entities in project
    Info (12022): Found design unit 1: motherboard-RTL File: C:/Bachlor/FPGA_ROT/motherboard_ver_1/motherboard.vhd Line: 49
    Info (12023): Found entity 1: motherboard File: C:/Bachlor/FPGA_ROT/motherboard_ver_1/motherboard.vhd Line: 5
Info (12127): Elaborating entity "motherboard" for the top level hierarchy
Warning (10540): VHDL Signal Declaration warning at motherboard.vhd(30): used explicit default value for signal "HEX0" because signal was never assigned a value File: C:/Bachlor/FPGA_ROT/motherboard_ver_1/motherboard.vhd Line: 30
Warning (10540): VHDL Signal Declaration warning at motherboard.vhd(30): used explicit default value for signal "HEX1" because signal was never assigned a value File: C:/Bachlor/FPGA_ROT/motherboard_ver_1/motherboard.vhd Line: 30
Warning (10540): VHDL Signal Declaration warning at motherboard.vhd(30): used explicit default value for signal "HEX2" because signal was never assigned a value File: C:/Bachlor/FPGA_ROT/motherboard_ver_1/motherboard.vhd Line: 30
Warning (10540): VHDL Signal Declaration warning at motherboard.vhd(30): used explicit default value for signal "HEX3" because signal was never assigned a value File: C:/Bachlor/FPGA_ROT/motherboard_ver_1/motherboard.vhd Line: 30
Warning (10540): VHDL Signal Declaration warning at motherboard.vhd(30): used explicit default value for signal "HEX4" because signal was never assigned a value File: C:/Bachlor/FPGA_ROT/motherboard_ver_1/motherboard.vhd Line: 30
Warning (10540): VHDL Signal Declaration warning at motherboard.vhd(30): used explicit default value for signal "HEX5" because signal was never assigned a value File: C:/Bachlor/FPGA_ROT/motherboard_ver_1/motherboard.vhd Line: 30
Warning (10540): VHDL Signal Declaration warning at motherboard.vhd(30): used explicit default value for signal "HEX6" because signal was never assigned a value File: C:/Bachlor/FPGA_ROT/motherboard_ver_1/motherboard.vhd Line: 30
Warning (10540): VHDL Signal Declaration warning at motherboard.vhd(30): used explicit default value for signal "HEX7" because signal was never assigned a value File: C:/Bachlor/FPGA_ROT/motherboard_ver_1/motherboard.vhd Line: 30
Warning (10541): VHDL Signal Declaration warning at motherboard.vhd(43): used implicit default value for signal "LCD_RS" because signal was never assigned a value or an explicit default value. Use of implicit default value may introduce unintended design optimizations. File: C:/Bachlor/FPGA_ROT/motherboard_ver_1/motherboard.vhd Line: 43
Warning (10541): VHDL Signal Declaration warning at motherboard.vhd(43): used implicit default value for signal "LCD_EN" because signal was never assigned a value or an explicit default value. Use of implicit default value may introduce unintended design optimizations. File: C:/Bachlor/FPGA_ROT/motherboard_ver_1/motherboard.vhd Line: 43
Warning (10541): VHDL Signal Declaration warning at motherboard.vhd(44): used implicit default value for signal "LCD_RW" because signal was never assigned a value or an explicit default value. Use of implicit default value may introduce unintended design optimizations. File: C:/Bachlor/FPGA_ROT/motherboard_ver_1/motherboard.vhd Line: 44
Warning (10492): VHDL Process Statement warning at motherboard.vhd(261): signal "GPIO" is read inside the Process Statement but isn't in the Process Statement's sensitivity list File: C:/Bachlor/FPGA_ROT/motherboard_ver_1/motherboard.vhd Line: 261
Warning (10492): VHDL Process Statement warning at motherboard.vhd(262): signal "KEY" is read inside the Process Statement but isn't in the Process Statement's sensitivity list File: C:/Bachlor/FPGA_ROT/motherboard_ver_1/motherboard.vhd Line: 262
Warning (10492): VHDL Process Statement warning at motherboard.vhd(264): signal "gpio_dff" is read inside the Process Statement but isn't in the Process Statement's sensitivity list File: C:/Bachlor/FPGA_ROT/motherboard_ver_1/motherboard.vhd Line: 264
Warning (10492): VHDL Process Statement warning at motherboard.vhd(265): signal "gpio_dff" is read inside the Process Statement but isn't in the Process Statement's sensitivity list File: C:/Bachlor/FPGA_ROT/motherboard_ver_1/motherboard.vhd Line: 265
Warning (10492): VHDL Process Statement warning at motherboard.vhd(267): signal "gpio_dff" is read inside the Process Statement but isn't in the Process Statement's sensitivity list File: C:/Bachlor/FPGA_ROT/motherboard_ver_1/motherboard.vhd Line: 267
Warning (10492): VHDL Process Statement warning at motherboard.vhd(268): signal "gpio_dff" is read inside the Process Statement but isn't in the Process Statement's sensitivity list File: C:/Bachlor/FPGA_ROT/motherboard_ver_1/motherboard.vhd Line: 268
Warning (10631): VHDL Process Statement warning at motherboard.vhd(259): inferring latch(es) for signal or variable "cpu_data_out", which holds its previous value in one or more paths through the process File: C:/Bachlor/FPGA_ROT/motherboard_ver_1/motherboard.vhd Line: 259
Info (10041): Inferred latch for "cpu_data_out[0]" at motherboard.vhd(259) File: C:/Bachlor/FPGA_ROT/motherboard_ver_1/motherboard.vhd Line: 259
Info (10041): Inferred latch for "cpu_data_out[1]" at motherboard.vhd(259) File: C:/Bachlor/FPGA_ROT/motherboard_ver_1/motherboard.vhd Line: 259
Info (10041): Inferred latch for "cpu_data_out[2]" at motherboard.vhd(259) File: C:/Bachlor/FPGA_ROT/motherboard_ver_1/motherboard.vhd Line: 259
Info (10041): Inferred latch for "cpu_data_out[3]" at motherboard.vhd(259) File: C:/Bachlor/FPGA_ROT/motherboard_ver_1/motherboard.vhd Line: 259
Info (10041): Inferred latch for "cpu_data_out[4]" at motherboard.vhd(259) File: C:/Bachlor/FPGA_ROT/motherboard_ver_1/motherboard.vhd Line: 259
Info (10041): Inferred latch for "cpu_data_out[5]" at motherboard.vhd(259) File: C:/Bachlor/FPGA_ROT/motherboard_ver_1/motherboard.vhd Line: 259
Info (10041): Inferred latch for "cpu_data_out[6]" at motherboard.vhd(259) File: C:/Bachlor/FPGA_ROT/motherboard_ver_1/motherboard.vhd Line: 259
Info (10041): Inferred latch for "cpu_data_out[7]" at motherboard.vhd(259) File: C:/Bachlor/FPGA_ROT/motherboard_ver_1/motherboard.vhd Line: 259
Warning (12125): Using design file memory_support.vhd, which is not specified as a design file for the current project, but contains definitions for 2 design units and 1 entities in project
    Info (12022): Found design unit 1: memory_support-RTL File: C:/Bachlor/FPGA_ROT/motherboard_ver_1/memory_support.vhd Line: 45
    Info (12023): Found entity 1: memory_support File: C:/Bachlor/FPGA_ROT/motherboard_ver_1/memory_support.vhd Line: 5
Info (12128): Elaborating entity "memory_support" for hierarchy "memory_support:memory_support_inst" File: C:/Bachlor/FPGA_ROT/motherboard_ver_1/motherboard.vhd Line: 272
Warning (10541): VHDL Signal Declaration warning at memory_support.vhd(39): used implicit default value for signal "eeprom_adr" because signal was never assigned a value or an explicit default value. Use of implicit default value may introduce unintended design optimizations. File: C:/Bachlor/FPGA_ROT/motherboard_ver_1/memory_support.vhd Line: 39
Warning (10335): Unrecognized synthesis attribute "lpm_hint" at memory.vhd(37) File: C:/Bachlor/FPGA_ROT/motherboard_ver_1/memory.vhd Line: 37
Warning (12125): Using design file memory.vhd, which is not specified as a design file for the current project, but contains definitions for 2 design units and 1 entities in project
    Info (12022): Found design unit 1: memory-RTL File: C:/Bachlor/FPGA_ROT/motherboard_ver_1/memory.vhd Line: 24
    Info (12023): Found entity 1: memory File: C:/Bachlor/FPGA_ROT/motherboard_ver_1/memory.vhd Line: 8
Info (12128): Elaborating entity "memory" for hierarchy "memory:memory_inst" File: C:/Bachlor/FPGA_ROT/motherboard_ver_1/motherboard.vhd Line: 306
Warning (12125): Using design file eeprom_manager.vhd, which is not specified as a design file for the current project, but contains definitions for 2 design units and 1 entities in project
    Info (12022): Found design unit 1: eeprom_manager-RTL File: C:/Bachlor/FPGA_ROT/motherboard_ver_1/eeprom_manager.vhd Line: 22
    Info (12023): Found entity 1: eeprom_manager File: C:/Bachlor/FPGA_ROT/motherboard_ver_1/eeprom_manager.vhd Line: 5
Info (12128): Elaborating entity "eeprom_manager" for hierarchy "eeprom_manager:eeprom_manager_inst" File: C:/Bachlor/FPGA_ROT/motherboard_ver_1/motherboard.vhd Line: 317
Warning (12125): Using design file eeprom_i2c_controller.vhd, which is not specified as a design file for the current project, but contains definitions for 2 design units and 1 entities in project
    Info (12022): Found design unit 1: eeprom_i2c_controller-RTL File: C:/Bachlor/FPGA_ROT/motherboard_ver_1/eeprom_i2c_controller.vhd Line: 35
    Info (12023): Found entity 1: eeprom_i2c_controller File: C:/Bachlor/FPGA_ROT/motherboard_ver_1/eeprom_i2c_controller.vhd Line: 5
Info (12128): Elaborating entity "eeprom_i2c_controller" for hierarchy "eeprom_manager:eeprom_manager_inst|eeprom_i2c_controller:eeprom_i2c_controller_inst" File: C:/Bachlor/FPGA_ROT/motherboard_ver_1/eeprom_manager.vhd Line: 95
Warning (10541): VHDL Signal Declaration warning at eeprom_i2c_controller.vhd(30): used implicit default value for signal "BAUD_RATE" because signal was never assigned a value or an explicit default value. Use of implicit default value may introduce unintended design optimizations. File: C:/Bachlor/FPGA_ROT/motherboard_ver_1/eeprom_i2c_controller.vhd Line: 30
Warning (10540): VHDL Signal Declaration warning at eeprom_i2c_controller.vhd(45): used explicit default value for signal "adr_hh" because signal was never assigned a value File: C:/Bachlor/FPGA_ROT/motherboard_ver_1/eeprom_i2c_controller.vhd Line: 45
Warning (12125): Using design file i2c_master.vhd, which is not specified as a design file for the current project, but contains definitions for 2 design units and 1 entities in project
    Info (12022): Found design unit 1: I2C_MASTER-RTL File: C:/Bachlor/FPGA_ROT/motherboard_ver_1/i2c_master.vhd Line: 32
    Info (12023): Found entity 1: I2C_MASTER File: C:/Bachlor/FPGA_ROT/motherboard_ver_1/i2c_master.vhd Line: 5
Info (12128): Elaborating entity "I2C_MASTER" for hierarchy "eeprom_manager:eeprom_manager_inst|I2C_MASTER:i2c_master_inst" File: C:/Bachlor/FPGA_ROT/motherboard_ver_1/eeprom_manager.vhd Line: 115
Warning (10036): Verilog HDL or VHDL warning at i2c_master.vhd(34): object "SDA_IN" assigned a value but never read File: C:/Bachlor/FPGA_ROT/motherboard_ver_1/i2c_master.vhd Line: 34
Warning (12125): Using design file dff_synk.vhd, which is not specified as a design file for the current project, but contains definitions for 2 design units and 1 entities in project
    Info (12022): Found design unit 1: dff_synk-comp File: C:/Bachlor/FPGA_ROT/motherboard_ver_1/dff_synk.vhd Line: 12
    Info (12023): Found entity 1: dff_synk File: C:/Bachlor/FPGA_ROT/motherboard_ver_1/dff_synk.vhd Line: 5
Info (12128): Elaborating entity "dff_synk" for hierarchy "eeprom_manager:eeprom_manager_inst|I2C_MASTER:i2c_master_inst|dff_synk:c_dff_synk" File: C:/Bachlor/FPGA_ROT/motherboard_ver_1/i2c_master.vhd Line: 328
Warning (12125): Using design file clock_controller.vhd, which is not specified as a design file for the current project, but contains definitions for 2 design units and 1 entities in project
    Info (12022): Found design unit 1: clock_controller-RTL File: C:/Bachlor/FPGA_ROT/motherboard_ver_1/clock_controller.vhd Line: 20
    Info (12023): Found entity 1: clock_controller File: C:/Bachlor/FPGA_ROT/motherboard_ver_1/clock_controller.vhd Line: 5
Info (12128): Elaborating entity "clock_controller" for hierarchy "clock_controller:clock_controller_inst" File: C:/Bachlor/FPGA_ROT/motherboard_ver_1/motherboard.vhd Line: 328
Warning (10540): VHDL Signal Declaration warning at clock_controller.vhd(31): used explicit default value for signal "clock_speed_array" because signal was never assigned a value File: C:/Bachlor/FPGA_ROT/motherboard_ver_1/clock_controller.vhd Line: 31
Warning (10540): VHDL Signal Declaration warning at clock_controller.vhd(49): used explicit default value for signal "duty_cycle_array" because signal was never assigned a value File: C:/Bachlor/FPGA_ROT/motherboard_ver_1/clock_controller.vhd Line: 49
Warning (12125): Using design file antibounce_key.vhd, which is not specified as a design file for the current project, but contains definitions for 2 design units and 1 entities in project
    Info (12022): Found design unit 1: antibounce_key-RTL File: C:/Bachlor/FPGA_ROT/motherboard_ver_1/antibounce_key.vhd Line: 13
    Info (12023): Found entity 1: antibounce_key File: C:/Bachlor/FPGA_ROT/motherboard_ver_1/antibounce_key.vhd Line: 4
Info (12128): Elaborating entity "antibounce_key" for hierarchy "clock_controller:clock_controller_inst|antibounce_key:antibounced_key_inst" File: C:/Bachlor/FPGA_ROT/motherboard_ver_1/clock_controller.vhd Line: 100
Warning (12125): Using design file timer_millis.vhd, which is not specified as a design file for the current project, but contains definitions for 2 design units and 1 entities in project
    Info (12022): Found design unit 1: timer_millis-RTL File: C:/Bachlor/FPGA_ROT/motherboard_ver_1/timer_millis.vhd Line: 17
    Info (12023): Found entity 1: timer_millis File: C:/Bachlor/FPGA_ROT/motherboard_ver_1/timer_millis.vhd Line: 5
Info (12128): Elaborating entity "timer_millis" for hierarchy "timer_millis:timer_millis_inst" File: C:/Bachlor/FPGA_ROT/motherboard_ver_1/motherboard.vhd Line: 338
Warning (10540): VHDL Signal Declaration warning at timer_millis.vhd(19): used explicit default value for signal "counter_limit" because signal was never assigned a value File: C:/Bachlor/FPGA_ROT/motherboard_ver_1/timer_millis.vhd Line: 19
Warning (12125): Using design file random.vhd, which is not specified as a design file for the current project, but contains definitions for 2 design units and 1 entities in project
    Info (12022): Found design unit 1: random-RTL File: C:/Bachlor/FPGA_ROT/motherboard_ver_1/random.vhd Line: 58
    Info (12023): Found entity 1: random File: C:/Bachlor/FPGA_ROT/motherboard_ver_1/random.vhd Line: 50
Info (12128): Elaborating entity "random" for hierarchy "random:random_inst" File: C:/Bachlor/FPGA_ROT/motherboard_ver_1/motherboard.vhd Line: 347
Warning (12125): Using design file ps2_modul.vhd, which is not specified as a design file for the current project, but contains definitions for 2 design units and 1 entities in project
    Info (12022): Found design unit 1: PS2_MODUL-RTL File: C:/Bachlor/FPGA_ROT/motherboard_ver_1/ps2_modul.vhd Line: 26
    Info (12023): Found entity 1: PS2_MODUL File: C:/Bachlor/FPGA_ROT/motherboard_ver_1/ps2_modul.vhd Line: 5
Info (12128): Elaborating entity "PS2_MODUL" for hierarchy "PS2_MODUL:PS2_MODUL_inst" File: C:/Bachlor/FPGA_ROT/motherboard_ver_1/motherboard.vhd Line: 353
Warning (12125): Using design file antibounce.vhd, which is not specified as a design file for the current project, but contains definitions for 2 design units and 1 entities in project
    Info (12022): Found design unit 1: antibounce-RTL File: C:/Bachlor/FPGA_ROT/motherboard_ver_1/antibounce.vhd Line: 13
    Info (12023): Found entity 1: antibounce File: C:/Bachlor/FPGA_ROT/motherboard_ver_1/antibounce.vhd Line: 5
Info (12128): Elaborating entity "antibounce" for hierarchy "PS2_MODUL:PS2_MODUL_inst|antibounce:ps2_clk_antibounce" File: C:/Bachlor/FPGA_ROT/motherboard_ver_1/ps2_modul.vhd Line: 94
Warning (12125): Using design file ps2_raw_data.vhd, which is not specified as a design file for the current project, but contains definitions for 2 design units and 1 entities in project
    Info (12022): Found design unit 1: PS2_RAW_DATA-RTL File: C:/Bachlor/FPGA_ROT/motherboard_ver_1/ps2_raw_data.vhd Line: 27
    Info (12023): Found entity 1: PS2_RAW_DATA File: C:/Bachlor/FPGA_ROT/motherboard_ver_1/ps2_raw_data.vhd Line: 6
Info (12128): Elaborating entity "PS2_RAW_DATA" for hierarchy "PS2_MODUL:PS2_MODUL_inst|PS2_RAW_DATA:PS2_RAW_DATA_inst" File: C:/Bachlor/FPGA_ROT/motherboard_ver_1/ps2_modul.vhd Line: 107
Warning (12125): Using design file falling_edge_detector.vhd, which is not specified as a design file for the current project, but contains definitions for 2 design units and 1 entities in project
    Info (12022): Found design unit 1: falling_edge_detector-RTL File: C:/Bachlor/FPGA_ROT/motherboard_ver_1/falling_edge_detector.vhd Line: 14
    Info (12023): Found entity 1: falling_edge_detector File: C:/Bachlor/FPGA_ROT/motherboard_ver_1/falling_edge_detector.vhd Line: 6
Info (12128): Elaborating entity "falling_edge_detector" for hierarchy "PS2_MODUL:PS2_MODUL_inst|PS2_RAW_DATA:PS2_RAW_DATA_inst|falling_edge_detector:ps2_clk_falling_edge_detector" File: C:/Bachlor/FPGA_ROT/motherboard_ver_1/ps2_raw_data.vhd Line: 177
Warning (12125): Using design file ps2_merge.vhd, which is not specified as a design file for the current project, but contains definitions for 2 design units and 1 entities in project
    Info (12022): Found design unit 1: PS2_MERGE-RTL File: C:/Bachlor/FPGA_ROT/motherboard_ver_1/ps2_merge.vhd Line: 24
    Info (12023): Found entity 1: PS2_MERGE File: C:/Bachlor/FPGA_ROT/motherboard_ver_1/ps2_merge.vhd Line: 5
Info (12128): Elaborating entity "PS2_MERGE" for hierarchy "PS2_MODUL:PS2_MODUL_inst|PS2_MERGE:PS2_MERGE_inst" File: C:/Bachlor/FPGA_ROT/motherboard_ver_1/ps2_modul.vhd Line: 118
Warning (12125): Using design file rising_edge_detector.vhd, which is not specified as a design file for the current project, but contains definitions for 2 design units and 1 entities in project
    Info (12022): Found design unit 1: rising_edge_detector-RTL File: C:/Bachlor/FPGA_ROT/motherboard_ver_1/rising_edge_detector.vhd Line: 14
    Info (12023): Found entity 1: rising_edge_detector File: C:/Bachlor/FPGA_ROT/motherboard_ver_1/rising_edge_detector.vhd Line: 6
Info (12128): Elaborating entity "rising_edge_detector" for hierarchy "PS2_MODUL:PS2_MODUL_inst|PS2_MERGE:PS2_MERGE_inst|rising_edge_detector:new_dat_rising_edge_detector" File: C:/Bachlor/FPGA_ROT/motherboard_ver_1/ps2_merge.vhd Line: 104
Warning (12125): Using design file ps2_to_ascii.vhd, which is not specified as a design file for the current project, but contains definitions for 2 design units and 1 entities in project
    Info (12022): Found design unit 1: PS2_TO_ASCII-RTL File: C:/Bachlor/FPGA_ROT/motherboard_ver_1/ps2_to_ascii.vhd Line: 28
    Info (12023): Found entity 1: PS2_TO_ASCII File: C:/Bachlor/FPGA_ROT/motherboard_ver_1/ps2_to_ascii.vhd Line: 5
Info (12128): Elaborating entity "PS2_TO_ASCII" for hierarchy "PS2_MODUL:PS2_MODUL_inst|PS2_TO_ASCII:PS2_TO_ASCII_inst" File: C:/Bachlor/FPGA_ROT/motherboard_ver_1/ps2_modul.vhd Line: 131
Warning (10036): Verilog HDL or VHDL warning at ps2_to_ascii.vhd(39): object "ctrl" assigned a value but never read File: C:/Bachlor/FPGA_ROT/motherboard_ver_1/ps2_to_ascii.vhd Line: 39
Warning (10036): Verilog HDL or VHDL warning at ps2_to_ascii.vhd(41): object "ctrl_l" assigned a value but never read File: C:/Bachlor/FPGA_ROT/motherboard_ver_1/ps2_to_ascii.vhd Line: 41
Warning (12125): Using design file ps2_ascii_table.vhd, which is not specified as a design file for the current project, but contains definitions for 2 design units and 1 entities in project
    Info (12022): Found design unit 1: PS2_ASCII_TABLE-RTL File: C:/Bachlor/FPGA_ROT/motherboard_ver_1/ps2_ascii_table.vhd Line: 30
    Info (12023): Found entity 1: PS2_ASCII_TABLE File: C:/Bachlor/FPGA_ROT/motherboard_ver_1/ps2_ascii_table.vhd Line: 5
Info (12128): Elaborating entity "PS2_ASCII_TABLE" for hierarchy "PS2_MODUL:PS2_MODUL_inst|PS2_ASCII_TABLE:PS2_ASCII_TABLE_inst" File: C:/Bachlor/FPGA_ROT/motherboard_ver_1/ps2_modul.vhd Line: 144
Warning (12125): Using design file screencard.vhd, which is not specified as a design file for the current project, but contains definitions for 2 design units and 1 entities in project
    Info (12022): Found design unit 1: screencard-RTL File: C:/Bachlor/FPGA_ROT/motherboard_ver_1/screencard.vhd Line: 62
    Info (12023): Found entity 1: screencard File: C:/Bachlor/FPGA_ROT/motherboard_ver_1/screencard.vhd Line: 24
Info (12128): Elaborating entity "screencard" for hierarchy "screencard:screencard_inst" File: C:/Bachlor/FPGA_ROT/motherboard_ver_1/motherboard.vhd Line: 365
Warning (10540): VHDL Signal Declaration warning at screencard.vhd(67): used explicit default value for signal "foreground_color_array" because signal was never assigned a value File: C:/Bachlor/FPGA_ROT/motherboard_ver_1/screencard.vhd Line: 67
Warning (10540): VHDL Signal Declaration warning at screencard.vhd(85): used explicit default value for signal "background_color_array" because signal was never assigned a value File: C:/Bachlor/FPGA_ROT/motherboard_ver_1/screencard.vhd Line: 85
Warning (12125): Using design file vga_adapter.vhd, which is not specified as a design file for the current project, but contains definitions for 2 design units and 1 entities in project
    Info (12022): Found design unit 1: vga_adapter-RTL File: C:/Bachlor/FPGA_ROT/motherboard_ver_1/vga_adapter.vhd Line: 49
    Info (12023): Found entity 1: vga_adapter File: C:/Bachlor/FPGA_ROT/motherboard_ver_1/vga_adapter.vhd Line: 21
Info (12128): Elaborating entity "vga_adapter" for hierarchy "screencard:screencard_inst|vga_adapter:vga_adpater_1" File: C:/Bachlor/FPGA_ROT/motherboard_ver_1/screencard.vhd Line: 251
Warning (12125): Using design file font.vhd, which is not specified as a design file for the current project, but contains definitions for 2 design units and 1 entities in project
    Info (12022): Found design unit 1: font-RTL File: C:/Bachlor/FPGA_ROT/motherboard_ver_1/font.vhd Line: 13
    Info (12023): Found entity 1: font File: C:/Bachlor/FPGA_ROT/motherboard_ver_1/font.vhd Line: 5
Info (12128): Elaborating entity "font" for hierarchy "screencard:screencard_inst|font:font_inst" File: C:/Bachlor/FPGA_ROT/motherboard_ver_1/screencard.vhd Line: 264
Warning (10540): VHDL Signal Declaration warning at font.vhd(15): used explicit default value for signal "font_array" because signal was never assigned a value File: C:/Bachlor/FPGA_ROT/motherboard_ver_1/font.vhd Line: 15
Info (12021): Found 1 design units, including 1 entities, in source file db/altsyncram_eb24.tdf
    Info (12023): Found entity 1: altsyncram_eb24 File: C:/Bachlor/FPGA_ROT/motherboard_ver_1/db/altsyncram_eb24.tdf Line: 28
Info (12021): Found 1 design units, including 1 entities, in source file db/mux_vsc.tdf
    Info (12023): Found entity 1: mux_vsc File: C:/Bachlor/FPGA_ROT/motherboard_ver_1/db/mux_vsc.tdf Line: 23
Info (12021): Found 1 design units, including 1 entities, in source file db/decode_dvf.tdf
    Info (12023): Found entity 1: decode_dvf File: C:/Bachlor/FPGA_ROT/motherboard_ver_1/db/decode_dvf.tdf Line: 23
Info (12021): Found 1 design units, including 1 entities, in source file db/cntr_ggi.tdf
    Info (12023): Found entity 1: cntr_ggi File: C:/Bachlor/FPGA_ROT/motherboard_ver_1/db/cntr_ggi.tdf Line: 28
Info (12021): Found 1 design units, including 1 entities, in source file db/cmpr_sgc.tdf
    Info (12023): Found entity 1: cmpr_sgc File: C:/Bachlor/FPGA_ROT/motherboard_ver_1/db/cmpr_sgc.tdf Line: 23
Info (12021): Found 1 design units, including 1 entities, in source file db/cntr_o9j.tdf
    Info (12023): Found entity 1: cntr_o9j File: C:/Bachlor/FPGA_ROT/motherboard_ver_1/db/cntr_o9j.tdf Line: 26
Info (12021): Found 1 design units, including 1 entities, in source file db/cntr_igi.tdf
    Info (12023): Found entity 1: cntr_igi File: C:/Bachlor/FPGA_ROT/motherboard_ver_1/db/cntr_igi.tdf Line: 28
Info (12021): Found 1 design units, including 1 entities, in source file db/cmpr_rgc.tdf
    Info (12023): Found entity 1: cmpr_rgc File: C:/Bachlor/FPGA_ROT/motherboard_ver_1/db/cmpr_rgc.tdf Line: 23
Info (12021): Found 1 design units, including 1 entities, in source file db/cntr_23j.tdf
    Info (12023): Found entity 1: cntr_23j File: C:/Bachlor/FPGA_ROT/motherboard_ver_1/db/cntr_23j.tdf Line: 28
Info (12021): Found 1 design units, including 1 entities, in source file db/cmpr_ngc.tdf
    Info (12023): Found entity 1: cmpr_ngc File: C:/Bachlor/FPGA_ROT/motherboard_ver_1/db/cmpr_ngc.tdf Line: 23
Info (12033): Analysis and Synthesis generated Signal Tap or debug node instance "auto_signaltap_0"
Info (11170): Starting IP generation for the debug fabric: alt_sld_fab.
Info (11172): 2026.04.24.17:23:06 Progress: Loading sld3c1b59f4/alt_sld_fab_wrapper_hw.tcl
Info (11172): Alt_sld_fab.alt_sld_fab: SLD fabric agents which did not specify prefer_host were connected to JTAG
Info (11172): Alt_sld_fab: Generating alt_sld_fab "alt_sld_fab" for QUARTUS_SYNTH
Info (11172): Alt_sld_fab: "alt_sld_fab" instantiated alt_sld_fab "alt_sld_fab"
Info (11172): Presplit: "alt_sld_fab" instantiated altera_super_splitter "presplit"
Info (11172): Splitter: "alt_sld_fab" instantiated altera_sld_splitter "splitter"
Info (11172): Sldfabric: "alt_sld_fab" instantiated altera_sld_jtag_hub "sldfabric"
Info (11172): Ident: "alt_sld_fab" instantiated altera_connection_identification_hub "ident"
Info (11172): Alt_sld_fab: Done "alt_sld_fab" with 6 modules, 6 files
Info (11171): Finished IP generation for the debug fabric: alt_sld_fab.
Info (12021): Found 1 design units, including 1 entities, in source file db/ip/sld3c1b59f4/alt_sld_fab.v
    Info (12023): Found entity 1: alt_sld_fab File: C:/Bachlor/FPGA_ROT/motherboard_ver_1/db/ip/sld3c1b59f4/alt_sld_fab.v Line: 9
Info (12021): Found 1 design units, including 1 entities, in source file db/ip/sld3c1b59f4/submodules/alt_sld_fab_alt_sld_fab.v
    Info (12023): Found entity 1: alt_sld_fab_alt_sld_fab File: C:/Bachlor/FPGA_ROT/motherboard_ver_1/db/ip/sld3c1b59f4/submodules/alt_sld_fab_alt_sld_fab.v Line: 9
Info (12021): Found 1 design units, including 1 entities, in source file db/ip/sld3c1b59f4/submodules/alt_sld_fab_alt_sld_fab_ident.sv
    Info (12023): Found entity 1: alt_sld_fab_alt_sld_fab_ident File: C:/Bachlor/FPGA_ROT/motherboard_ver_1/db/ip/sld3c1b59f4/submodules/alt_sld_fab_alt_sld_fab_ident.sv Line: 33
Info (12021): Found 1 design units, including 1 entities, in source file db/ip/sld3c1b59f4/submodules/alt_sld_fab_alt_sld_fab_presplit.sv
    Info (12023): Found entity 1: alt_sld_fab_alt_sld_fab_presplit File: C:/Bachlor/FPGA_ROT/motherboard_ver_1/db/ip/sld3c1b59f4/submodules/alt_sld_fab_alt_sld_fab_presplit.sv Line: 3
Info (12021): Found 2 design units, including 1 entities, in source file db/ip/sld3c1b59f4/submodules/alt_sld_fab_alt_sld_fab_sldfabric.vhd
    Info (12022): Found design unit 1: alt_sld_fab_alt_sld_fab_sldfabric-rtl File: C:/Bachlor/FPGA_ROT/motherboard_ver_1/db/ip/sld3c1b59f4/submodules/alt_sld_fab_alt_sld_fab_sldfabric.vhd Line: 102
    Info (12023): Found entity 1: alt_sld_fab_alt_sld_fab_sldfabric File: C:/Bachlor/FPGA_ROT/motherboard_ver_1/db/ip/sld3c1b59f4/submodules/alt_sld_fab_alt_sld_fab_sldfabric.vhd Line: 11
Info (12021): Found 1 design units, including 1 entities, in source file db/ip/sld3c1b59f4/submodules/alt_sld_fab_alt_sld_fab_splitter.sv
    Info (12023): Found entity 1: alt_sld_fab_alt_sld_fab_splitter File: C:/Bachlor/FPGA_ROT/motherboard_ver_1/db/ip/sld3c1b59f4/submodules/alt_sld_fab_alt_sld_fab_splitter.sv Line: 3
Info (19000): Inferred 1 megafunctions from design logic
    Info (276029): Inferred altsyncram megafunction from the following design logic: "memory:memory_inst|mem_rtl_0" 
        Info (286033): Parameter OPERATION_MODE set to BIDIR_DUAL_PORT
        Info (286033): Parameter WIDTH_A set to 8
        Info (286033): Parameter WIDTH_B set to 8
        Info (286033): Parameter WIDTHAD_A set to 16
        Info (286033): Parameter WIDTHAD_B set to 16
        Info (286033): Parameter NUMWORDS_A set to 65536
        Info (286033): Parameter NUMWORDS_B set to 65536
        Info (286033): Parameter OUTDATA_REG_A set to UNREGISTERED
        Info (286033): Parameter OUTDATA_REG_B set to UNREGISTERED
        Info (286033): Parameter ADDRESS_REG_B set to CLOCK1
        Info (286033): Parameter INDATA_REG_B set to CLOCK1
        Info (286033): Parameter WRCONTROL_WRADDRESS_REG_B set to CLOCK1
        Info (286033): Parameter INDATA_ACLR_A set to NONE
        Info (286033): Parameter WRCONTROL_ACLR_A set to NONE
        Info (286033): Parameter ADDRESS_ACLR_A set to NONE
        Info (286033): Parameter ADDRESS_ACLR_B set to NONE
        Info (286033): Parameter OUTDATA_ACLR_B set to NONE
        Info (286033): Parameter RAM_BLOCK_TYPE set to M9K
        Info (286033): Parameter INIT_FILE set to memory.hex
Info (278001): Inferred 3 megafunctions from design logic
    Info (278004): Inferred divider/modulo megafunction ("lpm_divide") from the following logic: "screencard:screencard_inst|Div0" File: C:/Bachlor/FPGA_ROT/motherboard_ver_1/screencard.vhd Line: 161
    Info (278004): Inferred divider/modulo megafunction ("lpm_divide") from the following logic: "clock_controller:clock_controller_inst|Div0" File: C:/Bachlor/FPGA_ROT/motherboard_ver_1/clock_controller.vhd Line: 84
    Info (278003): Inferred multiplier megafunction ("lpm_mult") from the following logic: "clock_controller:clock_controller_inst|Mult0" File: C:/Bachlor/FPGA_ROT/motherboard_ver_1/clock_controller.vhd Line: 84
Info (12130): Elaborated megafunction instantiation "memory:memory_inst|altsyncram:mem_rtl_0"
Info (12133): Instantiated megafunction "memory:memory_inst|altsyncram:mem_rtl_0" with the following parameter:
    Info (12134): Parameter "OPERATION_MODE" = "BIDIR_DUAL_PORT"
    Info (12134): Parameter "WIDTH_A" = "8"
    Info (12134): Parameter "WIDTH_B" = "8"
    Info (12134): Parameter "WIDTHAD_A" = "16"
    Info (12134): Parameter "WIDTHAD_B" = "16"
    Info (12134): Parameter "NUMWORDS_A" = "65536"
    Info (12134): Parameter "NUMWORDS_B" = "65536"
    Info (12134): Parameter "OUTDATA_REG_A" = "UNREGISTERED"
    Info (12134): Parameter "OUTDATA_REG_B" = "UNREGISTERED"
    Info (12134): Parameter "ADDRESS_REG_B" = "CLOCK1"
    Info (12134): Parameter "INDATA_REG_B" = "CLOCK1"
    Info (12134): Parameter "WRCONTROL_WRADDRESS_REG_B" = "CLOCK1"
    Info (12134): Parameter "INDATA_ACLR_A" = "NONE"
    Info (12134): Parameter "WRCONTROL_ACLR_A" = "NONE"
    Info (12134): Parameter "ADDRESS_ACLR_A" = "NONE"
    Info (12134): Parameter "ADDRESS_ACLR_B" = "NONE"
    Info (12134): Parameter "OUTDATA_ACLR_B" = "NONE"
    Info (12134): Parameter "RAM_BLOCK_TYPE" = "M9K"
    Info (12134): Parameter "INIT_FILE" = "memory.hex"
Info (12021): Found 1 design units, including 1 entities, in source file db/altsyncram_qqq1.tdf
    Info (12023): Found entity 1: altsyncram_qqq1 File: C:/Bachlor/FPGA_ROT/motherboard_ver_1/db/altsyncram_qqq1.tdf Line: 34
Warning (113015): Width of data items in "memory.hex" is greater than the memory width. Wrapping data items to subsequent addresses. Found 4096 warnings, reporting 10 File: C:/Bachlor/FPGA_ROT/motherboard_ver_1/memory.hex Line: 1
    Warning (113009): Data at line (1) of memory initialization file "memory.hex" is too wide to fit in one memory word. Wrapping data to subsequent addresses. File: C:/Bachlor/FPGA_ROT/motherboard_ver_1/memory.hex Line: 1
    Warning (113009): Data at line (2) of memory initialization file "memory.hex" is too wide to fit in one memory word. Wrapping data to subsequent addresses. File: C:/Bachlor/FPGA_ROT/motherboard_ver_1/memory.hex Line: 2
    Warning (113009): Data at line (3) of memory initialization file "memory.hex" is too wide to fit in one memory word. Wrapping data to subsequent addresses. File: C:/Bachlor/FPGA_ROT/motherboard_ver_1/memory.hex Line: 3
    Warning (113009): Data at line (4) of memory initialization file "memory.hex" is too wide to fit in one memory word. Wrapping data to subsequent addresses. File: C:/Bachlor/FPGA_ROT/motherboard_ver_1/memory.hex Line: 4
    Warning (113009): Data at line (5) of memory initialization file "memory.hex" is too wide to fit in one memory word. Wrapping data to subsequent addresses. File: C:/Bachlor/FPGA_ROT/motherboard_ver_1/memory.hex Line: 5
    Warning (113009): Data at line (6) of memory initialization file "memory.hex" is too wide to fit in one memory word. Wrapping data to subsequent addresses. File: C:/Bachlor/FPGA_ROT/motherboard_ver_1/memory.hex Line: 6
    Warning (113009): Data at line (7) of memory initialization file "memory.hex" is too wide to fit in one memory word. Wrapping data to subsequent addresses. File: C:/Bachlor/FPGA_ROT/motherboard_ver_1/memory.hex Line: 7
    Warning (113009): Data at line (8) of memory initialization file "memory.hex" is too wide to fit in one memory word. Wrapping data to subsequent addresses. File: C:/Bachlor/FPGA_ROT/motherboard_ver_1/memory.hex Line: 8
    Warning (113009): Data at line (9) of memory initialization file "memory.hex" is too wide to fit in one memory word. Wrapping data to subsequent addresses. File: C:/Bachlor/FPGA_ROT/motherboard_ver_1/memory.hex Line: 9
    Warning (113009): Data at line (10) of memory initialization file "memory.hex" is too wide to fit in one memory word. Wrapping data to subsequent addresses. File: C:/Bachlor/FPGA_ROT/motherboard_ver_1/memory.hex Line: 10
Info (12021): Found 1 design units, including 1 entities, in source file db/decode_rsa.tdf
    Info (12023): Found entity 1: decode_rsa File: C:/Bachlor/FPGA_ROT/motherboard_ver_1/db/decode_rsa.tdf Line: 23
Info (12021): Found 1 design units, including 1 entities, in source file db/decode_k8a.tdf
    Info (12023): Found entity 1: decode_k8a File: C:/Bachlor/FPGA_ROT/motherboard_ver_1/db/decode_k8a.tdf Line: 23
Info (12021): Found 1 design units, including 1 entities, in source file db/mux_bnb.tdf
    Info (12023): Found entity 1: mux_bnb File: C:/Bachlor/FPGA_ROT/motherboard_ver_1/db/mux_bnb.tdf Line: 23
Info (12130): Elaborated megafunction instantiation "screencard:screencard_inst|lpm_divide:Div0" File: C:/Bachlor/FPGA_ROT/motherboard_ver_1/screencard.vhd Line: 161
Info (12133): Instantiated megafunction "screencard:screencard_inst|lpm_divide:Div0" with the following parameter: File: C:/Bachlor/FPGA_ROT/motherboard_ver_1/screencard.vhd Line: 161
    Info (12134): Parameter "LPM_WIDTHN" = "7"
    Info (12134): Parameter "LPM_WIDTHD" = "6"
    Info (12134): Parameter "LPM_NREPRESENTATION" = "UNSIGNED"
    Info (12134): Parameter "LPM_DREPRESENTATION" = "UNSIGNED"
Info (12021): Found 1 design units, including 1 entities, in source file db/lpm_divide_khm.tdf
    Info (12023): Found entity 1: lpm_divide_khm File: C:/Bachlor/FPGA_ROT/motherboard_ver_1/db/lpm_divide_khm.tdf Line: 25
Info (12021): Found 1 design units, including 1 entities, in source file db/sign_div_unsign_ckh.tdf
    Info (12023): Found entity 1: sign_div_unsign_ckh File: C:/Bachlor/FPGA_ROT/motherboard_ver_1/db/sign_div_unsign_ckh.tdf Line: 25
Info (12021): Found 1 design units, including 1 entities, in source file db/alt_u_div_c4f.tdf
    Info (12023): Found entity 1: alt_u_div_c4f File: C:/Bachlor/FPGA_ROT/motherboard_ver_1/db/alt_u_div_c4f.tdf Line: 27
Info (12021): Found 1 design units, including 1 entities, in source file db/add_sub_7pc.tdf
    Info (12023): Found entity 1: add_sub_7pc File: C:/Bachlor/FPGA_ROT/motherboard_ver_1/db/add_sub_7pc.tdf Line: 23
Info (12021): Found 1 design units, including 1 entities, in source file db/add_sub_8pc.tdf
    Info (12023): Found entity 1: add_sub_8pc File: C:/Bachlor/FPGA_ROT/motherboard_ver_1/db/add_sub_8pc.tdf Line: 23
Info (12130): Elaborated megafunction instantiation "clock_controller:clock_controller_inst|lpm_divide:Div0" File: C:/Bachlor/FPGA_ROT/motherboard_ver_1/clock_controller.vhd Line: 84
Info (12133): Instantiated megafunction "clock_controller:clock_controller_inst|lpm_divide:Div0" with the following parameter: File: C:/Bachlor/FPGA_ROT/motherboard_ver_1/clock_controller.vhd Line: 84
    Info (12134): Parameter "LPM_WIDTHN" = "26"
    Info (12134): Parameter "LPM_WIDTHD" = "7"
    Info (12134): Parameter "LPM_NREPRESENTATION" = "UNSIGNED"
    Info (12134): Parameter "LPM_DREPRESENTATION" = "UNSIGNED"
Info (12021): Found 1 design units, including 1 entities, in source file db/lpm_divide_6jm.tdf
    Info (12023): Found entity 1: lpm_divide_6jm File: C:/Bachlor/FPGA_ROT/motherboard_ver_1/db/lpm_divide_6jm.tdf Line: 25
Info (12021): Found 1 design units, including 1 entities, in source file db/sign_div_unsign_ulh.tdf
    Info (12023): Found entity 1: sign_div_unsign_ulh File: C:/Bachlor/FPGA_ROT/motherboard_ver_1/db/sign_div_unsign_ulh.tdf Line: 25
Info (12021): Found 1 design units, including 1 entities, in source file db/alt_u_div_g7f.tdf
    Info (12023): Found entity 1: alt_u_div_g7f File: C:/Bachlor/FPGA_ROT/motherboard_ver_1/db/alt_u_div_g7f.tdf Line: 27
Info (12130): Elaborated megafunction instantiation "clock_controller:clock_controller_inst|lpm_mult:Mult0" File: C:/Bachlor/FPGA_ROT/motherboard_ver_1/clock_controller.vhd Line: 84
Info (12133): Instantiated megafunction "clock_controller:clock_controller_inst|lpm_mult:Mult0" with the following parameter: File: C:/Bachlor/FPGA_ROT/motherboard_ver_1/clock_controller.vhd Line: 84
    Info (12134): Parameter "LPM_WIDTHA" = "7"
    Info (12134): Parameter "LPM_WIDTHB" = "26"
    Info (12134): Parameter "LPM_WIDTHP" = "33"
    Info (12134): Parameter "LPM_WIDTHR" = "33"
    Info (12134): Parameter "LPM_WIDTHS" = "1"
    Info (12134): Parameter "LPM_REPRESENTATION" = "UNSIGNED"
    Info (12134): Parameter "INPUT_A_IS_CONSTANT" = "NO"
    Info (12134): Parameter "INPUT_B_IS_CONSTANT" = "NO"
    Info (12134): Parameter "MAXIMIZE_SPEED" = "5"
Info (12021): Found 1 design units, including 1 entities, in source file db/mult_obt.tdf
    Info (12023): Found entity 1: mult_obt File: C:/Bachlor/FPGA_ROT/motherboard_ver_1/db/mult_obt.tdf Line: 31
Warning (12241): 1 hierarchies have connectivity warnings - see the Connectivity Checks report folder
Info (13014): Ignored 21 buffer(s)
    Info (13019): Ignored 21 SOFT buffer(s)
Warning (13034): The following nodes have both tri-state and non-tri-state drivers
    Warning (13035): Inserted always-enabled tri-state buffer between "GPIO[9]" and its non-tri-state driver. File: C:/Bachlor/FPGA_ROT/motherboard_ver_1/motherboard.vhd Line: 21
    Warning (13035): Inserted always-enabled tri-state buffer between "GPIO[6]" and its non-tri-state driver. File: C:/Bachlor/FPGA_ROT/motherboard_ver_1/motherboard.vhd Line: 21
Warning (13039): The following bidirectional pins have no drivers
    Warning (13040): bidirectional pin "GPIO[35]" has no driver File: C:/Bachlor/FPGA_ROT/motherboard_ver_1/motherboard.vhd Line: 21
    Warning (13040): bidirectional pin "GPIO[34]" has no driver File: C:/Bachlor/FPGA_ROT/motherboard_ver_1/motherboard.vhd Line: 21
    Warning (13040): bidirectional pin "GPIO[7]" has no driver File: C:/Bachlor/FPGA_ROT/motherboard_ver_1/motherboard.vhd Line: 21
    Warning (13040): bidirectional pin "GPIO[5]" has no driver File: C:/Bachlor/FPGA_ROT/motherboard_ver_1/motherboard.vhd Line: 21
    Warning (13040): bidirectional pin "GPIO[4]" has no driver File: C:/Bachlor/FPGA_ROT/motherboard_ver_1/motherboard.vhd Line: 21
    Warning (13040): bidirectional pin "GPIO[3]" has no driver File: C:/Bachlor/FPGA_ROT/motherboard_ver_1/motherboard.vhd Line: 21
    Warning (13040): bidirectional pin "GPIO[2]" has no driver File: C:/Bachlor/FPGA_ROT/motherboard_ver_1/motherboard.vhd Line: 21
    Warning (13040): bidirectional pin "GPIO[1]" has no driver File: C:/Bachlor/FPGA_ROT/motherboard_ver_1/motherboard.vhd Line: 21
    Warning (13040): bidirectional pin "GPIO[0]" has no driver File: C:/Bachlor/FPGA_ROT/motherboard_ver_1/motherboard.vhd Line: 21
    Warning (13040): bidirectional pin "LCD_DATA[0]" has no driver File: C:/Bachlor/FPGA_ROT/motherboard_ver_1/motherboard.vhd Line: 45
    Warning (13040): bidirectional pin "LCD_DATA[1]" has no driver File: C:/Bachlor/FPGA_ROT/motherboard_ver_1/motherboard.vhd Line: 45
    Warning (13040): bidirectional pin "LCD_DATA[2]" has no driver File: C:/Bachlor/FPGA_ROT/motherboard_ver_1/motherboard.vhd Line: 45
    Warning (13040): bidirectional pin "LCD_DATA[3]" has no driver File: C:/Bachlor/FPGA_ROT/motherboard_ver_1/motherboard.vhd Line: 45
    Warning (13040): bidirectional pin "LCD_DATA[4]" has no driver File: C:/Bachlor/FPGA_ROT/motherboard_ver_1/motherboard.vhd Line: 45
    Warning (13040): bidirectional pin "LCD_DATA[5]" has no driver File: C:/Bachlor/FPGA_ROT/motherboard_ver_1/motherboard.vhd Line: 45
    Warning (13040): bidirectional pin "LCD_DATA[6]" has no driver File: C:/Bachlor/FPGA_ROT/motherboard_ver_1/motherboard.vhd Line: 45
    Warning (13040): bidirectional pin "LCD_DATA[7]" has no driver File: C:/Bachlor/FPGA_ROT/motherboard_ver_1/motherboard.vhd Line: 45
Warning (13009): TRI or OPNDRN buffers permanently enabled
    Warning (13010): Node "GPIO[9]~synth" File: C:/Bachlor/FPGA_ROT/motherboard_ver_1/motherboard.vhd Line: 21
    Warning (13010): Node "GPIO[6]~synth" File: C:/Bachlor/FPGA_ROT/motherboard_ver_1/motherboard.vhd Line: 21
Warning (13024): Output pins are stuck at VCC or GND
    Warning (13410): Pin "HEX0[0]" is stuck at GND File: C:/Bachlor/FPGA_ROT/motherboard_ver_1/motherboard.vhd Line: 30
    Warning (13410): Pin "HEX0[1]" is stuck at GND File: C:/Bachlor/FPGA_ROT/motherboard_ver_1/motherboard.vhd Line: 30
    Warning (13410): Pin "HEX0[2]" is stuck at GND File: C:/Bachlor/FPGA_ROT/motherboard_ver_1/motherboard.vhd Line: 30
    Warning (13410): Pin "HEX0[3]" is stuck at GND File: C:/Bachlor/FPGA_ROT/motherboard_ver_1/motherboard.vhd Line: 30
    Warning (13410): Pin "HEX0[4]" is stuck at GND File: C:/Bachlor/FPGA_ROT/motherboard_ver_1/motherboard.vhd Line: 30
    Warning (13410): Pin "HEX0[5]" is stuck at GND File: C:/Bachlor/FPGA_ROT/motherboard_ver_1/motherboard.vhd Line: 30
    Warning (13410): Pin "HEX0[6]" is stuck at GND File: C:/Bachlor/FPGA_ROT/motherboard_ver_1/motherboard.vhd Line: 30
    Warning (13410): Pin "HEX1[0]" is stuck at GND File: C:/Bachlor/FPGA_ROT/motherboard_ver_1/motherboard.vhd Line: 30
    Warning (13410): Pin "HEX1[1]" is stuck at GND File: C:/Bachlor/FPGA_ROT/motherboard_ver_1/motherboard.vhd Line: 30
    Warning (13410): Pin "HEX1[2]" is stuck at GND File: C:/Bachlor/FPGA_ROT/motherboard_ver_1/motherboard.vhd Line: 30
    Warning (13410): Pin "HEX1[3]" is stuck at GND File: C:/Bachlor/FPGA_ROT/motherboard_ver_1/motherboard.vhd Line: 30
    Warning (13410): Pin "HEX1[4]" is stuck at GND File: C:/Bachlor/FPGA_ROT/motherboard_ver_1/motherboard.vhd Line: 30
    Warning (13410): Pin "HEX1[5]" is stuck at GND File: C:/Bachlor/FPGA_ROT/motherboard_ver_1/motherboard.vhd Line: 30
    Warning (13410): Pin "HEX1[6]" is stuck at GND File: C:/Bachlor/FPGA_ROT/motherboard_ver_1/motherboard.vhd Line: 30
    Warning (13410): Pin "HEX2[0]" is stuck at GND File: C:/Bachlor/FPGA_ROT/motherboard_ver_1/motherboard.vhd Line: 30
    Warning (13410): Pin "HEX2[1]" is stuck at GND File: C:/Bachlor/FPGA_ROT/motherboard_ver_1/motherboard.vhd Line: 30
    Warning (13410): Pin "HEX2[2]" is stuck at GND File: C:/Bachlor/FPGA_ROT/motherboard_ver_1/motherboard.vhd Line: 30
    Warning (13410): Pin "HEX2[3]" is stuck at GND File: C:/Bachlor/FPGA_ROT/motherboard_ver_1/motherboard.vhd Line: 30
    Warning (13410): Pin "HEX2[4]" is stuck at GND File: C:/Bachlor/FPGA_ROT/motherboard_ver_1/motherboard.vhd Line: 30
    Warning (13410): Pin "HEX2[5]" is stuck at GND File: C:/Bachlor/FPGA_ROT/motherboard_ver_1/motherboard.vhd Line: 30
    Warning (13410): Pin "HEX2[6]" is stuck at GND File: C:/Bachlor/FPGA_ROT/motherboard_ver_1/motherboard.vhd Line: 30
    Warning (13410): Pin "HEX3[0]" is stuck at GND File: C:/Bachlor/FPGA_ROT/motherboard_ver_1/motherboard.vhd Line: 30
    Warning (13410): Pin "HEX3[1]" is stuck at GND File: C:/Bachlor/FPGA_ROT/motherboard_ver_1/motherboard.vhd Line: 30
    Warning (13410): Pin "HEX3[2]" is stuck at GND File: C:/Bachlor/FPGA_ROT/motherboard_ver_1/motherboard.vhd Line: 30
    Warning (13410): Pin "HEX3[3]" is stuck at GND File: C:/Bachlor/FPGA_ROT/motherboard_ver_1/motherboard.vhd Line: 30
    Warning (13410): Pin "HEX3[4]" is stuck at GND File: C:/Bachlor/FPGA_ROT/motherboard_ver_1/motherboard.vhd Line: 30
    Warning (13410): Pin "HEX3[5]" is stuck at GND File: C:/Bachlor/FPGA_ROT/motherboard_ver_1/motherboard.vhd Line: 30
    Warning (13410): Pin "HEX3[6]" is stuck at GND File: C:/Bachlor/FPGA_ROT/motherboard_ver_1/motherboard.vhd Line: 30
    Warning (13410): Pin "HEX4[0]" is stuck at GND File: C:/Bachlor/FPGA_ROT/motherboard_ver_1/motherboard.vhd Line: 31
    Warning (13410): Pin "HEX4[1]" is stuck at GND File: C:/Bachlor/FPGA_ROT/motherboard_ver_1/motherboard.vhd Line: 31
    Warning (13410): Pin "HEX4[2]" is stuck at GND File: C:/Bachlor/FPGA_ROT/motherboard_ver_1/motherboard.vhd Line: 31
    Warning (13410): Pin "HEX4[3]" is stuck at GND File: C:/Bachlor/FPGA_ROT/motherboard_ver_1/motherboard.vhd Line: 31
    Warning (13410): Pin "HEX4[4]" is stuck at GND File: C:/Bachlor/FPGA_ROT/motherboard_ver_1/motherboard.vhd Line: 31
    Warning (13410): Pin "HEX4[5]" is stuck at GND File: C:/Bachlor/FPGA_ROT/motherboard_ver_1/motherboard.vhd Line: 31
    Warning (13410): Pin "HEX4[6]" is stuck at GND File: C:/Bachlor/FPGA_ROT/motherboard_ver_1/motherboard.vhd Line: 31
    Warning (13410): Pin "HEX5[0]" is stuck at GND File: C:/Bachlor/FPGA_ROT/motherboard_ver_1/motherboard.vhd Line: 31
    Warning (13410): Pin "HEX5[1]" is stuck at GND File: C:/Bachlor/FPGA_ROT/motherboard_ver_1/motherboard.vhd Line: 31
    Warning (13410): Pin "HEX5[2]" is stuck at GND File: C:/Bachlor/FPGA_ROT/motherboard_ver_1/motherboard.vhd Line: 31
    Warning (13410): Pin "HEX5[3]" is stuck at GND File: C:/Bachlor/FPGA_ROT/motherboard_ver_1/motherboard.vhd Line: 31
    Warning (13410): Pin "HEX5[4]" is stuck at GND File: C:/Bachlor/FPGA_ROT/motherboard_ver_1/motherboard.vhd Line: 31
    Warning (13410): Pin "HEX5[5]" is stuck at GND File: C:/Bachlor/FPGA_ROT/motherboard_ver_1/motherboard.vhd Line: 31
    Warning (13410): Pin "HEX5[6]" is stuck at GND File: C:/Bachlor/FPGA_ROT/motherboard_ver_1/motherboard.vhd Line: 31
    Warning (13410): Pin "HEX6[0]" is stuck at GND File: C:/Bachlor/FPGA_ROT/motherboard_ver_1/motherboard.vhd Line: 31
    Warning (13410): Pin "HEX6[1]" is stuck at GND File: C:/Bachlor/FPGA_ROT/motherboard_ver_1/motherboard.vhd Line: 31
    Warning (13410): Pin "HEX6[2]" is stuck at GND File: C:/Bachlor/FPGA_ROT/motherboard_ver_1/motherboard.vhd Line: 31
    Warning (13410): Pin "HEX6[3]" is stuck at GND File: C:/Bachlor/FPGA_ROT/motherboard_ver_1/motherboard.vhd Line: 31
    Warning (13410): Pin "HEX6[4]" is stuck at GND File: C:/Bachlor/FPGA_ROT/motherboard_ver_1/motherboard.vhd Line: 31
    Warning (13410): Pin "HEX6[5]" is stuck at GND File: C:/Bachlor/FPGA_ROT/motherboard_ver_1/motherboard.vhd Line: 31
    Warning (13410): Pin "HEX6[6]" is stuck at GND File: C:/Bachlor/FPGA_ROT/motherboard_ver_1/motherboard.vhd Line: 31
    Warning (13410): Pin "HEX7[0]" is stuck at GND File: C:/Bachlor/FPGA_ROT/motherboard_ver_1/motherboard.vhd Line: 31
    Warning (13410): Pin "HEX7[1]" is stuck at GND File: C:/Bachlor/FPGA_ROT/motherboard_ver_1/motherboard.vhd Line: 31
    Warning (13410): Pin "HEX7[2]" is stuck at GND File: C:/Bachlor/FPGA_ROT/motherboard_ver_1/motherboard.vhd Line: 31
    Warning (13410): Pin "HEX7[3]" is stuck at GND File: C:/Bachlor/FPGA_ROT/motherboard_ver_1/motherboard.vhd Line: 31
    Warning (13410): Pin "HEX7[4]" is stuck at GND File: C:/Bachlor/FPGA_ROT/motherboard_ver_1/motherboard.vhd Line: 31
    Warning (13410): Pin "HEX7[5]" is stuck at GND File: C:/Bachlor/FPGA_ROT/motherboard_ver_1/motherboard.vhd Line: 31
    Warning (13410): Pin "HEX7[6]" is stuck at GND File: C:/Bachlor/FPGA_ROT/motherboard_ver_1/motherboard.vhd Line: 31
    Warning (13410): Pin "VGA_BLANK_N" is stuck at VCC File: C:/Bachlor/FPGA_ROT/motherboard_ver_1/motherboard.vhd Line: 35
    Warning (13410): Pin "VGA_SYNC_N" is stuck at GND File: C:/Bachlor/FPGA_ROT/motherboard_ver_1/motherboard.vhd Line: 36
    Warning (13410): Pin "LCD_RS" is stuck at GND File: C:/Bachlor/FPGA_ROT/motherboard_ver_1/motherboard.vhd Line: 43
    Warning (13410): Pin "LCD_EN" is stuck at GND File: C:/Bachlor/FPGA_ROT/motherboard_ver_1/motherboard.vhd Line: 43
    Warning (13410): Pin "LCD_RW" is stuck at GND File: C:/Bachlor/FPGA_ROT/motherboard_ver_1/motherboard.vhd Line: 44
Info (286031): Timing-Driven Synthesis is running on partition "Top"
Info (17049): 2145 registers lost all their fanouts during netlist optimizations.
Info (17016): Found the following redundant logic cells in design
    Info (17048): Logic cell "clock_controller:clock_controller_inst|lpm_divide:Div0|lpm_divide_6jm:auto_generated|sign_div_unsign_ulh:divider|alt_u_div_g7f:divider|add_sub_15_result_int[0]~16" File: C:/Bachlor/FPGA_ROT/motherboard_ver_1/db/alt_u_div_g7f.tdf Line: 62
    Info (17048): Logic cell "clock_controller:clock_controller_inst|lpm_divide:Div0|lpm_divide_6jm:auto_generated|sign_div_unsign_ulh:divider|alt_u_div_g7f:divider|add_sub_18_result_int[0]~16" File: C:/Bachlor/FPGA_ROT/motherboard_ver_1/db/alt_u_div_g7f.tdf Line: 77
    Info (17048): Logic cell "clock_controller:clock_controller_inst|lpm_divide:Div0|lpm_divide_6jm:auto_generated|sign_div_unsign_ulh:divider|alt_u_div_g7f:divider|add_sub_20_result_int[0]~16" File: C:/Bachlor/FPGA_ROT/motherboard_ver_1/db/alt_u_div_g7f.tdf Line: 92
    Info (17048): Logic cell "clock_controller:clock_controller_inst|lpm_divide:Div0|lpm_divide_6jm:auto_generated|sign_div_unsign_ulh:divider|alt_u_div_g7f:divider|add_sub_21_result_int[0]~16" File: C:/Bachlor/FPGA_ROT/motherboard_ver_1/db/alt_u_div_g7f.tdf Line: 97
Info (35024): Successfully connected in-system debug instance "auto_signaltap_0" to all 153 required data inputs, trigger inputs, acquisition clocks, and dynamic pins
Info (16010): Generating hard_block partition "hard_block:auto_generated_inst"
    Info (16011): Adding 0 node(s), including 0 DDIO, 0 PLL, 0 transceiver and 0 LCELL
Warning (21074): Design contains 13 input pin(s) that do not drive logic
    Warning (15610): No output dependent on input pin "KEY[1]" File: C:/Bachlor/FPGA_ROT/motherboard_ver_1/motherboard.vhd Line: 18
    Warning (15610): No output dependent on input pin "KEY[2]" File: C:/Bachlor/FPGA_ROT/motherboard_ver_1/motherboard.vhd Line: 18
    Warning (15610): No output dependent on input pin "SW[9]" File: C:/Bachlor/FPGA_ROT/motherboard_ver_1/motherboard.vhd Line: 19
    Warning (15610): No output dependent on input pin "SW[10]" File: C:/Bachlor/FPGA_ROT/motherboard_ver_1/motherboard.vhd Line: 19
    Warning (15610): No output dependent on input pin "SW[11]" File: C:/Bachlor/FPGA_ROT/motherboard_ver_1/motherboard.vhd Line: 19
    Warning (15610): No output dependent on input pin "SW[12]" File: C:/Bachlor/FPGA_ROT/motherboard_ver_1/motherboard.vhd Line: 19
    Warning (15610): No output dependent on input pin "SW[13]" File: C:/Bachlor/FPGA_ROT/motherboard_ver_1/motherboard.vhd Line: 19
    Warning (15610): No output dependent on input pin "SW[14]" File: C:/Bachlor/FPGA_ROT/motherboard_ver_1/motherboard.vhd Line: 19
    Warning (15610): No output dependent on input pin "SW[15]" File: C:/Bachlor/FPGA_ROT/motherboard_ver_1/motherboard.vhd Line: 19
    Warning (15610): No output dependent on input pin "SW[16]" File: C:/Bachlor/FPGA_ROT/motherboard_ver_1/motherboard.vhd Line: 19
    Warning (15610): No output dependent on input pin "SW[17]" File: C:/Bachlor/FPGA_ROT/motherboard_ver_1/motherboard.vhd Line: 19
    Warning (15610): No output dependent on input pin "PS2_DAT" File: C:/Bachlor/FPGA_ROT/motherboard_ver_1/motherboard.vhd Line: 28
    Warning (15610): No output dependent on input pin "PS2_CLK" File: C:/Bachlor/FPGA_ROT/motherboard_ver_1/motherboard.vhd Line: 27
Info (21057): Implemented 4871 device resources after synthesis - the final resource count might be different
    Info (21058): Implemented 29 input pins
    Info (21059): Implemented 90 output pins
    Info (21060): Implemented 45 bidirectional pins
    Info (21061): Implemented 4579 logic cells
    Info (21064): Implemented 124 RAM segments
    Info (21062): Implemented 3 DSP elements
Info: Quartus Prime Analysis & Synthesis was successful. 0 errors, 166 warnings
    Info: Peak virtual memory: 5029 megabytes
    Info: Processing ended: Fri Apr 24 17:23:21 2026
    Info: Elapsed time: 00:00:25
    Info: Total CPU time (on all processors): 00:00:40


